{"stats":{"minecraft:picked_up":{"minecraft:torch":3,"minecraft:cactus":33,"minecraft:egg":7},"minecraft:custom":{"minecraft:time_since_rest":157157,"minecraft:sprint_one_cm":66239,"minecraft:walk_one_cm":86642,"minecraft:damage_dealt":80,"minecraft:fly_one_cm":828295,"minecraft:open_chest":1,"minecraft:play_one_minute":157157,"minecraft:crouch_one_cm":1658,"minecraft:sneak_time":4794,"minecraft:walk_under_water_one_cm":3036,"minecraft:jump":125,"minecraft:leave_game":3,"minecraft:time_since_death":157157,"minecraft:walk_on_water_one_cm":994,"minecraft:climb_one_cm":39},"minecraft:used":{"minecraft:sticky_piston":30,"minecraft:oak_log":148,"minecraft:oak_trapdoor":2,"minecraft:oak_fence":8,"minecraft:water_bucket":9,"minecraft:stone_brick_slab":47,"minecraft:dark_oak_planks":1,"minecraft:lever":7,"minecraft:end_rod":1,"minecraft:cobblestone_stairs":19,"minecraft:bookshelf":31,"minecraft:melon":1,"minecraft:command_block":11,"minecraft:red_wool":19,"minecraft:red_concrete":143,"minecraft:redstone":18,"minecraft:oak_planks":77,"minecraft:ladder":117,"minecraft:oak_sign":20,"minecraft:chicken_spawn_egg":7,"minecraft:stone":607,"minecraft:spruce_sign":6,"minecraft:gravel":21,"minecraft:cobblestone_slab":16,"minecraft:stone_bricks":299,"minecraft:stone_brick_stairs":8,"minecraft:melon_seeds":7,"minecraft:farmland":81,"minecraft:item_frame":5,"minecraft:cracked_stone_bricks":8,"minecraft:oak_door":3,"minecraft:torch":56,"minecraft:mossy_cobblestone":1,"minecraft:repeater":20,"minecraft:cobblestone":210,"minecraft:oak_slab":11,"minecraft:crafting_table":3,"minecraft:lime_stained_glass":2,"minecraft:red_bed":3,"minecraft:furnace":1,"minecraft:pumpkin_seeds":8}},"DataVersion":2584}