{"stats":{"minecraft:picked_up":{"minecraft:lantern":2,"minecraft:wheat_seeds":18,"minecraft:stick":3,"minecraft:dandelion":1,"minecraft:gravel":3,"minecraft:redstone":3,"minecraft:oak_sapling":1},"minecraft:custom":{"minecraft:interact_with_anvil":2,"minecraft:interact_with_crafting_table":8,"minecraft:leave_game":20,"minecraft:time_since_death":1433406,"minecraft:sleep_in_bed":2,"minecraft:climb_one_cm":453,"minecraft:time_since_rest":1348353,"minecraft:sprint_one_cm":126625,"minecraft:walk_one_cm":763970,"minecraft:fly_one_cm":6895900,"minecraft:open_chest":46,"minecraft:crouch_one_cm":23069,"minecraft:play_time":1433406,"minecraft:sneak_time":49705,"minecraft:walk_under_water_one_cm":8439,"minecraft:jump":1139,"minecraft:walk_on_water_one_cm":38109,"minecraft:total_world_time":1742073},"minecraft:used":{"minecraft:calcite":56,"minecraft:oak_fence":3,"minecraft:dark_oak_stairs":1,"minecraft:water_bucket":47,"minecraft:mossy_stone_bricks":161,"minecraft:diorite":3,"minecraft:rose_bush":41,"minecraft:writable_book":5,"minecraft:iron_bars":70,"minecraft:iron_ore":21,"minecraft:cobblestone_stairs":2538,"minecraft:spruce_door":24,"minecraft:polished_deepslate":5,"minecraft:oak_planks":1,"minecraft:redstone":282,"minecraft:spruce_slab":72,"minecraft:polished_andesite":553,"minecraft:poppy":21,"minecraft:lime_wool":50,"minecraft:ladder":56,"minecraft:oak_sign":88,"minecraft:spruce_planks":547,"minecraft:chest":62,"minecraft:stone":5469,"minecraft:redstone_block":32,"minecraft:green_bed":36,"minecraft:blue_bed":7,"minecraft:cobblestone_slab":1466,"minecraft:grass":397,"minecraft:spruce_fence_gate":21,"minecraft:player_head":27,"minecraft:gold_ore":2,"minecraft:netherrack":22,"minecraft:cracked_stone_bricks":189,"minecraft:oak_leaves":251,"minecraft:oak_door":10,"minecraft:debug_stick":18,"minecraft:torch":30,"minecraft:mossy_cobblestone":131,"minecraft:dirt":478,"minecraft:anvil":3,"minecraft:comparator":3,"minecraft:vine":13,"minecraft:hopper":8,"minecraft:oak_slab":118,"minecraft:crafting_table":124,"minecraft:red_bed":20,"minecraft:spruce_stairs":386,"minecraft:cobblestone_wall":1007,"minecraft:dark_oak_fence_gate":1,"minecraft:granite":1,"minecraft:dripstone_block":36,"minecraft:tuff":22,"minecraft:painting":2,"minecraft:glow_lichen":384,"minecraft:beehive":14,"minecraft:spruce_fence":367,"minecraft:dark_oak_door":1,"minecraft:polished_diorite":17,"minecraft:redstone_torch":38,"minecraft:oak_log":210,"minecraft:glass":31,"minecraft:sticky_piston":5,"minecraft:stone_brick_slab":234,"minecraft:dark_oak_planks":2,"minecraft:lever":48,"minecraft:cyan_terracotta":167,"minecraft:lava_bucket":2,"minecraft:bookshelf":33,"minecraft:warped_hyphae":1,"minecraft:command_block":98,"minecraft:red_wool":20,"minecraft:oak_stairs":56,"minecraft:lantern":91,"minecraft:grass_block":816,"minecraft:barrier":166,"minecraft:oak_button":2,"minecraft:stone_button":20,"minecraft:smooth_sandstone":2,"minecraft:spawner":6,"minecraft:green_wool":6,"minecraft:polished_granite":14,"minecraft:spruce_trapdoor":3,"minecraft:iron_door":3,"minecraft:deepslate":18,"minecraft:gravel":637,"minecraft:yellow_wool":1,"minecraft:stone_brick_stairs":532,"minecraft:stone_bricks":3403,"minecraft:smooth_basalt":2,"minecraft:bedrock":6,"minecraft:chiseled_stone_bricks":3,"minecraft:basalt":3,"minecraft:fishing_rod":3,"minecraft:glowstone":179,"minecraft:repeater":160,"minecraft:cobblestone":2158,"minecraft:oak_sapling":8,"minecraft:red_concrete_powder":3,"minecraft:furnace":5,"minecraft:andesite":48,"minecraft:chain_command_block":32,"minecraft:chain":21,"minecraft:glass_pane":11,"minecraft:acacia_wood":1,"minecraft:trapped_chest":2,"minecraft:cobbled_deepslate":3,"minecraft:coarse_dirt":69,"minecraft:bone_meal":10,"minecraft:cobweb":137}},"DataVersion":2865}