{
	"pools": 
	[
		{
			"rolls":
			{
				"min": 2, "max": 2
			},
			"entries": 
			[
				{
					"type": "loot_table",
					"weight": 1,
					"name": "internal:items/money_1"
				}
			]
		},
		{
			"rolls": 1,
			"entries": 
			[
				{
					"type": "empty",
					"weight": 12
				},
				{
					"type": "loot_table",
					"weight": 3,
					"name": "internal:items/bandit_bow"
				},
				{
					"type": "loot_table",
					"weight": 1,
					"name": "internal:items/bandit_bow_2"
				}
			]
		},
		{
			"rolls":
			{
				"min": 1, "max": 3
			},
			"entries": 
			[
				{
					"type": "loot_table",
					"weight": 1,
					"name": "internal:items/arrow"
				}
			]
		},
		{
			"rolls": 1,
			"entries": 
			[
				{
					"type": "empty",
					"weight": 3
				},
				{
					"type": "loot_table",
					"weight": 1,
					"name": "internal:items/apple"
				}
			]
		},
		{
			"rolls": 1,
			"entries": 
			[
				{
					"type": "empty",
					"weight": 3
				},
				{
					"type": "loot_table",
					"weight": 1,
					"name": "internal:items/bread"
				}
			]
		}
	]
}