{"stats":{"minecraft:custom":{"minecraft:interact_with_crafting_table":1,"minecraft:bell_ring":7,"minecraft:leave_game":4,"minecraft:time_since_death":399400,"minecraft:climb_one_cm":1920,"minecraft:time_since_rest":399400,"minecraft:sprint_one_cm":13250,"minecraft:walk_one_cm":128414,"minecraft:trigger_trapped_chest":2,"minecraft:fly_one_cm":4523264,"minecraft:open_chest":3,"minecraft:crouch_one_cm":3049,"minecraft:play_time":399400,"minecraft:sneak_time":13981,"minecraft:walk_under_water_one_cm":66261,"minecraft:jump":183,"minecraft:walk_on_water_one_cm":28471,"minecraft:total_world_time":419614},"minecraft:picked_up":{"minecraft:wheat":12,"minecraft:ladder":1,"minecraft:golden_pickaxe":1,"minecraft:potato":22,"minecraft:golden_shovel":1,"minecraft:yellow_bed":2,"minecraft:twisting_vines":2,"minecraft:beetroot":2,"minecraft:apple":7,"minecraft:wheat_seeds":42,"minecraft:bell":1,"minecraft:iron_nugget":11,"minecraft:poppy":2,"minecraft:oak_door":4,"minecraft:torch":25,"minecraft:golden_axe":1,"minecraft:stone_button":1,"minecraft:pointed_dripstone":6,"minecraft:carrot":47,"minecraft:beetroot_seeds":6,"minecraft:bread":8,"minecraft:oak_sapling":3,"minecraft:sunflower":2},"minecraft:used":{"minecraft:oak_trapdoor":9,"minecraft:dark_oak_stairs":894,"minecraft:water_bucket":4,"minecraft:cobblestone_stairs":201,"minecraft:spruce_door":12,"minecraft:ladder":5,"minecraft:spruce_slab":155,"minecraft:polished_andesite":97,"minecraft:lime_wool":35,"minecraft:oak_planks":2,"minecraft:poppy":1,"minecraft:oak_sign":4,"minecraft:orange_tulip":2,"minecraft:spruce_planks":980,"minecraft:chest":18,"minecraft:stone":662,"minecraft:bell":2,"minecraft:grass":66,"minecraft:blue_bed":1,"minecraft:cobblestone_slab":218,"minecraft:green_bed":11,"minecraft:spruce_fence_gate":26,"minecraft:player_head":35,"minecraft:debug_stick":11,"minecraft:warped_roots":12,"minecraft:netherrack":5,"minecraft:cracked_stone_bricks":13,"minecraft:oak_leaves":98,"minecraft:oak_door":14,"minecraft:sand":7,"minecraft:mossy_cobblestone":11,"minecraft:dirt":121,"minecraft:oak_slab":86,"minecraft:crafting_table":17,"minecraft:red_bed":2,"minecraft:twisting_vines":44,"minecraft:spruce_stairs":609,"minecraft:light_blue_wool":10,"minecraft:cobblestone_wall":128,"minecraft:allium":9,"minecraft:dead_tube_coral":1,"minecraft:dripstone_block":1,"minecraft:dark_oak_fence_gate":31,"minecraft:tuff":61,"minecraft:painting":12,"minecraft:glow_lichen":120,"minecraft:spruce_fence":166,"minecraft:stripped_spruce_log":7,"minecraft:obsidian":3,"minecraft:oak_log":868,"minecraft:stone_brick_slab":5,"minecraft:dark_oak_planks":257,"minecraft:bookshelf":28,"minecraft:crying_obsidian":4,"minecraft:villager_spawn_egg":3,"minecraft:lantern":1,"minecraft:red_wool":37,"minecraft:nether_sprouts":3,"minecraft:oak_stairs":46,"minecraft:grass_block":521,"minecraft:blue_orchid":2,"minecraft:barrier":43,"minecraft:stone_button":135,"minecraft:dark_oak_slab":12,"minecraft:spruce_trapdoor":159,"minecraft:smooth_quartz":2,"minecraft:iron_door":2,"minecraft:raw_gold_block":24,"minecraft:gravel":210,"minecraft:stone_brick_stairs":28,"minecraft:stone_bricks":137,"minecraft:item_frame":15,"minecraft:light_gray_wool":5,"minecraft:glowstone":12,"minecraft:magma_block":15,"minecraft:cobblestone":739,"minecraft:oak_sapling":6,"minecraft:dark_oak_fence":47,"minecraft:andesite":1,"minecraft:glass_pane":105,"minecraft:gold_block":1,"minecraft:trapped_chest":2,"minecraft:stripped_oak_log":16,"minecraft:coarse_dirt":21,"minecraft:gray_wool":4,"minecraft:dandelion":1,"minecraft:seagrass":21,"minecraft:bone_meal":14,"minecraft:hanging_roots":1}},"DataVersion":2865}