{"stats":{"minecraft:used":{"minecraft:oak_sign":3,"minecraft:glow_lichen":18,"minecraft:glowstone":4,"minecraft:stone":30,"minecraft:red_wool":9,"minecraft:grass_block":107},"minecraft:picked_up":{"minecraft:pointed_dripstone":5,"minecraft:sunflower":2},"minecraft:custom":{"minecraft:jump":5,"minecraft:time_since_rest":26949,"minecraft:leave_game":2,"minecraft:play_time":26949,"minecraft:walk_on_water_one_cm":6272,"minecraft:time_since_death":26949,"minecraft:walk_one_cm":177,"minecraft:sneak_time":1271,"minecraft:total_world_time":29731,"minecraft:walk_under_water_one_cm":1478,"minecraft:fly_one_cm":2159382}},"DataVersion":2865}