{"stats":{"minecraft:killed":{"minecraft:creeper":2,"minecraft:skeleton":2},"minecraft:used":{"minecraft:oak_fence":31,"minecraft:water_bucket":55,"minecraft:diorite":1,"minecraft:enchanting_table":2,"minecraft:cobblestone_stairs":248,"minecraft:spruce_door":1,"minecraft:brick_wall":2,"minecraft:dropper":5,"minecraft:flint_and_steel":2,"minecraft:powered_rail":20,"minecraft:spruce_slab":13,"minecraft:polished_andesite":342,"minecraft:ladder":16,"minecraft:oak_planks":1037,"minecraft:light_gray_carpet":3,"minecraft:spruce_planks":293,"minecraft:chest":69,"minecraft:ender_chest":1,"minecraft:stone":35,"minecraft:redstone_block":18,"minecraft:blue_bed":1,"minecraft:grass":92,"minecraft:green_bed":6,"minecraft:cobblestone_slab":114,"minecraft:netherrack":3,"minecraft:oak_leaves":42,"minecraft:oak_door":8,"minecraft:torch":95,"minecraft:dirt":2,"minecraft:rail":49,"minecraft:target":2,"minecraft:terracotta":2,"minecraft:oak_slab":323,"minecraft:crafting_table":6,"minecraft:cobblestone_wall":161,"minecraft:campfire":1,"minecraft:dark_oak_fence_gate":3,"minecraft:dripstone_block":1,"minecraft:painting":2,"minecraft:spruce_fence":21,"minecraft:granite":107,"minecraft:dark_oak_door":14,"minecraft:oak_fence_gate":8,"minecraft:obsidian":14,"minecraft:redstone_torch":1,"minecraft:birch_door":1,"minecraft:oak_log":5,"minecraft:glass":101,"minecraft:stone_brick_slab":17,"minecraft:piston":4,"minecraft:lever":12,"minecraft:lava_bucket":4,"minecraft:bricks":1282,"minecraft:bookshelf":55,"minecraft:grass_block":170,"minecraft:oak_stairs":207,"minecraft:oak_button":4,"minecraft:brick_stairs":96,"minecraft:green_wool":42,"minecraft:polished_granite":84,"minecraft:spruce_trapdoor":25,"minecraft:iron_door":1,"minecraft:spruce_sapling":7,"minecraft:gravel":94,"minecraft:stone_brick_stairs":18,"minecraft:stone_bricks":31,"minecraft:item_frame":1,"minecraft:green_carpet":36,"minecraft:diamond_sword":12,"minecraft:redstone_lamp":18,"minecraft:cobblestone":1090,"minecraft:oak_sapling":10,"minecraft:furnace":22,"minecraft:dark_oak_fence":5,"minecraft:jungle_door":1,"minecraft:minecart":1,"minecraft:andesite":52,"minecraft:glass_pane":63,"minecraft:smooth_stone_slab":108,"minecraft:jukebox":1,"minecraft:bone_meal":65},"minecraft:picked_up":{"minecraft:gunpowder":2,"minecraft:bone":6,"minecraft:wheat_seeds":3,"minecraft:powered_rail":1,"minecraft:torch":2,"minecraft:arrow":1,"minecraft:rotten_flesh":1,"minecraft:lever":5,"minecraft:oxeye_daisy":1},"minecraft:custom":{"minecraft:interact_with_furnace":2,"minecraft:mob_kills":4,"minecraft:leave_game":2,"minecraft:time_since_death":178802,"minecraft:climb_one_cm":1520,"minecraft:time_since_rest":178802,"minecraft:sprint_one_cm":13721,"minecraft:walk_one_cm":73428,"minecraft:minecart_one_cm":1794,"minecraft:damage_dealt":960,"minecraft:fly_one_cm":1713533,"minecraft:open_chest":5,"minecraft:crouch_one_cm":2980,"minecraft:play_time":178802,"minecraft:sneak_time":10506,"minecraft:walk_under_water_one_cm":2308,"minecraft:jump":168,"minecraft:walk_on_water_one_cm":102,"minecraft:total_world_time":180246}},"DataVersion":2730}