{
	"parent": "internal:qm_besieged/_root",
    "display": {
        "title": {
            "text": "                                                                                "
        },
        "description": [
			"",
            {"text": "Tell Max Aero that you have defeated the attack.", "color": "yellow"}
        ],
        "icon": {
            "item": "minecraft:observer"
        },
        "frame": "task",
        "show_toast": false,
        "announce_to_chat": false,
        "hidden": true,
        "background": "minecraft:textures/gui/advancements/backgrounds/qm.png"
    },
    "criteria": {
        "x": {
            "trigger": "minecraft:impossible"
        }
    }
}