{"stat.useItem.minecraft.bow":69,"stat.leaveGame":13,"stat.craftItem.minecraft.iron_axe":4,"stat.mineBlock.minecraft.sandstone":325,"stat.pickup.minecraft.fishing_rod":1,"stat.craftItem.minecraft.shield":1,"achievement.snipeSkeleton":1,"stat.pickup.minecraft.porkchop":24,"stat.pickup.minecraft.glass":15,"stat.useItem.minecraft.water_bucket":21,"stat.pickup.minecraft.rotten_flesh":92,"stat.pickup.minecraft.sand":197,"stat.craftItem.minecraft.golden_apple":1,"stat.craftItem.minecraft.stone_axe":2,"stat.pickup.minecraft.name_tag":2,"achievement.diamonds":19,"stat.craftItem.minecraft.stone_sword":1,"stat.craftItem.minecraft.iron_shovel":2,"stat.pickup.minecraft.brown_mushroom":6,"achievement.buildPickaxe":7,"stat.mineBlock.minecraft.sand":123,"stat.killEntity.Witch":2,"stat.craftItem.minecraft.cooked_fish":9,"achievement.buildBetterPickaxe":6,"stat.useItem.minecraft.iron_pickaxe":252,"stat.craftItem.minecraft.wooden_pickaxe":1,"stat.useItem.minecraft.iron_shovel":502,"stat.craftItem.minecraft.bed":6,"stat.craftItem.minecraft.glass_pane":56,"stat.furnaceInteraction":164,"stat.pickup.minecraft.beef":112,"stat.pickup.minecraft.furnace":2,"achievement.mineWood":908,"achievement.openInventory":479,"stat.pickup.minecraft.stone_stairs":53,"stat.pickup.minecraft.potion":1,"stat.pickup.minecraft.pumpkin_seeds":3,"stat.pickup.minecraft.saddle":1,"stat.useItem.minecraft.beef":1,"stat.mineBlock.minecraft.oak_stairs":17,"stat.pickup.minecraft.egg":5,"stat.playOneMinute":490120,"stat.craftItem.minecraft.iron_pickaxe":1,"stat.pickup.minecraft.glass_pane":8,"stat.mineBlock.minecraft.tallgrass":139,"stat.craftItem.minecraft.cooked_mutton":3,"stat.chestOpened":416,"stat.pickup.minecraft.pumpkin":8,"stat.pickup.minecraft.spruce_door":1,"stat.craftItem.minecraft.sign":6,"stat.pickup.minecraft.arrow":60,"stat.craftItem.minecraft.coal":9,"stat.fallOneCm":60266,"stat.pickup.minecraft.carrot":2,"stat.crouchOneCm":42367,"achievement.killCow":38,"stat.mineBlock.minecraft.chest":4,"stat.craftItem.minecraft.chest":15,"stat.craftItem.minecraft.iron_ingot":108,"stat.craftingTableInteraction":168,"stat.pickup.minecraft.wooden_pickaxe":1,"stat.pickup.minecraft.feather":2,"stat.pickup.minecraft.record_cat":1,"stat.pickup.minecraft.dye":163,"stat.pickup.minecraft.planks":126,"stat.pickup.minecraft.wheat_seeds":197,"stat.mineBlock.minecraft.gravel":26,"stat.useItem.minecraft.stone_pickaxe":397,"stat.breakItem.minecraft.stone_axe":1,"stat.useItem.minecraft.stone_sword":36,"stat.craftItem.minecraft.iron_leggings":1,"stat.killEntity.Rabbit":1,"stat.craftItem.minecraft.oak_stairs":436,"stat.mineBlock.minecraft.dirt":731,"stat.useItem.minecraft.bread":22,"stat.pickup.minecraft.golden_apple":2,"stat.craftItem.minecraft.stone_stairs":250,"stat.pickup.minecraft.crafting_table":15,"stat.craftItem.minecraft.crafting_table":21,"stat.mineBlock.minecraft.double_plant":8,"stat.craftItem.minecraft.boat":1,"stat.pickup.minecraft.log":983,"stat.useItem.minecraft.cooked_fish":8,"stat.craftItem.minecraft.stone_button":64,"stat.craftItem.minecraft.gold_ingot":16,"stat.pickup.minecraft.chicken":1,"stat.pickup.minecraft.sapling":184,"stat.pickup.minecraft.wooden_door":3,"stat.pickup.minecraft.apple":9,"stat.breakItem.minecraft.stone_shovel":1,"stat.craftItem.minecraft.bucket":2,"stat.craftItem.minecraft.planks":2531,"stat.useItem.minecraft.iron_sword":221,"stat.itemEnchanted":12,"stat.craftItem.minecraft.dirt":480,"stat.craftItem.minecraft.fishing_rod":1,"stat.pickup.minecraft.stone_sword":1,"stat.mineBlock.minecraft.log":979,"stat.craftItem.minecraft.wooden_door":13,"achievement.acquireIron":40,"stat.craftItem.minecraft.paper":102,"stat.pickup.minecraft.red_flower":5,"stat.sneakTime":14854,"stat.pickup.minecraft.wool":8,"stat.pickup.minecraft.yellow_flower":12,"stat.useItem.minecraft.fishing_rod":35,"stat.pickup.minecraft.chest":4,"stat.craftItem.minecraft.enchanting_table":5,"stat.craftItem.minecraft.spruce_door":5,"stat.pickup.minecraft.bone":47,"stat.useItem.minecraft.iron_axe":1005,"stat.mineBlock.minecraft.cobblestone":111,"stat.mineBlock.minecraft.pumpkin":9,"stat.pickup.minecraft.flint":8,"stat.mineBlock.minecraft.yellow_flower":6,"stat.mineBlock.minecraft.brown_mushroom":3,"stat.useItem.minecraft.diamond_sword":200,"stat.swimOneCm":125460,"stat.climbOneCm":37052,"stat.pickup.minecraft.enchanted_book":1,"achievement.buildWorkBench":3,"stat.breakItem.minecraft.iron_pickaxe":1,"stat.craftItem.minecraft.arrow":8,"stat.pickup.minecraft.bow":7,"achievement.exploreAllBiomes":{"value":0,"progress":["Sunflower Plains","Cold Taiga","ForestHills","Plains","TaigaHills","Beach","FrozenRiver","Ice Plains","Cold Beach","River","Forest","Ocean","Taiga","Deep Ocean"]},"stat.pickup.minecraft.stone_hoe":1,"stat.craftItem.minecraft.furnace":8,"stat.pickup.minecraft.enchanting_table":3,"stat.useItem.minecraft.egg":5,"stat.craftItem.minecraft.iron_boots":1,"stat.craftItem.minecraft.trapdoor":60,"stat.craftItem.minecraft.stone_pickaxe":3,"stat.craftItem.minecraft.cooked_beef":111,"stat.mineBlock.minecraft.obsidian":4,"stat.pickup.minecraft.shears":1,"stat.pickup.minecraft.cobblestone":1588,"stat.useItem.minecraft.stone_shovel":132,"stat.flyOneCm":140077,"stat.pickup.minecraft.glass_bottle":4,"stat.pickup.minecraft.sandstone":323,"stat.pickup.minecraft.fish":17,"stat.useItem.minecraft.cooked_beef":22,"stat.craftItem.minecraft.wooden_slab":10,"stat.pickup.minecraft.redstone":124,"stat.mineBlock.minecraft.iron_ore":115,"stat.craftItem.minecraft.book":29,"stat.timeSinceDeath":490120,"stat.drop.minecraft.log":1,"stat.pickup.minecraft.mutton":6,"stat.pickup.minecraft.mossy_cobblestone":61,"stat.killEntity.Bat":2,"stat.breakItem.minecraft.diamond_pickaxe":1,"stat.mineBlock.minecraft.enchanting_table":3,"stat.useItem.minecraft.cooked_porkchop":3,"stat.pickup.minecraft.trapdoor":4,"stat.mineBlock.minecraft.coal_ore":373,"stat.killEntity.Creeper":17,"stat.craftItem.minecraft.stone_hoe":44,"stat.pickup.minecraft.string":15,"stat.mineBlock.minecraft.ladder":2,"achievement.buildSword":3,"stat.killEntity.Squid":5,"stat.sprintOneCm":258114,"stat.pickup.minecraft.paper":3,"stat.craftItem.minecraft.stick":248,"stat.craftItem.minecraft.stone":340,"stat.mineBlock.minecraft.diamond_ore":18,"stat.mineBlock.minecraft.crafting_table":15,"stat.useItem.minecraft.diamond_pickaxe":1909,"stat.useItem.minecraft.bucket":22,"achievement.killEnemy":129,"achievement.buildFurnace":3,"stat.mineBlock.minecraft.planks":117,"stat.drop":1,"stat.killEntity.Sheep":4,"stat.breakItem.minecraft.iron_shovel":2,"stat.craftItem.minecraft.diamond_pickaxe":2,"stat.killEntity.Zombie":60,"stat.craftItem.minecraft.dye":24,"stat.mineBlock.minecraft.gold_ore":16,"stat.diveOneCm":70129,"stat.pickup.minecraft.wheat":93,"stat.craftItem.minecraft.sandstone":46,"stat.mineBlock.minecraft.mossy_cobblestone":61,"stat.craftItem.minecraft.ladder":79,"achievement.buildHoe":1,"stat.pickup.minecraft.gravel":66,"stat.craftItem.minecraft.cooked_porkchop":24,"stat.useItem.minecraft.apple":1,"stat.pickup.minecraft.obsidian":4,"stat.useItem.minecraft.rotten_flesh":7,"stat.craftItem.minecraft.diamond_sword":1,"stat.jump":4545,"stat.pickup.minecraft.coal":469,"stat.pickup.minecraft.iron_ingot":42,"stat.useItem.minecraft.stone_axe":219,"stat.pickup.minecraft.gunpowder":20,"stat.craftItem.minecraft.bread":22,"stat.pickup.minecraft.spider_eye":4,"stat.craftItem.minecraft.torch":264,"stat.pickup.minecraft.dirt":827,"stat.craftItem.minecraft.iron_helmet":1,"achievement.makeBread":44,"stat.pickup.minecraft.iron_ore":115,"stat.boatOneCm":795532,"stat.pickup.minecraft.gold_ore":16,"stat.mineBlock.minecraft.lapis_ore":14,"stat.mineBlock.minecraft.glass_pane":2,"stat.mineBlock.minecraft.stone_stairs":54,"stat.damageTaken":2838,"stat.pickup.minecraft.leather":56,"stat.mineBlock.minecraft.torch":46,"stat.mineBlock.minecraft.red_flower":3,"stat.mineBlock.minecraft.furnace":2,"stat.useItem.minecraft.wooden_pickaxe":54,"stat.mineBlock.minecraft.sapling":1,"stat.pickup.minecraft.reeds":168,"stat.pickup.minecraft.bed":3,"stat.pickup.minecraft.potato":1,"stat.pickup.minecraft.oak_stairs":15,"stat.pickup.minecraft.rabbit_hide":1,"stat.damageDealt":23397,"stat.craftItem.minecraft.glass":27,"stat.sleepInBed":7,"stat.killEntity.Cow":58,"stat.killEntity.Pig":9,"stat.craftItem.minecraft.iron_sword":1,"stat.craftItem.minecraft.stone_shovel":1,"stat.walkOneCm":2861270,"stat.pickup.minecraft.diamond_pickaxe":1,"achievement.enchantments":1,"stat.breakItem.minecraft.stone_pickaxe":3,"stat.pickup.minecraft.stone":487,"stat.craftItem.minecraft.iron_chestplate":1,"stat.pickup.minecraft.ladder":2,"stat.pickup.minecraft.gold_ingot":16,"stat.killEntity.Skeleton":34,"stat.craftItem.minecraft.bookshelf":16,"stat.killEntity.Spider":16,"stat.pickup.minecraft.bread":1,"stat.mobKills":209,"stat.craftItem.minecraft.shears":1,"stat.craftItem.minecraft.fence":53,"stat.useItem.minecraft.boat":1,"stat.breakItem.minecraft.iron_axe":4,"stat.pickup.minecraft.diamond":31,"stat.mineBlock.minecraft.leaves":226,"stat.pickup.minecraft.beetroot_seeds":3,"achievement.bookcase":16,"stat.pickup.minecraft.torch":51,"stat.mineBlock.minecraft.redstone_ore":14,"stat.craftItem.minecraft.spruce_stairs":68,"achievement.cookFish":11,"stat.mineBlock.minecraft.stone":1456}