{
	"multipart": [
        {
			"apply": { "model": "block/cabinet_top", "uvlock": true }
		},
        {   "when": { "facing": "north" },
            "apply": { "model": "block/cabinet" }
        },
        {   "when": { "facing": "east" },
            "apply": { "model": "block/cabinet", "y": 90 }
        },
        {   "when": { "facing": "south" },
            "apply": { "model": "block/cabinet", "y": 180 }
        },
        {   "when": { "facing": "west" },
            "apply": { "model": "block/cabinet", "y": 270 }
        }
    ]
}