{"stats":{"minecraft:custom":{"minecraft:inspect_dropper":22,"minecraft:mob_kills":16,"minecraft:inspect_hopper":4,"minecraft:interact_with_crafting_table":7,"minecraft:open_barrel":31,"minecraft:open_shulker_box":1,"minecraft:damage_dealt_resisted":9364,"minecraft:leave_game":440,"minecraft:time_since_death":2985417,"minecraft:climb_one_cm":2368,"minecraft:damage_resisted":210,"minecraft:sprint_one_cm":219109,"minecraft:walk_one_cm":356808,"minecraft:drop":5,"minecraft:sneak_time":17163,"minecraft:walk_under_water_one_cm":7666,"minecraft:jump":1543,"minecraft:walk_on_water_one_cm":1316,"minecraft:interact_with_furnace":6,"minecraft:play_one_minute":2985417,"minecraft:pot_flower":3,"minecraft:time_since_rest":2985417,"minecraft:damage_dealt":1730,"minecraft:fly_one_cm":3919916,"minecraft:swim_one_cm":7027,"minecraft:open_chest":247,"minecraft:crouch_one_cm":13335,"minecraft:fall_one_cm":2610},"minecraft:used":{"minecraft:oak_trapdoor":109,"minecraft:oak_fence":26,"minecraft:petrified_oak_slab":1,"minecraft:writable_book":2,"minecraft:iron_bars":3,"minecraft:iron_shovel":1,"minecraft:white_tulip":3,"minecraft:red_concrete":29,"minecraft:dead_tube_coral_fan":3,"minecraft:spruce_slab":57,"minecraft:carrot_on_a_stick":180,"minecraft:ladder":4,"minecraft:poppy":4,"minecraft:white_concrete_powder":59,"minecraft:chest":11,"minecraft:spruce_planks":351,"minecraft:stone":56,"minecraft:iron_sword":18,"minecraft:zombie_spawn_egg":1,"minecraft:wooden_shovel":3,"minecraft:grass":75,"minecraft:player_head":7,"minecraft:farmland":4,"minecraft:spruce_leaves":3,"minecraft:oak_door":9,"minecraft:debug_stick":15,"minecraft:torch":14,"minecraft:end_stone_brick_wall":1,"minecraft:dirt":28,"minecraft:anvil":1,"minecraft:skeleton_spawn_egg":1,"minecraft:white_carpet":2,"minecraft:hopper":4,"minecraft:prismarine_bricks":6,"minecraft:orange_glazed_terracotta":9,"minecraft:spruce_stairs":47,"minecraft:cobblestone_wall":210,"minecraft:stone_stairs":2,"minecraft:shulker_box":3,"minecraft:light_gray_glazed_terracotta":2,"minecraft:oak_wood":23,"minecraft:spruce_fence":15,"minecraft:blue_concrete":90,"minecraft:azure_bluet":6,"minecraft:oak_fence_gate":2,"minecraft:fern":1,"minecraft:andesite_wall":1,"minecraft:mossy_cobblestone_stairs":4,"minecraft:glass":17,"minecraft:stone_brick_slab":6,"minecraft:red_tulip":8,"minecraft:bookshelf":31,"minecraft:red_wool":36,"minecraft:grass_block":173,"minecraft:iron_axe":2,"minecraft:light_weighted_pressure_plate":1,"minecraft:oak_stairs":249,"minecraft:acacia_slab":2,"minecraft:diorite_wall":6,"minecraft:stone_brick_stairs":39,"minecraft:barrel":22,"minecraft:stone_bricks":137,"minecraft:blaze_spawn_egg":1,"minecraft:tripwire_hook":1,"minecraft:purple_concrete":2,"minecraft:glowstone":17,"minecraft:repeater":5,"minecraft:snow":4,"minecraft:bow":11,"minecraft:tall_grass":1,"minecraft:gray_glazed_terracotta":1,"minecraft:scaffolding":15,"minecraft:furnace":11,"minecraft:yellow_glazed_terracotta":15,"minecraft:oak_sapling":23,"minecraft:acacia_fence":29,"minecraft:end_stone_brick_stairs":4,"minecraft:acacia_planks":25,"minecraft:dead_brain_coral_fan":24,"minecraft:wheat_seeds":19,"minecraft:water_bucket":1,"minecraft:diorite":143,"minecraft:tube_coral_fan":1,"minecraft:pink_tulip":2,"minecraft:cobblestone_stairs":357,"minecraft:spruce_door":1,"minecraft:dropper":1,"minecraft:stripped_acacia_log":22,"minecraft:prismarine":9,"minecraft:oak_planks":615,"minecraft:cartography_table":1,"minecraft:orange_tulip":11,"minecraft:black_glazed_terracotta":1,"minecraft:fletching_table":1,"minecraft:stonecutter":1,"minecraft:red_glazed_terracotta":42,"minecraft:cobblestone_slab":96,"minecraft:oak_leaves":46,"minecraft:mossy_cobblestone":41,"minecraft:sand":2,"minecraft:vine":97,"minecraft:oak_slab":108,"minecraft:crafting_table":33,"minecraft:crossbow":19,"minecraft:campfire":1,"minecraft:gray_concrete":91,"minecraft:stone_brick_wall":2,"minecraft:spruce_log":1,"minecraft:red_sandstone_wall":26,"minecraft:redstone_torch":19,"minecraft:oak_log":1105,"minecraft:dead_fire_coral_fan":1,"minecraft:dark_prismarine":12,"minecraft:wooden_hoe":19,"minecraft:flower_pot":8,"minecraft:black_concrete":173,"minecraft:acacia_stairs":2,"minecraft:black_wool":57,"minecraft:daylight_detector":1,"minecraft:command_block":13,"minecraft:light_gray_concrete":487,"minecraft:heavy_weighted_pressure_plate":9,"minecraft:cyan_bed":1,"minecraft:suspicious_stew":1,"minecraft:lectern":1,"minecraft:white_glazed_terracotta":2,"minecraft:stone_slab":1,"minecraft:spruce_trapdoor":25,"minecraft:iron_door":8,"minecraft:spruce_sapling":2,"minecraft:prismarine_wall":54,"minecraft:gravel":13,"minecraft:granite_slab":1,"minecraft:cobblestone":1263,"minecraft:white_banner":1,"minecraft:smithing_table":12,"minecraft:glass_pane":68,"minecraft:grass_path":170,"minecraft:smooth_stone_slab":215,"minecraft:white_concrete":80,"minecraft:coarse_dirt":37,"minecraft:dandelion":10,"minecraft:bone_meal":343,"minecraft:splash_potion":1,"minecraft:cobweb":23},"minecraft:killed":{"minecraft:skeleton":1,"minecraft:chicken":1,"minecraft:pig":1,"minecraft:creeper":9,"minecraft:zombie":1},"minecraft:mined":{"minecraft:grass_block":1,"minecraft:cyan_bed":1},"minecraft:picked_up":{"minecraft:azure_bluet":3,"minecraft:egg":1,"minecraft:rotten_flesh":3,"minecraft:red_tulip":1,"minecraft:gunpowder":9,"minecraft:dirt":1,"minecraft:wheat_seeds":6,"minecraft:orange_tulip":1,"minecraft:iron_sword":3,"minecraft:scaffolding":4,"minecraft:dandelion":2,"minecraft:iron_helmet":2},"minecraft:crafted":{"minecraft:cooked_porkchop":3,"minecraft:air":0},"minecraft:dropped":{"minecraft:iron_sword":3,"minecraft:iron_helmet":2}},"DataVersion":1948}