{"stats":{"minecraft:picked_up":{"minecraft:leather":3,"minecraft:lead":4,"minecraft:iron_shovel":2,"minecraft:rotten_flesh":8,"minecraft:wheat_seeds":1,"minecraft:bucket":3,"minecraft:iron_sword":2},"minecraft:mined":{"minecraft:green_bed":1},"minecraft:used":{"minecraft:creeper_spawn_egg":2,"minecraft:oak_log":122,"minecraft:oak_trapdoor":6,"minecraft:flower_pot":1,"minecraft:black_concrete":6,"minecraft:cobblestone_stairs":262,"minecraft:red_tulip":2,"minecraft:command_block":9,"minecraft:light_gray_concrete":78,"minecraft:oak_stairs":7,"minecraft:grass_block":42,"minecraft:spruce_slab":52,"minecraft:carrot_on_a_stick":1084,"minecraft:poppy":2,"minecraft:oak_planks":75,"minecraft:orange_tulip":2,"minecraft:spruce_planks":304,"minecraft:donkey_spawn_egg":1,"minecraft:iron_sword":35,"minecraft:zombie_spawn_egg":10,"minecraft:grass":5,"minecraft:green_bed":1,"minecraft:cobblestone_slab":51,"minecraft:player_head":33,"minecraft:oak_door":1,"minecraft:oak_leaves":6,"minecraft:torch":4,"minecraft:diamond_sword":21,"minecraft:sand":5,"minecraft:cobblestone":349,"minecraft:oak_slab":5,"minecraft:yellow_glazed_terracotta":23,"minecraft:spruce_stairs":27,"minecraft:cobblestone_wall":138,"minecraft:glass_pane":18,"minecraft:grass_path":15,"minecraft:stone_pressure_plate":2,"minecraft:gray_concrete":20,"minecraft:dandelion":2,"minecraft:spruce_fence":12,"minecraft:blue_concrete":16,"minecraft:cobweb":29},"minecraft:killed":{"minecraft:zombie":3,"minecraft:spider":1,"minecraft:slime":1},"minecraft:killed_by":{"minecraft:spider":1},"minecraft:dropped":{"minecraft:iron_sword":2,"minecraft:iron_shovel":2},"minecraft:custom":{"minecraft:time_since_rest":800142,"minecraft:sprint_one_cm":123613,"minecraft:damage_taken":290,"minecraft:walk_one_cm":209386,"minecraft:mob_kills":31,"minecraft:drop":4,"minecraft:damage_dealt":8733,"minecraft:swim_one_cm":672,"minecraft:fly_one_cm":1806389,"minecraft:open_chest":177,"minecraft:crouch_one_cm":2558,"minecraft:play_one_minute":815808,"minecraft:deaths":1,"minecraft:sneak_time":4622,"minecraft:walk_under_water_one_cm":12018,"minecraft:pot_flower":2,"minecraft:damage_dealt_resisted":52393,"minecraft:jump":701,"minecraft:leave_game":61,"minecraft:walk_on_water_one_cm":618,"minecraft:time_since_death":800024,"minecraft:fall_one_cm":835}},"DataVersion":1931}