{"stat.useItem.minecraft.brick_stairs":283,"stat.useItem.minecraft.string":12,"stat.beaconInteraction":3,"stat.useItem.minecraft.bow":33,"stat.useItem.minecraft.end_bricks":8,"stat.drop.minecraft.armor_stand":2,"stat.useItem.minecraft.lapis_block":85,"stat.useItem.minecraft.quartz_block":1927,"stat.useItem.minecraft.painting":4,"stat.pickup.minecraft.redstone_torch":1,"stat.pickup.minecraft.lit_pumpkin":1,"stat.useItem.minecraft.repeater":1,"stat.leaveGame":52,"stat.useItem.minecraft.beacon":7,"stat.drop.minecraft.leather_helmet":1,"stat.useItem.minecraft.skull":2,"stat.useItem.minecraft.diamond_sword":17,"stat.useItem.minecraft.glowstone":404,"stat.swimOneCm":85716,"stat.climbOneCm":19700,"stat.useItem.minecraft.planks":278,"stat.pickup.minecraft.glowstone":1,"stat.useItem.minecraft.end_rod":1,"stat.drop.minecraft.cobblestone":1,"stat.enderchestOpened":5,"stat.useItem.minecraft.redstone_torch":39,"stat.useItem.minecraft.dirt":336,"stat.useItem.minecraft.red_sandstone_stairs":18,"stat.useItem.minecraft.stone_slab2":53,"stat.pickup.minecraft.bow":1,"achievement.exploreAllBiomes":{"value":0,"progress":["Mesa","Jungle","The Void"]},"stat.useItem.minecraft.water_bucket":338,"stat.useItem.minecraft.red_flower":85,"stat.drop.minecraft.web":1,"stat.useItem.minecraft.leaves2":10,"stat.useItem.minecraft.vine":1,"stat.useItem.minecraft.purpur_stairs":131,"stat.useItem.minecraft.birch_boat":1,"stat.pickup.minecraft.cobblestone":1,"stat.useItem.minecraft.spruce_fence_gate":1,"stat.aviateOneCm":142183,"stat.flyOneCm":23948121,"stat.timeSinceDeath":690071,"stat.useItem.minecraft.sign":32,"stat.useItem.minecraft.spawn_egg":2,"stat.pickup.minecraft.stained_hardened_clay":1,"stat.useItem.minecraft.wooden_slab":258,"stat.pickup.minecraft.armor_stand":4,"stat.useItem.minecraft.lever":13,"stat.pickup.minecraft.stonebrick":3,"stat.useItem.minecraft.dark_oak_stairs":4,"stat.drop.minecraft.wool":1,"stat.useItem.minecraft.armor_stand":129,"stat.drop.minecraft.red_flower":2,"stat.drop.minecraft.spawn_egg":1,"stat.drop.minecraft.stone_slab":2,"stat.useItem.minecraft.double_plant":1,"stat.useItem.minecraft.purpur_pillar":180,"stat.useItem.minecraft.redstone":1,"stat.useItem.minecraft.sea_lantern":224,"stat.useItem.minecraft.milk_bucket":3,"stat.useItem.minecraft.written_book":41,"stat.useItem.minecraft.trapdoor":3,"stat.sprintOneCm":1163263,"stat.useItem.minecraft.stained_glass":659,"stat.useItem.minecraft.diamond_block":47,"stat.pickup.minecraft.end_rod":1,"stat.useItem.minecraft.hay_block":245,"stat.useItem.minecraft.fence":26,"stat.useItem.minecraft.stone_stairs":205,"stat.useItem.minecraft.acacia_fence":61,"stat.useItem.minecraft.stone_slab":4862,"achievement.openInventory":1949,"stat.drop.minecraft.carrot_on_a_stick":2,"stat.pickup.minecraft.grass":2,"stat.useItem.minecraft.wooden_button":52,"stat.useItem.minecraft.stone_pressure_plate":18,"stat.drop.minecraft.leaves":2,"stat.deaths":1,"stat.drop":47,"stat.playOneMinute":1561294,"stat.useItem.minecraft.ladder":76,"stat.useItem.minecraft.birch_stairs":71,"stat.diveOneCm":59530,"stat.pickup.minecraft.pumpkin":1,"stat.useItem.minecraft.sticky_piston":22,"stat.useItem.minecraft.stone":3418,"stat.pickup.minecraft.gravel":11,"stat.killEntity.Slime":1,"stat.drop.minecraft.ladder":1,"stat.useItem.minecraft.ender_chest":4,"stat.useItem.minecraft.carpet":308,"stat.useItem.minecraft.stained_glass_pane":50,"stat.useItem.minecraft.flower_pot":2,"stat.jump":10392,"stat.useItem.minecraft.sand":5,"stat.useItem.minecraft.iron_trapdoor":7,"stat.fallOneCm":6910,"stat.drop.minecraft.stone":5,"stat.useItem.minecraft.piston":2,"stat.drop.minecraft.diamond_sword":1,"stat.crouchOneCm":180627,"stat.useItem.minecraft.stone_button":1,"stat.useItem.minecraft.light_weighted_pressure_plate":2,"stat.drop.minecraft.stained_glass_pane":1,"stat.drop.minecraft.milk_bucket":1,"stat.useItem.minecraft.glass":1,"stat.drop.minecraft.leaves2":1,"stat.pickup.minecraft.iron_axe":1,"stat.pickup.minecraft.leaves":1,"stat.useItem.minecraft.dark_oak_fence":11,"stat.damageTaken":310,"stat.useItem.minecraft.stone_brick_stairs":655,"stat.pickup.minecraft.written_book":2,"stat.useItem.minecraft.gold_block":5,"stat.useItem.minecraft.carrot_on_a_stick":14,"stat.useItem.minecraft.slime":1,"stat.useItem.minecraft.enchanting_table":2,"stat.pickup.minecraft.stained_glass":4,"stat.damageDealt":2146,"stat.useItem.minecraft.wool":627,"stat.drop.minecraft.reeds":1,"stat.drop.minecraft.iron_axe":1,"stat.useItem.minecraft.command_block":25,"stat.walkOneCm":1465561,"stat.useItem.minecraft.torch":11,"stat.useItem.minecraft.pumpkin":2,"stat.useItem.minecraft.log":131,"stat.useItem.minecraft.cobblestone":1105,"stat.useItem.minecraft.gravel":222,"stat.drop.minecraft.sign":3,"stat.drop.minecraft.stonebrick":4,"stat.useItem.minecraft.redstone_block":2,"stat.pickup.minecraft.stone":6,"stat.drop.minecraft.emerald":6,"stat.pickup.minecraft.tipped_arrow":1,"stat.useItem.minecraft.stained_hardened_clay":237,"stat.useItem.minecraft.leaves":1844,"stat.useItem.minecraft.tallgrass":28,"stat.pickup.minecraft.ladder":1,"stat.useItem.minecraft.glass_pane":3,"stat.useItem.minecraft.netherrack":7,"stat.killEntity.Skeleton":194,"stat.useItem.minecraft.tripwire_hook":1,"stat.drop.minecraft.lever":1,"stat.mobKills":197,"stat.useItem.minecraft.stonebrick":5204,"stat.drop.minecraft.written_book":6,"stat.useItem.minecraft.mossy_cobblestone":4,"stat.pickup.minecraft.water_bucket":1,"stat.useItem.minecraft.monster_egg":7,"stat.useItem.minecraft.cobblestone_wall":320,"stat.sneakTime":102148,"stat.pickup.minecraft.wool":3,"stat.pickup.minecraft.elytra":1,"stat.pickup.minecraft.stone_slab":5,"stat.useItem.minecraft.web":353}