{"stat.useItem.minecraft.bow":138,"stat.drop.minecraft.armor_stand":7,"stat.useItem.minecraft.chain_command_block":317,"stat.useItem.minecraft.quartz_block":1168,"stat.leaveGame":53,"stat.killEntity.Ozelot":18,"stat.drop.minecraft.redstone":6,"stat.useItem.minecraft.repeating_command_block":44,"stat.mineBlock.minecraft.stained_glass":3,"stat.useItem.minecraft.planks":298,"stat.useItem.minecraft.nether_brick_stairs":22,"stat.drop.minecraft.feather":4,"stat.useItem.minecraft.red_sandstone_stairs":48,"stat.pickup.minecraft.leaves2":1,"stat.useItem.minecraft.water_bucket":226,"stat.drop.minecraft.redstone_torch":2,"stat.useItem.minecraft.sandstone_stairs":2,"stat.useItem.minecraft.activator_rail":1,"stat.useItem.minecraft.vine":1,"stat.pickup.minecraft.cobblestone_wall":1,"stat.useItem.minecraft.purpur_stairs":26,"stat.useItem.minecraft.anvil":1,"stat.drop.minecraft.sand":1,"stat.killEntity.Villager":2,"stat.useItem.minecraft.spawn_egg":33,"stat.pickup.minecraft.armor_stand":1,"stat.drop.minecraft.wooden_shovel":1,"stat.useItem.minecraft.oak_stairs":37,"stat.drop.minecraft.gravel":1,"stat.drop.minecraft.diamond_block":1,"stat.useItem.minecraft.dark_oak_stairs":1,"stat.pickup.minecraft.wooden_button":23,"stat.drop.minecraft.red_flower":22,"stat.drop.minecraft.stone_slab":8,"stat.useItem.minecraft.double_plant":32,"stat.pickup.minecraft.beef":16,"stat.useItem.minecraft.redstone":39,"stat.drop.minecraft.wooden_button":33,"achievement.mineWood":1,"stat.useItem.minecraft.stained_glass":303,"stat.pickup.minecraft.iron_chestplate":7,"stat.useItem.minecraft.fence":4,"stat.drop.minecraft.stone_pressure_plate":2,"stat.useItem.minecraft.stone_stairs":8,"stat.drop.minecraft.acacia_stairs":1,"stat.useItem.minecraft.acacia_fence":48,"achievement.openInventory":845,"stat.drop.minecraft.nether_brick_stairs":1,"stat.useItem.minecraft.wooden_button":82,"stat.useItem.minecraft.hopper":3,"stat.pickup.minecraft.emerald":1,"stat.pickup.minecraft.lever":4,"stat.deaths":2,"stat.drop.minecraft.chain_command_block":88,"stat.playOneMinute":1967848,"stat.useItem.minecraft.jungle_stairs":2,"stat.drop.minecraft.torch":144,"stat.useItem.minecraft.stone":1196,"stat.drop.minecraft.hopper":1,"stat.useItem.minecraft.jungle_fence":1,"stat.pickup.minecraft.arrow":10,"stat.drop.minecraft.banner":38,"stat.pickup.minecraft.brick_stairs":1,"stat.fallOneCm":29353,"stat.drop.minecraft.stone":56,"stat.crouchOneCm":77694,"stat.drop.minecraft.stained_glass_pane":6,"stat.drop.minecraft.leaves2":8,"stat.pickup.minecraft.wooden_pickaxe":1,"stat.drop.minecraft.double_plant":1,"stat.pickup.minecraft.feather":2,"stat.useItem.minecraft.furnace":1,"stat.useItem.minecraft.reeds":245,"stat.pickup.minecraft.planks":7,"stat.pickup.minecraft.wheat_seeds":2,"stat.drop.minecraft.spruce_fence":1,"stat.useItem.minecraft.enchanting_table":1,"stat.drop.minecraft.diamond_hoe":2,"stat.drop.minecraft.carpet":16,"stat.useItem.minecraft.wool":5,"stat.drop.minecraft.reeds":2,"stat.useItem.minecraft.torch":7,"stat.drop.minecraft.stone_brick_stairs":3,"stat.useItem.minecraft.log":1473,"stat.useItem.minecraft.comparator":5,"stat.drop.minecraft.tallgrass":6,"stat.pickup.minecraft.log":1,"stat.drop.minecraft.sign":14,"stat.drop.minecraft.stonebrick":24,"stat.useItem.minecraft.yellow_flower":1,"stat.pickup.minecraft.tallgrass":1,"stat.drop.minecraft.planks":13,"stat.drop.minecraft.sapling":1,"stat.drop.minecraft.lapis_block":1,"stat.pickup.minecraft.chicken":2,"stat.drop.minecraft.brick_stairs":13,"stat.useItem.minecraft.tallgrass":204,"stat.pickup.minecraft.banner":24,"stat.drop.minecraft.bow":1,"stat.pickup.minecraft.carrot_on_a_stick":1,"stat.useItem.minecraft.barrier":1177,"stat.drop.minecraft.comparator":1,"stat.useItem.minecraft.stonebrick":2521,"stat.pickup.minecraft.red_flower":126,"stat.sneakTime":53081,"stat.drop.minecraft.grass":40,"stat.useItem.minecraft.web":140,"stat.useItem.minecraft.brick_stairs":280,"stat.useItem.minecraft.lapis_block":280,"stat.pickup.minecraft.bone":4,"stat.useItem.minecraft.repeater":3,"stat.useItem.minecraft.diamond_sword":119,"stat.swimOneCm":22264,"stat.climbOneCm":29939,"stat.useItem.minecraft.end_rod":5,"stat.useItem.minecraft.redstone_torch":2,"stat.useItem.minecraft.dirt":1245,"achievement.exploreAllBiomes":{"value":0,"progress":["Mesa","Jungle","Plains","The Void"]},"stat.useItem.minecraft.red_flower":194,"stat.drop.minecraft.web":2,"stat.useItem.minecraft.leaves2":154,"stat.pickup.minecraft.diamond_hoe":1,"stat.drop.minecraft.iron_helmet":1,"stat.flyOneCm":18337847,"stat.pickup.minecraft.redstone":8,"stat.timeSinceDeath":584992,"stat.drop.minecraft.log":3,"stat.useItem.minecraft.sign":21,"stat.useItem.minecraft.wooden_slab":33,"stat.drop.minecraft.repeater":1,"stat.useItem.minecraft.lever":31,"stat.drop.minecraft.red_sandstone_stairs":3,"stat.pickup.minecraft.stonebrick":2,"stat.drop.minecraft.stained_glass":25,"stat.drop.minecraft.dirt":3,"stat.pickup.minecraft.carpet":36,"stat.useItem.minecraft.acacia_stairs":7,"stat.drop.minecraft.wool":1,"stat.useItem.minecraft.armor_stand":496,"stat.drop.minecraft.spawn_egg":6,"stat.useItem.minecraft.purpur_pillar":127,"stat.useItem.minecraft.milk_bucket":1,"stat.drop.minecraft.anvil":1,"stat.drop.minecraft.oak_stairs":2,"stat.useItem.minecraft.spruce_fence":14,"stat.useItem.minecraft.diamond_block":17,"stat.sprintOneCm":887653,"stat.useItem.minecraft.hay_block":2,"stat.drop.minecraft.leather":1,"stat.useItem.minecraft.stone_slab":418,"stat.drop.minecraft.carrot_on_a_stick":1,"stat.useItem.minecraft.snowball":35,"stat.pickup.minecraft.grass":3,"stat.useItem.minecraft.stone_pressure_plate":9,"stat.drop.minecraft.leaves":6,"stat.drop.minecraft.cobblestone_wall":1,"stat.pickup.minecraft.spawn_egg":1,"stat.drop":623,"stat.pickup.minecraft.stone_button":2,"stat.useItem.minecraft.banner":135,"stat.useItem.minecraft.ladder":274,"stat.pickup.minecraft.slime_ball":2,"stat.drop.minecraft.redstone_block":8,"stat.useItem.minecraft.birch_stairs":44,"stat.diveOneCm":21915,"stat.drop.minecraft.stone_stairs":1,"stat.drop.minecraft.purpur_stairs":4,"stat.pickup.minecraft.sign":1,"stat.useItem.minecraft.quartz_stairs":1,"stat.drop.minecraft.wooden_pickaxe":1,"stat.pickup.minecraft.gravel":7,"stat.killEntity.Slime":2,"stat.drop.minecraft.ladder":8,"stat.drop.minecraft.golden_shovel":1,"stat.pickup.minecraft.stained_glass_pane":2,"stat.useItem.minecraft.heavy_weighted_pressure_plate":1,"stat.useItem.minecraft.carpet":409,"stat.useItem.minecraft.stained_glass_pane":61,"stat.useItem.minecraft.iron_trapdoor":2,"stat.useItem.minecraft.sand":5,"stat.jump":11740,"stat.pickup.minecraft.iron_helmet":1,"stat.drop.minecraft.diamond_sword":1,"stat.useItem.minecraft.stone_button":19,"stat.useItem.minecraft.light_weighted_pressure_plate":1,"stat.useItem.minecraft.glass":1,"stat.drop.minecraft.barrier":2,"stat.useItem.minecraft.sapling":1,"stat.pickup.minecraft.command_block":1,"stat.drop.minecraft.gold_block":1,"stat.damageTaken":1110,"stat.pickup.minecraft.leather":9,"stat.useItem.minecraft.stone_brick_stairs":689,"stat.useItem.minecraft.gold_block":1,"stat.drop.minecraft.stone_button":1,"stat.drop.minecraft.water_bucket":2,"stat.useItem.minecraft.carrot_on_a_stick":312,"stat.pickup.minecraft.reeds":53,"stat.pickup.minecraft.acacia_fence":1,"stat.pickup.minecraft.quartz_block":1,"stat.killEntity.Shulker":12,"stat.pickup.minecraft.stained_glass":4,"stat.damageDealt":11857,"stat.killEntity.Cow":6,"stat.useItem.minecraft.crafting_table":1,"stat.useItem.minecraft.command_block":154,"stat.walkOneCm":1815439,"stat.drop.minecraft.vine":1,"stat.drop.minecraft.birch_stairs":1,"stat.useItem.minecraft.redstone_block":34,"stat.drop.minecraft.iron_chestplate":2,"stat.useItem.minecraft.spruce_stairs":2,"stat.pickup.minecraft.stone":2,"stat.drop.minecraft.emerald":4,"stat.useItem.minecraft.leaves":1019,"stat.drop.minecraft.command_block":59,"stat.pickup.minecraft.ladder":25,"stat.killEntity.Skeleton":335,"stat.drop.minecraft.nether_brick":1,"stat.useItem.minecraft.tripwire_hook":3,"stat.drop.minecraft.lever":13,"stat.killEntity.Chicken":2,"stat.mobKills":643,"stat.drop.minecraft.repeating_command_block":29,"stat.useItem.minecraft.mossy_cobblestone":24,"stat.useItem.minecraft.cobblestone_wall":118,"stat.pickup.minecraft.torch":144,"stat.drop.minecraft.quartz_block":7}