{"stat.useItem.minecraft.string":14,"stat.useItem.minecraft.bow":5,"stat.pickup.minecraft.repeating_command_block":1,"stat.drop.minecraft.armor_stand":28,"stat.useItem.minecraft.chain_command_block":183,"stat.useItem.minecraft.quartz_block":356,"stat.useItem.minecraft.painting":2,"stat.pigOneCm":22532,"stat.leaveGame":88,"stat.drop.minecraft.gunpowder":1,"stat.killEntity.Ozelot":12,"stat.drop.minecraft.redstone":1,"stat.useItem.minecraft.repeating_command_block":60,"stat.useItem.minecraft.glowstone":44,"stat.drop.minecraft.trapdoor":1,"stat.useItem.minecraft.planks":213,"stat.pickup.minecraft.porkchop":2,"stat.useItem.minecraft.red_sandstone_stairs":7,"stat.useItem.minecraft.water_bucket":243,"stat.drop.minecraft.redstone_torch":8,"stat.useItem.minecraft.golden_sword":7,"stat.useItem.minecraft.purpur_stairs":72,"stat.pickup.minecraft.cobblestone_wall":1,"stat.useItem.minecraft.brown_mushroom":2,"stat.hopperInspected":5,"stat.useItem.minecraft.fence_gate":1,"stat.useItem.minecraft.spawn_egg":36,"stat.drop.minecraft.wooden_shovel":1,"stat.drop.minecraft.diamond_block":1,"stat.pickup.minecraft.wooden_button":1,"stat.drop.minecraft.red_flower":5,"stat.drop.minecraft.stone_slab":7,"stat.drop.minecraft.wooden_pressure_plate":1,"stat.useItem.minecraft.double_plant":3,"stat.useItem.minecraft.redstone":41,"stat.drop.minecraft.stained_hardened_clay":23,"stat.drop.minecraft.wooden_button":26,"stat.drop.minecraft.light_weighted_pressure_plate":1,"achievement.mineWood":1,"stat.useItem.minecraft.trapdoor":123,"stat.useItem.minecraft.stained_glass":416,"stat.useItem.minecraft.fence":7,"stat.drop.minecraft.stone_pressure_plate":10,"stat.useItem.minecraft.stone_stairs":13,"stat.drop.minecraft.lead":2,"achievement.openInventory":1356,"stat.pickup.minecraft.stone_stairs":2,"stat.useItem.minecraft.wooden_button":90,"stat.useItem.minecraft.hopper":25,"stat.drop.minecraft.snowball":1,"stat.pickup.minecraft.saddle":1,"stat.pickup.minecraft.lever":1,"stat.deaths":2,"stat.drop.minecraft.chain_command_block":62,"stat.playOneMinute":2710746,"stat.drop.minecraft.string":1,"stat.pickup.minecraft.sea_lantern":1,"stat.drop.minecraft.torch":4,"stat.chestOpened":9,"stat.useItem.minecraft.stone":2865,"stat.drop.minecraft.hopper":7,"stat.useItem.minecraft.jungle_fence":2,"stat.pickup.minecraft.arrow":66,"stat.useItem.minecraft.sponge":40,"stat.useItem.minecraft.acacia_fence_gate":3,"stat.drop.minecraft.banner":14,"stat.pickup.minecraft.brick_stairs":3,"stat.fallOneCm":62098,"stat.drop.minecraft.stone":150,"stat.drop.minecraft.dye":3,"stat.crouchOneCm":159847,"stat.drop.minecraft.book":1,"stat.drop.minecraft.stained_glass_pane":10,"stat.dropperInspected":16,"stat.drop.minecraft.leaves2":1,"stat.pickup.minecraft.repeater":1,"stat.useItem.minecraft.reeds":10,"stat.pickup.minecraft.dye":5,"stat.pickup.minecraft.planks":1,"stat.drop.minecraft.jungle_fence":1,"stat.pickup.minecraft.lead":3,"stat.useItem.minecraft.enchanting_table":35,"stat.drop.minecraft.diamond_hoe":10,"stat.drop.minecraft.carpet":7,"stat.useItem.minecraft.wool":34,"stat.drop.minecraft.reeds":1,"stat.useItem.minecraft.iron_bars":1,"stat.drop.minecraft.paper":1,"stat.useItem.minecraft.torch":73,"stat.drop.minecraft.stone_brick_stairs":6,"stat.useItem.minecraft.log":408,"stat.useItem.minecraft.comparator":14,"stat.drop.minecraft.tallgrass":2,"stat.useItem.minecraft.cobblestone":13,"stat.drop.minecraft.golden_hoe":1,"stat.useItem.minecraft.gravel":6,"stat.pickup.minecraft.redstone_block":1,"stat.pickup.minecraft.log":1,"stat.drop.minecraft.sign":26,"stat.drop.minecraft.stonebrick":18,"stat.drop.minecraft.planks":5,"stat.pickup.minecraft.web":2,"stat.pickup.minecraft.hopper":3,"stat.drop.minecraft.brick_stairs":7,"stat.useItem.minecraft.tallgrass":150,"stat.drop.minecraft.bow":5,"stat.pickup.minecraft.carrot_on_a_stick":2,"stat.useItem.minecraft.barrier":1288,"stat.drop.minecraft.comparator":1,"stat.useItem.minecraft.wooden_pressure_plate":2,"stat.useItem.minecraft.stonebrick":1144,"stat.sneakTime":75685,"stat.drop.minecraft.sea_lantern":3,"stat.drop.minecraft.yellow_flower":1,"stat.pickup.minecraft.stone_slab":1,"stat.drop.minecraft.grass":22,"stat.drop.minecraft.wooden_axe":4,"stat.useItem.minecraft.fishing_rod":1,"stat.useItem.minecraft.web":48,"stat.useItem.minecraft.brick_stairs":64,"stat.useItem.minecraft.lapis_block":31,"stat.useItem.minecraft.repeater":25,"stat.drop.minecraft.tripwire_hook":1,"stat.useItem.minecraft.diamond_sword":42,"stat.swimOneCm":40585,"stat.drop.minecraft.saddle":1,"stat.useItem.minecraft.snow":120,"stat.climbOneCm":28936,"stat.useItem.minecraft.coal_block":2,"stat.useItem.minecraft.redstone_torch":253,"stat.useItem.minecraft.dirt":645,"stat.useItem.minecraft.stone_slab2":36,"achievement.exploreAllBiomes":{"value":0,"progress":["Mesa","Jungle","The Void"]},"stat.drop.minecraft.brick":1,"stat.useItem.minecraft.red_flower":108,"stat.drop.minecraft.web":4,"stat.useItem.minecraft.leaves2":14,"stat.pickup.minecraft.cobblestone":1,"stat.useItem.minecraft.spruce_fence_gate":2,"stat.pickup.minecraft.diamond_hoe":3,"stat.flyOneCm":29483097,"stat.drop.minecraft.heavy_weighted_pressure_plate":2,"stat.pickup.minecraft.chain_command_block":5,"stat.drop.minecraft.clay_ball":1,"stat.pickup.minecraft.redstone":1,"stat.timeSinceDeath":86353,"stat.drop.minecraft.log":11,"stat.useItem.minecraft.sign":57,"stat.useItem.minecraft.wooden_slab":7,"stat.drop.minecraft.repeater":4,"stat.killEntity.Bat":1,"stat.useItem.minecraft.lever":37,"stat.pickup.minecraft.stonebrick":6,"stat.drop.minecraft.red_sandstone_stairs":1,"stat.drop.minecraft.stained_glass":18,"stat.drop.minecraft.dirt":7,"stat.pickup.minecraft.carpet":3,"stat.drop.minecraft.wool":2,"stat.useItem.minecraft.armor_stand":212,"stat.drop.minecraft.spawn_egg":8,"stat.useItem.minecraft.purpur_pillar":6,"stat.useItem.minecraft.milk_bucket":1,"stat.useItem.minecraft.sea_lantern":158,"stat.useItem.minecraft.written_book":125,"stat.useItem.minecraft.dropper":1,"stat.sprintOneCm":2512528,"stat.useItem.minecraft.diamond_block":416,"stat.useItem.minecraft.hay_block":3,"stat.useItem.minecraft.stone_slab":315,"stat.drop.minecraft.carrot_on_a_stick":1,"stat.useItem.minecraft.snowball":61,"stat.useItem.minecraft.stone_pressure_plate":66,"stat.drop.minecraft.leaves":13,"stat.drop.minecraft.cobblestone_wall":4,"stat.drop":694,"stat.useItem.minecraft.banner":79,"stat.useItem.minecraft.ladder":119,"stat.drop.minecraft.redstone_block":13,"stat.drop.minecraft.purpur_pillar":1,"stat.useItem.minecraft.birch_stairs":4,"stat.diveOneCm":75954,"stat.drop.minecraft.diamond_pickaxe":1,"stat.useItem.minecraft.sticky_piston":30,"stat.drop.minecraft.stone_stairs":4,"stat.drop.minecraft.purpur_stairs":3,"stat.pickup.minecraft.sign":2,"stat.killEntity.Slime":7,"stat.drop.minecraft.ladder":1,"stat.drop.minecraft.golden_shovel":3,"stat.pickup.minecraft.stained_glass_pane":1,"stat.useItem.minecraft.carpet":296,"stat.useItem.minecraft.heavy_weighted_pressure_plate":1,"stat.useItem.minecraft.stained_glass_pane":58,"stat.drop.minecraft.sponge":3,"stat.jump":31341,"stat.drop.minecraft.diamond_sword":2,"stat.useItem.minecraft.stone_button":5,"stat.pickup.minecraft.dirt":1,"stat.useItem.minecraft.light_weighted_pressure_plate":2,"stat.drop.minecraft.glowstone":3,"stat.drop.minecraft.glass":1,"stat.useItem.minecraft.glass":37,"stat.useItem.minecraft.dispenser":1,"stat.drop.minecraft.enchanting_table":1,"stat.drop.minecraft.barrier":15,"stat.pickup.minecraft.command_block":9,"stat.pickup.minecraft.leaves":2,"stat.damageTaken":3636,"stat.drop.minecraft.iron_hoe":1,"stat.useItem.minecraft.stone_brick_stairs":252,"stat.dispenserInspected":2,"stat.drop.minecraft.stone_button":2,"stat.drop.minecraft.water_bucket":2,"stat.useItem.minecraft.carrot_on_a_stick":75,"stat.killEntity.Shulker":1,"stat.pickup.minecraft.stained_glass":4,"stat.damageDealt":3328,"stat.killEntity.Pig":1,"stat.useItem.minecraft.command_block":283,"stat.walkOneCm":2200092,"stat.useItem.minecraft.chest":1,"stat.useItem.minecraft.pumpkin":1,"stat.pickup.minecraft.clay_ball":1,"stat.drop.minecraft.diamond_axe":1,"stat.useItem.minecraft.redstone_block":186,"stat.drop.minecraft.iron_chestplate":1,"stat.pickup.minecraft.stone":6,"stat.drop.minecraft.emerald":15,"stat.useItem.minecraft.stained_hardened_clay":596,"stat.useItem.minecraft.leaves":500,"stat.drop.minecraft.command_block":70,"stat.drop.minecraft.wooden_slab":1,"stat.killEntity.Skeleton":144,"stat.pickup.minecraft.barrier":1,"stat.drop.minecraft.lever":6,"stat.useItem.minecraft.tripwire_hook":2,"stat.useItem.minecraft.iron_block":1,"stat.mobKills":242,"stat.drop.minecraft.repeating_command_block":24,"stat.drop.minecraft.written_book":23,"stat.pickup.minecraft.golden_shovel":1,"stat.useItem.minecraft.cobblestone_wall":36,"stat.useItem.minecraft.writable_book":3,"stat.pickup.minecraft.torch":3,"stat.drop.minecraft.quartz_block":2,"stat.drop.minecraft.diamond_shovel":1,"stat.useItem.minecraft.purpur_slab":1,"stat.drop.minecraft.arrow":3}