{"stat.useItem.minecraft.string":84,"stat.useItem.minecraft.bow":103,"stat.pickup.minecraft.repeating_command_block":1,"stat.drop.minecraft.armor_stand":1,"stat.useItem.minecraft.chain_command_block":338,"stat.useItem.minecraft.quartz_block":700,"stat.leaveGame":221,"stat.pickup.minecraft.stone_slab2":4,"stat.drop.minecraft.redstone":1,"stat.useItem.minecraft.repeating_command_block":111,"stat.pickup.minecraft.lapis_block":1,"stat.useItem.minecraft.glowstone":135,"stat.drop.minecraft.trapdoor":1,"stat.useItem.minecraft.planks":1052,"stat.useItem.minecraft.red_sandstone_stairs":2,"stat.pickup.minecraft.leaves2":1,"stat.useItem.minecraft.water_bucket":179,"stat.drop.minecraft.iron_sword":3,"stat.pickup.minecraft.sand":4,"stat.useItem.minecraft.purpur_stairs":50,"stat.pickup.minecraft.cobblestone_wall":2,"stat.useItem.minecraft.anvil":4,"stat.hopperInspected":2,"stat.useItem.minecraft.spawn_egg":68,"stat.pickup.minecraft.armor_stand":2,"stat.pickup.minecraft.wooden_button":2,"stat.pickup.minecraft.sponge":2,"stat.drop.minecraft.stone_slab":5,"stat.useItem.minecraft.double_plant":18,"stat.useItem.minecraft.redstone":48,"stat.drop.minecraft.wooden_button":1,"stat.useItem.minecraft.stained_glass":366,"stat.useItem.minecraft.fence":38,"stat.useItem.minecraft.stone_stairs":122,"stat.drop.minecraft.stone_pressure_plate":1,"stat.useItem.minecraft.acacia_fence":4,"achievement.openInventory":2426,"stat.pickup.minecraft.stone_stairs":2,"stat.useItem.minecraft.wooden_button":30,"stat.useItem.minecraft.hopper":1,"stat.pickup.minecraft.emerald":6,"stat.useItem.minecraft.dye":7,"stat.deaths":6,"stat.drop.minecraft.chain_command_block":4,"stat.playOneMinute":9087717,"stat.pickup.minecraft.item_frame":172,"stat.chestOpened":45,"stat.useItem.minecraft.splash_potion":1,"stat.useItem.minecraft.stone":1984,"stat.useItem.minecraft.sponge":104,"stat.pickup.minecraft.iron_sword":4,"stat.drop.minecraft.banner":1,"stat.fallOneCm":37999,"stat.drop.minecraft.stone":6,"stat.drop.minecraft.dye":27,"stat.drop.minecraft.stone_sword":3,"stat.crouchOneCm":1032662,"stat.drop.minecraft.slime_ball":2,"stat.pickup.minecraft.heavy_weighted_pressure_plate":2,"stat.drop.minecraft.leaves2":1,"stat.pickup.minecraft.dye":4,"stat.pickup.minecraft.planks":2,"stat.useItem.minecraft.stone_sword":15,"stat.useItem.minecraft.wool":997,"stat.useItem.minecraft.torch":4,"stat.drop.minecraft.stone_brick_stairs":1,"stat.useItem.minecraft.log":33,"stat.useItem.minecraft.cobblestone":164,"stat.useItem.minecraft.gravel":251,"stat.pickup.minecraft.redstone_block":68,"stat.drop.minecraft.stonebrick":7,"stat.pickup.minecraft.web":64,"stat.drop.minecraft.planks":2,"stat.drop.minecraft.lapis_block":1,"stat.useItem.minecraft.tallgrass":33,"stat.pickup.minecraft.banner":1,"stat.drop.minecraft.bow":47,"stat.pickup.minecraft.carrot_on_a_stick":12,"stat.useItem.minecraft.iron_sword":33,"stat.useItem.minecraft.barrier":166,"stat.pickup.minecraft.stone_sword":3,"stat.useItem.minecraft.stonebrick":8023,"stat.pickup.minecraft.book":1,"stat.useItem.minecraft.monster_egg":23,"stat.pickup.minecraft.red_flower":1,"stat.sneakTime":318627,"stat.pickup.minecraft.wool":1,"stat.pickup.minecraft.stone_slab":5,"stat.useItem.minecraft.web":98,"stat.useItem.minecraft.brick_stairs":368,"stat.useItem.minecraft.lapis_block":245,"stat.pickup.minecraft.stone_pressure_plate":1,"stat.useItem.minecraft.repeater":10,"stat.useItem.minecraft.diamond_sword":64,"stat.swimOneCm":256532,"stat.climbOneCm":50435,"stat.pickup.minecraft.glowstone":1,"stat.useItem.minecraft.end_rod":1,"stat.drop.minecraft.cobblestone":3,"stat.useItem.minecraft.coal_block":197,"stat.useItem.minecraft.redstone_torch":81,"stat.useItem.minecraft.dirt":793,"stat.useItem.minecraft.stone_slab2":29,"stat.pickup.minecraft.bow":7,"achievement.exploreAllBiomes":{"value":0,"progress":["Mesa","Jungle","The Void"]},"stat.drop.minecraft.brick":1,"stat.useItem.minecraft.red_flower":36,"stat.useItem.minecraft.leaves2":341,"stat.pickup.minecraft.cobblestone":4,"stat.flyOneCm":64892342,"stat.drop.minecraft.heavy_weighted_pressure_plate":1,"stat.pickup.minecraft.chain_command_block":5,"stat.drop.minecraft.clay_ball":1,"stat.pickup.minecraft.redstone":1,"stat.timeSinceDeath":1100652,"stat.useItem.minecraft.sign":47,"stat.useItem.minecraft.wooden_slab":57,"stat.useItem.minecraft.lever":7,"stat.pickup.minecraft.stonebrick":9,"stat.pickup.minecraft.trapdoor":1,"stat.drop.minecraft.wool":1,"stat.useItem.minecraft.armor_stand":519,"stat.talkedToVillager":25,"stat.pickup.minecraft.wooden_sword":2,"stat.useItem.minecraft.purpur_pillar":126,"stat.useItem.minecraft.sea_lantern":117,"stat.useItem.minecraft.written_book":116,"stat.useItem.minecraft.dropper":4,"stat.sprintOneCm":9991574,"stat.useItem.minecraft.stone_slab":2126,"stat.drop.minecraft.carrot_on_a_stick":10,"stat.useItem.minecraft.stone_pressure_plate":34,"stat.useItem.minecraft.wooden_shovel":11,"stat.drop.minecraft.cobblestone_wall":2,"stat.pickup.minecraft.spawn_egg":1,"stat.drop":157,"stat.useItem.minecraft.banner":26,"stat.useItem.minecraft.ladder":249,"stat.pickup.minecraft.slime_ball":5,"stat.drop.minecraft.redstone_block":4,"stat.useItem.minecraft.birch_stairs":8,"stat.diveOneCm":192177,"stat.drop.minecraft.stone_stairs":1,"stat.killEntity.Slime":167,"stat.useItem.minecraft.waterlily":3,"stat.useItem.minecraft.carpet":149,"stat.useItem.minecraft.heavy_weighted_pressure_plate":52,"stat.useItem.minecraft.stained_glass_pane":43,"stat.pickup.minecraft.stone_brick_stairs":1,"stat.pickup.minecraft.diamond_sword":2,"stat.drop.minecraft.sponge":1,"stat.pickup.minecraft.brick":1,"stat.jump":91292,"stat.useItem.minecraft.sand":3,"stat.drop.minecraft.diamond_sword":2,"stat.drop.minecraft.wooden_sword":2,"stat.useItem.minecraft.stone_button":35,"stat.useItem.minecraft.light_weighted_pressure_plate":2,"stat.useItem.minecraft.glass":51,"stat.pickup.minecraft.command_block":8,"stat.pickup.minecraft.leaves":1,"stat.damageTaken":2017,"stat.useItem.minecraft.stone_brick_stairs":495,"stat.pickup.minecraft.written_book":1,"stat.useItem.minecraft.carrot_on_a_stick":175,"stat.pickup.minecraft.quartz_block":1,"stat.killEntity.Shulker":2,"stat.pickup.minecraft.stained_glass":3,"stat.damageDealt":13084,"stat.useItem.minecraft.command_block":448,"stat.walkOneCm":5718354,"stat.pickup.minecraft.clay_ball":1,"stat.useItem.minecraft.redstone_block":581,"stat.pickup.minecraft.stone":9,"stat.drop.minecraft.emerald":5,"stat.useItem.minecraft.stained_hardened_clay":117,"stat.useItem.minecraft.leaves":567,"stat.drop.minecraft.command_block":6,"stat.killEntity.Skeleton":539,"stat.pickup.minecraft.barrier":1,"stat.useItem.minecraft.iron_block":1,"stat.mobKills":790,"stat.useItem.minecraft.cobblestone_wall":112,"stat.drop.minecraft.quartz_block":1,"stat.drop.minecraft.stone_slab2":1}