{"stat.useItem.minecraft.command_block":8,"stat.walkOneCm":41094,"stat.useItem.minecraft.chain_command_block":12,"stat.useItem.minecraft.stone":168,"stat.leaveGame":7,"stat.useItem.minecraft.cobblestone":5,"stat.useItem.minecraft.repeating_command_block":10,"stat.useItem.minecraft.armor_stand":1,"stat.useItem.minecraft.diamond_sword":1,"stat.jump":1297,"stat.swimOneCm":15436,"stat.fallOneCm":4826,"stat.climbOneCm":238,"stat.drop.minecraft.stone":1,"stat.drop.minecraft.stained_hardened_clay":4,"stat.crouchOneCm":21713,"stat.useItem.minecraft.stained_hardened_clay":12,"stat.useItem.minecraft.redstone_torch":4,"stat.useItem.minecraft.stone_button":3,"stat.sprintOneCm":114747,"stat.useItem.minecraft.stained_glass":2,"achievement.exploreAllBiomes":{"value":0,"progress":["Jungle","The Void"]},"stat.useItem.minecraft.water_bucket":56,"stat.killEntity.Skeleton":1,"stat.useItem.minecraft.stone_slab":2,"achievement.openInventory":63,"stat.damageTaken":60,"stat.useItem.minecraft.stone_brick_stairs":2,"stat.drop.minecraft.water_bucket":1,"stat.mobKills":1,"stat.useItem.minecraft.stonebrick":8,"stat.drop.minecraft.repeating_command_block":1,"stat.useItem.minecraft.anvil":2,"stat.flyOneCm":1554735,"stat.pickup.minecraft.water_bucket":2,"stat.drop":8,"stat.drop.minecraft.chain_command_block":1,"stat.playOneMinute":118474,"stat.sneakTime":6519,"stat.damageDealt":10,"stat.useItem.minecraft.wool":10,"stat.timeSinceDeath":118474,"stat.pickup.minecraft.stained_hardened_clay":1,"stat.diveOneCm":2504}