{"stat.useItem.minecraft.red_flower":3,"stat.walkOneCm":36357,"stat.useItem.minecraft.stone_slab":1,"achievement.openInventory":13,"stat.useItem.minecraft.stone":2,"stat.leaveGame":2,"stat.damageTaken":120,"stat.flyOneCm":359306,"stat.jump":357,"stat.swimOneCm":3387,"stat.playOneMinute":14856,"stat.sneakTime":678,"stat.crouchOneCm":2567,"stat.timeSinceDeath":14856,"stat.useItem.minecraft.dirt":2,"stat.sprintOneCm":50940,"stat.useItem.minecraft.stained_glass":1,"achievement.exploreAllBiomes":{"value":0,"progress":["Jungle","The Void"]},"stat.diveOneCm":206}