{"stat.useItem.minecraft.bow":1,"stat.walkOneCm":61647,"stat.craftItem.minecraft.stained_hardened_clay":26,"achievement.openInventory":49,"stat.craftItem.minecraft.planks":1,"stat.craftItem.minecraft.stone":11,"stat.leaveGame":4,"stat.craftItem.minecraft.fence":8,"stat.jump":14,"stat.playOneMinute":17096,"stat.sneakTime":356,"stat.craftItem.minecraft.stained_glass":40,"stat.crouchOneCm":5817,"stat.timeSinceDeath":17096,"stat.craftItem.minecraft.anvil":1,"stat.sprintOneCm":39342,"achievement.exploreAllBiomes":{"value":0,"progress":["Beach","Plains"]}}