{
  "minecraft:adventure/adventuring_time": {
    "criteria": {
      "minecraft:forest": "2020-07-01 13:09:30 +0200",
      "minecraft:mountains": "2020-07-01 13:09:47 +0200",
      "minecraft:taiga": "2020-07-01 13:10:01 +0200",
      "minecraft:taiga_hills": "2020-07-01 13:08:11 +0200",
      "minecraft:river": "2020-07-01 13:07:35 +0200",
      "minecraft:wooded_mountains": "2020-07-01 13:09:52 +0200",
      "minecraft:wooded_hills": "2020-07-01 13:07:40 +0200",
      "minecraft:plains": "2020-07-01 13:07:51 +0200"
    },
    "done": false
  },
  "DataVersion": 2567
}