{
  "minecraft:recipes/misc/iron_nugget_from_blasting": {
    "criteria": {
      "has_iron_sword": "2020-07-02 20:38:56 +0200"
    },
    "done": true
  },
  "minecraft:recipes/transportation/dark_oak_boat": {
    "criteria": {
      "in_water": "2020-07-04 21:21:16 +0200"
    },
    "done": true
  },
  "minecraft:recipes/transportation/birch_boat": {
    "criteria": {
      "in_water": "2020-07-04 21:21:16 +0200"
    },
    "done": true
  },
  "minecraft:recipes/misc/gold_nugget_from_smelting": {
    "criteria": {
      "has_golden_sword": "2020-07-02 20:59:29 +0200"
    },
    "done": true
  },
  "minecraft:story/upgrade_tools": {
    "criteria": {
      "stone_pickaxe": "2020-07-02 21:08:07 +0200"
    },
    "done": true
  },
  "minecraft:recipes/decorations/torch": {
    "criteria": {
      "has_stone_pickaxe": "2020-07-02 21:08:07 +0200"
    },
    "done": true
  },
  "minecraft:recipes/transportation/acacia_boat": {
    "criteria": {
      "in_water": "2020-07-04 21:21:16 +0200"
    },
    "done": true
  },
  "minecraft:recipes/transportation/oak_boat": {
    "criteria": {
      "in_water": "2020-07-04 21:21:16 +0200"
    },
    "done": true
  },
  "minecraft:recipes/transportation/jungle_boat": {
    "criteria": {
      "in_water": "2020-07-04 21:21:16 +0200"
    },
    "done": true
  },
  "minecraft:recipes/misc/iron_nugget_from_smelting": {
    "criteria": {
      "has_iron_sword": "2020-07-02 20:38:56 +0200"
    },
    "done": true
  },
  "minecraft:recipes/transportation/spruce_boat": {
    "criteria": {
      "in_water": "2020-07-04 21:21:16 +0200"
    },
    "done": true
  },
  "minecraft:recipes/misc/gold_nugget_from_blasting": {
    "criteria": {
      "has_golden_sword": "2020-07-02 20:59:29 +0200"
    },
    "done": true
  },
  "minecraft:adventure/adventuring_time": {
    "criteria": {
      "minecraft:forest": "2020-07-02 20:38:43 +0200",
      "minecraft:mountains": "2020-07-02 21:16:11 +0200",
      "minecraft:taiga": "2020-07-02 20:42:53 +0200",
      "minecraft:taiga_hills": "2020-07-02 20:41:26 +0200",
      "minecraft:beach": "2020-07-02 21:15:39 +0200",
      "minecraft:dark_forest": "2020-07-03 07:42:07 +0200",
      "minecraft:river": "2020-07-02 20:39:36 +0200",
      "minecraft:wooded_mountains": "2020-07-02 21:16:14 +0200",
      "minecraft:wooded_hills": "2020-07-02 20:47:58 +0200",
      "minecraft:swamp": "2020-07-03 07:42:01 +0200",
      "minecraft:plains": "2020-07-02 20:39:39 +0200"
    },
    "done": false
  },
  "DataVersion": 2567
}