{
  "minecraft:recipes/misc/iron_nugget_from_blasting": {
    "criteria": {
      "has_iron_sword": "2020-08-08 07:26:03 +0200"
    },
    "done": true
  },
  "minecraft:recipes/misc/gold_nugget_from_smelting": {
    "criteria": {
      "has_golden_sword": "2020-08-08 07:26:03 +0200"
    },
    "done": true
  },
  "minecraft:recipes/misc/iron_nugget_from_smelting": {
    "criteria": {
      "has_iron_sword": "2020-08-08 07:26:03 +0200"
    },
    "done": true
  },
  "minecraft:recipes/misc/gold_nugget_from_blasting": {
    "criteria": {
      "has_golden_sword": "2020-08-08 07:26:03 +0200"
    },
    "done": true
  },
  "minecraft:adventure/adventuring_time": {
    "criteria": {
      "minecraft:forest": "2020-08-08 07:26:25 +0200",
      "minecraft:mountains": "2020-08-08 07:27:10 +0200",
      "minecraft:river": "2020-08-08 07:26:39 +0200",
      "minecraft:wooded_hills": "2020-08-08 07:26:21 +0200",
      "minecraft:plains": "2020-08-08 07:26:03 +0200"
    },
    "done": false
  },
  "DataVersion": 2567
}