{
	"parent": "item/handheld",
	"textures": {
		"layer0": "item/iron_sword"
	},
    "overrides": [
	
		{ "predicate": { "custom_model_data": 2 }, "model": "_weapon/wooden_shortsword" },
		{ "predicate": { "custom_model_data": 3 }, "model": "_weapon/wooden_sword" },
		{ "predicate": { "custom_model_data": 4 }, "model": "_weapon/shortsword" },
		{ "predicate": { "custom_model_data": 5 }, "model": "_weapon/scimitar" },
		{ "predicate": { "custom_model_data": 6 }, "model": "_weapon/arming_sword" },
		{ "predicate": { "custom_model_data": 7 }, "model": "_weapon/two_handed_sword" },
		{ "predicate": { "custom_model_data": 8 }, "model": "_weapon/longsword" },
		{ "predicate": { "custom_model_data": 9 }, "model": "_weapon/cutlass" },
		
		{ "predicate": { "custom_model_data": 10 }, "model": "_weapon/bastard_sword" },
		
		
		
		{ "predicate": { "custom_model_data": 13 }, "model": "_weapon/steel_blade" },
		{ "predicate": { "custom_model_data": 14 }, "model": "_weapon/obsidian_sword" },
		{ "predicate": { "custom_model_data": 15 }, "model": "_weapon/serrated_obsidian_greatsword" },
		
		{ "predicate": { "custom_model_data": 666 }, "model": "_weapon/flame_sword" }
    ]
}