{
	"credit": "by Katniss",
	"textures": {
		"1": "block/oak_support_top",
		"particle": "block/oak_support_top",
		"wall": "block/oak_support_side"
	},
	"elements": [
		{
			"name": "wall",
			"from": [4, 3, -1],
			"to": [12, 19, 7],
			"rotation": {"angle": 22.5, "axis": "x", "origin": [8, 11, 3]},
			"faces": {
				"north": {"uv": [0, 0, 8, 16], "texture": "#wall", "cullface": "north"},
				"east": {"uv": [8, 0, 16, 16], "texture": "#wall"},
				"south": {"uv": [8, 0, 16, 16], "texture": "#wall"},
				"west": {"uv": [0, 0, 8, 16], "texture": "#wall"},
				"up": {"uv": [0, 0, 8, 8], "texture": "#1"},
				"down": {"uv": [8, 8, 16, 16], "texture": "#1", "cullface": "down"}
			}
		}
	],
	"display": {
        "gui": {
            "rotation": [ 30, 135, 0 ],
            "translation": [ 0, 0, 0],
            "scale":[ 0.625, 0.625, 0.625 ]
        },
        "fixed": {
            "rotation": [ 0, 90, 0 ],
            "translation": [ 0, 0, 0 ],
            "scale": [ 0.5, 0.5, 0.5 ]
        }
    }
}