{"stats":{"minecraft:picked_up":{"minecraft:dandelion":1,"minecraft:oak_sign":7,"minecraft:apple":1,"minecraft:wheat_seeds":8,"minecraft:white_tulip":3,"minecraft:poppy":1,"minecraft:oak_sapling":5,"minecraft:birch_sapling":3},"minecraft:custom":{"minecraft:time_since_rest":350402,"minecraft:sprint_one_cm":19952,"minecraft:walk_one_cm":62735,"minecraft:fly_one_cm":4452307,"minecraft:open_chest":3,"minecraft:play_one_minute":350402,"minecraft:crouch_one_cm":1696,"minecraft:walk_under_water_one_cm":12051,"minecraft:sneak_time":15341,"minecraft:jump":171,"minecraft:leave_game":9,"minecraft:time_since_death":350402,"minecraft:walk_on_water_one_cm":9865},"minecraft:used":{"minecraft:andesite_wall":8,"minecraft:oak_log":904,"minecraft:oak_fence":2,"minecraft:wheat_seeds":109,"minecraft:water_bucket":75,"minecraft:wooden_hoe":109,"minecraft:diorite":14,"minecraft:black_wool":22,"minecraft:cobblestone_stairs":92,"minecraft:red_wool":848,"minecraft:oak_planks":13,"minecraft:grass_block":641,"minecraft:oak_stairs":179,"minecraft:spruce_slab":104,"minecraft:polished_andesite":16,"minecraft:barrier":35,"minecraft:lime_wool":22,"minecraft:ladder":6,"minecraft:polished_andesite_stairs":5,"minecraft:oak_sign":26,"minecraft:andesite_slab":3,"minecraft:chest":2,"minecraft:spruce_planks":138,"minecraft:stone":271,"minecraft:wooden_shovel":273,"minecraft:gravel":12,"minecraft:spruce_fence_gate":11,"minecraft:cobblestone_slab":23,"minecraft:structure_block":16,"minecraft:stone_bricks":20,"minecraft:yellow_wool":10,"minecraft:oak_leaves":5,"minecraft:white_wool":110,"minecraft:basalt":28,"minecraft:glowstone":63,"minecraft:dirt":35,"minecraft:sand":40,"minecraft:cobblestone":1724,"minecraft:oak_slab":247,"minecraft:crafting_table":45,"minecraft:oak_sapling":7,"minecraft:spruce_stairs":237,"minecraft:cobblestone_wall":93,"minecraft:andesite_stairs":19,"minecraft:andesite":19,"minecraft:stone_stairs":7,"minecraft:grass_path":106,"minecraft:spruce_fence":29,"minecraft:bone_meal":507}},"DataVersion":2557}