{
    "DialogShowWheel": 0b,
    "AvailabilityQuestId": 3,
    "Options": [
        {
            "OptionSlot": 0,
            "Option": {
                "DialogCommand": "",
                "Dialog": -1,
                "Title": "Ok, już idę.",
                "DialogColor": 11184810,
                "OptionType": 0
            }
        },
        {
            "OptionSlot": 1,
            "Option": {
                "DialogCommand": "",
                "Dialog": 18,
                "Title": "Maltorn? Ten mag? Czego on ode mnie chce?",
                "DialogColor": 5635925,
                "OptionType": 1
            }
        }
    ],
    "DialogHideNPC": 0b,
    "AvailabilityFactionStance": 0,
    "DialogId": 16,
    "AvailabilityQuest": 1,
    "AvailabilityDialog4": 0,
    "AvailabilityDialog3": 0,
    "AvailabilityQuest2": 0,
    "AvailabilityQuest3": 0,
    "AvailabilityQuest4": 0,
    "ModRev": 18,
    "DecreaseFaction1Points": 0b,
    "DialogQuest": 4,
    "AvailabilityDialog2": 0,
    "OptionFactions1": -1,
    "AvailabilityDayTime": 0,
    "OptionFactions2": -1,
    "AvailabilityFaction2Id": -1,
    "OptionFaction1Points": 100,
    "DialogDisableEsc": 0b,
    "AvailabilityFaction": 0,
    "DialogTitle": "maltorn",
    "AvailabilityDialog": 0,
    "AvailabilityFaction2": 0,
    "DialogSound": "minecraft:entity.player.levelup",
    "AvailabilityFactionId": -1,
    "AvailabilityFaction2Stance": 0,
    "DialogCommand": "",
    "AvailabilityDialogId": -1,
    "OptionFaction2Points": 100,
    "DialogText": "Dobrze, że jesteś synu. Maltorn Cie szukał. Nie powiedział mi czego chce więc musisz sam do niego pójść. Mówił, że to ważne, więc się pośpiesz. Mieszka w domu na wzgórzu, to niedaleko.",
    "AvailabilityQuest4Id": -1,
    "AvailabilityQuest3Id": -1,
    "AvailabilityQuest2Id": -1,
    "AvailabilityDialog2Id": -1,
    "AvailabilityDialog3Id": -1,
    "AvailabilityDialog4Id": -1,
    "AvailabilityMinPlayerLevel": 0,
    "DecreaseFaction2Points": 0b,
    "DialogMail": {
        "Sender": "",
        "BeenRead": 0b,
        "Message": {
        },
        "MailItems": [
        ],
        "MailQuest": -1,
        "TimePast": 1514462448917L,
        "Time": 0L,
        "Subject": ""
    }
}
