{"stats":{"minecraft:custom":{"minecraft:leave_game":13,"minecraft:time_since_death":488095,"minecraft:time_since_rest":488095,"minecraft:sprint_one_cm":17091,"minecraft:walk_one_cm":18295,"minecraft:drop":3,"minecraft:fly_one_cm":4286363,"minecraft:crouch_one_cm":1570,"minecraft:play_time":488095,"minecraft:sneak_time":21973,"minecraft:walk_under_water_one_cm":238,"minecraft:aviate_one_cm":25158,"minecraft:jump":136,"minecraft:walk_on_water_one_cm":1067,"minecraft:total_world_time":316475,"minecraft:fall_one_cm":416},"minecraft:used":{"minecraft:calcite":23,"minecraft:stripped_acacia_wood":152,"minecraft:dark_oak_stairs":16,"minecraft:diorite":115,"minecraft:nether_brick_wall":5,"minecraft:iron_bars":19,"minecraft:cobblestone_stairs":4,"minecraft:lodestone":12,"minecraft:stripped_acacia_log":607,"minecraft:red_stained_glass":8,"minecraft:polished_andesite":6,"minecraft:blackstone_stairs":78,"minecraft:bone_block":72,"minecraft:red_nether_bricks":13,"minecraft:birch_wood":19,"minecraft:blue_wool":5,"minecraft:blackstone":8,"minecraft:polished_basalt":351,"minecraft:white_concrete_powder":4,"minecraft:stone":80,"minecraft:red_nether_brick_stairs":38,"minecraft:quartz_stairs":447,"minecraft:clay":184,"minecraft:cobblestone_slab":5,"minecraft:white_wool":69,"minecraft:debug_stick":67,"minecraft:orange_stained_glass":14,"minecraft:polished_deepslate_slab":1,"minecraft:dirt":8,"minecraft:light_gray_banner":4,"minecraft:terracotta":4,"minecraft:prismarine_bricks":1,"minecraft:jungle_planks":300,"minecraft:cobblestone_wall":38,"minecraft:smooth_red_sandstone":2,"minecraft:crimson_hyphae":90,"minecraft:dark_oak_fence_gate":2,"minecraft:light_gray_concrete_powder":52,"minecraft:blackstone_wall":108,"minecraft:granite":4,"minecraft:weeping_vines":1,"minecraft:polished_diorite":293,"minecraft:obsidian":52,"minecraft:andesite_wall":148,"minecraft:gray_terracotta":23,"minecraft:dark_oak_planks":10,"minecraft:black_wool":640,"minecraft:black_concrete":43,"minecraft:bricks":33,"minecraft:coal_ore":10,"minecraft:quartz_pillar":1050,"minecraft:dark_oak_log":1,"minecraft:quartz_slab":2,"minecraft:red_wool":971,"minecraft:iron_block":485,"minecraft:grass_block":1,"minecraft:rooted_dirt":1,"minecraft:polished_andesite_stairs":8,"minecraft:stone_button":2,"minecraft:jungle_stairs":89,"minecraft:red_terracotta":118,"minecraft:dark_oak_slab":19,"minecraft:smooth_quartz":1275,"minecraft:diorite_wall":500,"minecraft:pink_wool":5,"minecraft:deepslate":1,"minecraft:gravel":20,"minecraft:stone_bricks":167,"minecraft:yellow_wool":21,"minecraft:blackstone_slab":5,"minecraft:chiseled_stone_bricks":13,"minecraft:glowstone":67,"minecraft:red_stained_glass_pane":157,"minecraft:red_nether_brick_wall":18,"minecraft:cobblestone":3,"minecraft:iron_trapdoor":55,"minecraft:white_stained_glass_pane":5,"minecraft:white_banner":5,"minecraft:dark_oak_fence":87,"minecraft:birch_log":2,"minecraft:andesite_stairs":8,"minecraft:andesite":73,"minecraft:polished_diorite_stairs":8,"minecraft:skeleton_skull":4,"minecraft:polished_blackstone_button":24,"minecraft:white_concrete":13,"minecraft:acacia_planks":7,"minecraft:orange_stained_glass_pane":7,"minecraft:smooth_stone":13},"minecraft:dropped":{"minecraft:waxed_exposed_cut_copper_stairs":1,"minecraft:dark_oak_fence":1,"minecraft:black_concrete":1},"minecraft:picked_up":{"minecraft:polished_blackstone_button":9}},"DataVersion":2730}