{"stats":{"minecraft:used":{"minecraft:andesite_wall":70,"minecraft:gray_terracotta":23,"minecraft:dark_oak_planks":10,"minecraft:dark_oak_stairs":16,"minecraft:diorite":47,"minecraft:black_wool":408,"minecraft:black_concrete":16,"minecraft:iron_bars":17,"minecraft:cobblestone_stairs":4,"minecraft:quartz_pillar":571,"minecraft:red_wool":949,"minecraft:quartz_slab":2,"minecraft:iron_block":14,"minecraft:red_stained_glass":8,"minecraft:blackstone_stairs":40,"minecraft:bone_block":25,"minecraft:red_nether_bricks":13,"minecraft:birch_wood":14,"minecraft:blackstone":4,"minecraft:polished_basalt":226,"minecraft:red_terracotta":106,"minecraft:dark_oak_slab":19,"minecraft:smooth_quartz":458,"minecraft:diorite_wall":167,"minecraft:red_nether_brick_stairs":38,"minecraft:clay":167,"minecraft:quartz_stairs":145,"minecraft:cobblestone_slab":1,"minecraft:stone_bricks":161,"minecraft:yellow_wool":21,"minecraft:white_wool":47,"minecraft:debug_stick":34,"minecraft:orange_stained_glass":14,"minecraft:chiseled_stone_bricks":13,"minecraft:glowstone":67,"minecraft:red_stained_glass_pane":157,"minecraft:red_nether_brick_wall":18,"minecraft:cobblestone":2,"minecraft:iron_trapdoor":55,"minecraft:prismarine_bricks":1,"minecraft:dark_oak_fence":75,"minecraft:cobblestone_wall":31,"minecraft:crimson_hyphae":90,"minecraft:andesite":5,"minecraft:polished_diorite_stairs":8,"minecraft:blackstone_wall":38,"minecraft:orange_stained_glass_pane":7,"minecraft:weeping_vines":1,"minecraft:obsidian":26,"minecraft:polished_diorite":114},"minecraft:custom":{"minecraft:time_since_rest":174311,"minecraft:sprint_one_cm":7039,"minecraft:walk_one_cm":10876,"minecraft:fly_one_cm":1636246,"minecraft:play_one_minute":174311,"minecraft:crouch_one_cm":999,"minecraft:sneak_time":10257,"minecraft:aviate_one_cm":25158,"minecraft:jump":98,"minecraft:leave_game":8,"minecraft:time_since_death":174311,"minecraft:walk_on_water_one_cm":191,"minecraft:fall_one_cm":416}},"DataVersion":2584}