{"stats":{"minecraft:killed":{"minecraft:husk":2,"minecraft:chicken":3},"minecraft:picked_up":{"minecraft:yellow_shulker_box":2,"minecraft:feather":2,"minecraft:magma_cream":64,"minecraft:chicken":3,"minecraft:diamond_sword":2,"minecraft:green_shulker_box":3,"minecraft:lantern":1,"minecraft:item_frame":1,"minecraft:pink_shulker_box":1,"minecraft:bow":1,"minecraft:wheat_seeds":6,"minecraft:diamond_leggings":2,"minecraft:black_shulker_box":2,"minecraft:blue_shulker_box":1,"minecraft:orange_shulker_box":1,"minecraft:trident":2,"minecraft:shulker_box":7,"minecraft:diamond_shovel":1,"minecraft:rotten_flesh":4,"minecraft:diamond_boots":1,"minecraft:diamond_axe":1,"minecraft:light_gray_carpet":3,"minecraft:oak_sapling":2},"minecraft:custom":{"minecraft:interact_with_furnace":3,"minecraft:mob_kills":5,"minecraft:interact_with_crafting_table":13,"minecraft:play_one_minute":350156,"minecraft:open_shulker_box":16,"minecraft:leave_game":22,"minecraft:time_since_death":349780,"minecraft:climb_one_cm":3063,"minecraft:time_since_rest":349800,"minecraft:sprint_one_cm":59859,"minecraft:walk_one_cm":285441,"minecraft:damage_dealt":518,"minecraft:fly_one_cm":2089194,"minecraft:open_chest":27,"minecraft:crouch_one_cm":6171,"minecraft:deaths":1,"minecraft:sneak_time":10572,"minecraft:walk_under_water_one_cm":4638,"minecraft:jump":440,"minecraft:walk_on_water_one_cm":21083},"minecraft:used":{"minecraft:oak_fence":43,"minecraft:water_bucket":2,"minecraft:dark_oak_stairs":328,"minecraft:mossy_stone_bricks":11,"minecraft:iron_bars":35,"minecraft:cobblestone_stairs":272,"minecraft:spruce_door":4,"minecraft:flint_and_steel":6,"minecraft:yellow_shulker_box":2,"minecraft:spruce_slab":183,"minecraft:polished_andesite":101,"minecraft:carrot_on_a_stick":2,"minecraft:poppy":3,"minecraft:ladder":22,"minecraft:light_gray_carpet":124,"minecraft:oak_sign":3,"minecraft:orange_tulip":2,"minecraft:chest":31,"minecraft:spruce_planks":205,"minecraft:black_shulker_box":2,"minecraft:stone":395,"minecraft:grass":22,"minecraft:quartz_stairs":3,"minecraft:cobblestone_slab":207,"minecraft:green_bed":3,"minecraft:spruce_fence_gate":27,"minecraft:player_head":55,"minecraft:soul_campfire":1,"minecraft:oak_leaves":46,"minecraft:oak_door":7,"minecraft:debug_stick":23,"minecraft:torch":99,"minecraft:mossy_cobblestone":5,"minecraft:dirt":92,"minecraft:sand":6,"minecraft:rail":2,"minecraft:oak_slab":162,"minecraft:crafting_table":109,"minecraft:red_bed":8,"minecraft:spruce_stairs":445,"minecraft:black_banner":7,"minecraft:cobblestone_wall":83,"minecraft:shulker_box":7,"minecraft:dark_oak_fence_gate":23,"minecraft:painting":59,"minecraft:spruce_fence":146,"minecraft:redstone_torch":26,"minecraft:oak_log":608,"minecraft:stone_brick_slab":31,"minecraft:dark_oak_planks":81,"minecraft:red_tulip":4,"minecraft:bookshelf":24,"minecraft:red_wool":30,"minecraft:grass_block":417,"minecraft:lantern":32,"minecraft:oak_stairs":83,"minecraft:blue_orchid":3,"minecraft:barrier":7,"minecraft:stone_button":5,"minecraft:orange_shulker_box":1,"minecraft:chicken_spawn_egg":3,"minecraft:spruce_trapdoor":127,"minecraft:smooth_quartz":205,"minecraft:gravel":161,"minecraft:stone_brick_stairs":64,"minecraft:stone_bricks":191,"minecraft:item_frame":41,"minecraft:basalt":6,"minecraft:glowstone":1,"minecraft:chiseled_stone_bricks":10,"minecraft:wooden_sword":13,"minecraft:green_shulker_box":3,"minecraft:cobblestone":768,"minecraft:hay_block":10,"minecraft:written_book":1,"minecraft:blue_shulker_box":1,"minecraft:furnace":19,"minecraft:dark_oak_fence":16,"minecraft:podzol":6,"minecraft:pink_shulker_box":1,"minecraft:andesite":10,"minecraft:chain":7,"minecraft:glass_pane":54,"minecraft:husk_spawn_egg":2,"minecraft:coarse_dirt":70,"minecraft:dandelion":1,"minecraft:stripped_spruce_wood":66,"minecraft:cobweb":63}},"DataVersion":2584}