{"stats":{"minecraft:dropped":{"minecraft:andesite":1},"minecraft:mined":{"minecraft:coal_ore":62,"minecraft:stone":7},"minecraft:picked_up":{"minecraft:feather":372,"minecraft:chicken":149,"minecraft:andesite":1,"minecraft:leather":379,"minecraft:enchanted_book":1,"minecraft:gunpowder":226,"minecraft:dirt":1,"minecraft:bone":201,"minecraft:bow":1,"minecraft:iron_ingot":4,"minecraft:beef":369,"minecraft:enchanted_golden_apple":1,"minecraft:stone":6,"minecraft:torch":2,"minecraft:porkchop":168,"minecraft:ink_sac":180,"minecraft:redstone":3,"minecraft:coal_ore":28,"minecraft:arrow":197,"minecraft:bread":2,"minecraft:coal":34,"minecraft:cobblestone":1,"minecraft:ender_pearl":206},"minecraft:custom":{"minecraft:interact_with_furnace":9,"minecraft:mob_kills":11,"minecraft:leave_game":1,"minecraft:time_since_death":56269,"minecraft:sleep_in_bed":2,"minecraft:time_since_rest":4759,"minecraft:sprint_one_cm":44973,"minecraft:walk_one_cm":73719,"minecraft:drop":1,"minecraft:damage_dealt":1514,"minecraft:fly_one_cm":996831,"minecraft:open_chest":74,"minecraft:crouch_one_cm":1315,"minecraft:play_time":56269,"minecraft:sneak_time":3650,"minecraft:jump":70,"minecraft:interact_with_blast_furnace":4,"minecraft:walk_on_water_one_cm":1298,"minecraft:total_world_time":56939,"minecraft:interact_with_smoker":1},"minecraft:used":{"minecraft:wheat_seeds":31,"minecraft:oak_trapdoor":2,"minecraft:water_bucket":2,"minecraft:iron_bars":3,"minecraft:cobblestone_stairs":7,"minecraft:birch_planks":1,"minecraft:spruce_slab":7,"minecraft:polished_andesite":5,"minecraft:ladder":8,"minecraft:oak_planks":1,"minecraft:oak_sign":1,"minecraft:polished_basalt":67,"minecraft:chest":49,"minecraft:spruce_planks":1,"minecraft:stone":65,"minecraft:cobblestone_slab":75,"minecraft:spruce_fence_gate":8,"minecraft:green_bed":2,"minecraft:player_head":4,"minecraft:oak_leaves":27,"minecraft:torch":16,"minecraft:diamond_block":2,"minecraft:stripped_dark_oak_log":83,"minecraft:spruce_stairs":18,"minecraft:cobblestone_wall":2,"minecraft:spruce_fence":13,"minecraft:spruce_log":1,"minecraft:oak_log":1,"minecraft:stone_brick_slab":1,"minecraft:wooden_hoe":35,"minecraft:diamond_pickaxe":34,"minecraft:lime_carpet":9,"minecraft:lantern":11,"minecraft:grass_block":59,"minecraft:iron_pickaxe":30,"minecraft:spruce_trapdoor":6,"minecraft:gravel":84,"minecraft:stone_bricks":9,"minecraft:green_carpet":36,"minecraft:diamond_sword":11,"minecraft:cobblestone":196,"minecraft:netherite_pickaxe":5,"minecraft:birch_log":1,"minecraft:glass_pane":1,"minecraft:gold_block":4,"minecraft:bone_meal":110},"minecraft:killed":{"minecraft:pig":1,"minecraft:creeper":2,"minecraft:squid":1,"minecraft:skeleton":1,"minecraft:chicken":2,"minecraft:enderman":1,"minecraft:cow":3}},"DataVersion":2730}