{"stats":{"minecraft:used":{"minecraft:oak_trapdoor":50,"minecraft:dark_oak_stairs":55,"minecraft:writable_book":2,"minecraft:enchanting_table":2,"minecraft:cobblestone_stairs":72,"minecraft:spruce_door":1,"minecraft:spruce_slab":475,"minecraft:poppy":5,"minecraft:ladder":5,"minecraft:oak_planks":43,"minecraft:orange_tulip":3,"minecraft:polished_basalt":585,"minecraft:ender_pearl":1,"minecraft:spruce_planks":1153,"minecraft:chest":29,"minecraft:stone":23,"minecraft:fletching_table":1,"minecraft:blue_bed":6,"minecraft:grass":8,"minecraft:cobblestone_slab":119,"minecraft:spruce_fence_gate":59,"minecraft:player_head":13,"minecraft:cracked_stone_bricks":11,"minecraft:oak_leaves":39,"minecraft:oak_door":5,"minecraft:torch":42,"minecraft:dirt":2,"minecraft:rail":10,"minecraft:anvil":1,"minecraft:stripped_dark_oak_log":545,"minecraft:oak_slab":64,"minecraft:crafting_table":29,"minecraft:red_bed":8,"minecraft:cobblestone_wall":108,"minecraft:spruce_stairs":695,"minecraft:blast_furnace":5,"minecraft:spruce_fence":87,"minecraft:smoker":2,"minecraft:azure_bluet":2,"minecraft:spruce_log":1170,"minecraft:stripped_spruce_log":4,"minecraft:oak_log":40,"minecraft:stone_brick_slab":40,"minecraft:ender_eye":51,"minecraft:red_tulip":5,"minecraft:bookshelf":64,"minecraft:oak_stairs":9,"minecraft:grass_block":371,"minecraft:spruce_wood":11,"minecraft:lantern":31,"minecraft:blue_orchid":2,"minecraft:lectern":3,"minecraft:dark_oak_slab":100,"minecraft:polished_granite":2,"minecraft:spruce_trapdoor":27,"minecraft:gravel":3,"minecraft:stone_brick_stairs":161,"minecraft:stone_bricks":201,"minecraft:basalt":27,"minecraft:cobblestone":1635,"minecraft:snow":1,"minecraft:hay_block":36,"minecraft:written_book":1,"minecraft:furnace":24,"minecraft:smithing_table":3,"minecraft:andesite":29,"minecraft:glass_pane":38,"minecraft:smooth_stone_slab":33,"minecraft:coarse_dirt":77,"minecraft:dandelion":3,"minecraft:splash_potion":5},"minecraft:custom":{"minecraft:interact_with_anvil":1,"minecraft:interact_with_crafting_table":4,"minecraft:play_one_minute":237567,"minecraft:leave_game":8,"minecraft:time_since_death":76439,"minecraft:climb_one_cm":164,"minecraft:time_since_rest":76463,"minecraft:sprint_one_cm":69339,"minecraft:walk_one_cm":192627,"minecraft:damage_dealt":66,"minecraft:fly_one_cm":3208825,"minecraft:open_chest":30,"minecraft:crouch_one_cm":3143,"minecraft:deaths":1,"minecraft:sneak_time":12056,"minecraft:walk_under_water_one_cm":1076,"minecraft:jump":198,"minecraft:walk_on_water_one_cm":1474},"minecraft:picked_up":{"minecraft:enchanted_book":1,"minecraft:red_bed":1,"minecraft:bone":14,"minecraft:iron_ingot":4,"minecraft:ender_eye":12,"minecraft:enchanted_golden_apple":1,"minecraft:torch":2,"minecraft:gravel":2,"minecraft:redstone":3,"minecraft:rotten_flesh":2,"minecraft:bread":2}},"DataVersion":2567}