{
    "ReturnToStart": 1b,
    "PuppetHead": {
        "RotationY": 0.0f,
        "RotationX": 0.0f,
        "RotationZ": 0.0f,
        "Disabled": 0b
    },
    "NpcInv": [
        {
            "Slot": 0b,
            "id": "minecraft:leather_chestplate",
            "Count": 1b,
            "tag": {
                "Unbreakable": 1,
                "HideFlags": 63,
                "display": {
                    "Lore": [
                        "§7§l- §8'Nie chroni zbyt dobrze'",
                        "",
                        "§7> §eObrona: §6§l3"
                    ],
                    "Name": "§fSkorzany kaftan"
                },
                "AttributeModifiers": [
                    {
                        "UUIDMost": 581581,
                        "UUIDLeast": 558091,
                        "Amount": 3,
                        "Slot": "chest",
                        "AttributeName": "generic.armor",
                        "Operation": 0,
                        "Name": "generic.armor"
                    }
                ]
            },
            "Damage": 0s
        },
        {
            "Slot": 7b,
            "id": "customnpcs:npcCoinIron",
            "Count": 1b,
            "tag": {
                "ench": [
                    {
                        "lvl": 1s,
                        "id": 34s
                    }
                ],
                "HideFlags": 63,
                "display": {
                    "Lore": [
                        "§7§l- §8'Srodek platniczy'"
                    ],
                    "Name": "§9Srebrna moneta"
                }
            },
            "Damage": 0s
        },
        {
            "Slot": 8b,
            "id": "customnpcs:npcCoinBronze",
            "Count": 2b,
            "tag": {
                "ench": [
                    {
                        "lvl": 1s,
                        "id": 34s
                    }
                ],
                "HideFlags": 63,
                "display": {
                    "Lore": [
                        "§7§l- §8'Srodek platniczy'"
                    ],
                    "Name": "§9Miedziana moneta"
                }
            },
            "Damage": 0s
        }
    ],
    "BossColor": 0,
    "PotionEffect": 0,
    "Size": 5,
    "stopAndInteract": 1b,
    "Resistances": {
        "Arrow": 1.0f,
        "Explosion": 1.0f,
        "Knockback": 1.0f,
        "Melee": 1.2535211f
    },
    "BossBar": 0b,
    "RespawnTime": 0,
    "NpcAngrySound": "",
    "ReactsToFire": 0b,
    "IgnoreCobweb": 0b,
    "PositionOffsetZ": 5.0f,
    "PositionOffsetY": 5.0f,
    "PositionOffsetX": 5.0f,
    "LootMode": 0,
    "TransformHasAI": 0b,
    "AttackStrenght": 5,
    "PersistenceRequired": 0b,
    "id": "customnpcs.CustomNpc",
    "MovingPatern": 0,
    "NpcLines": {
        "Lines": [
        ]
    },
    "DefendFaction": 0b,
    "FireIndirect": 0,
    "NpcVisible": 0,
    "LinkedNpcName": "",
    "PuppetLLeg": {
        "RotationY": 0.0f,
        "RotationX": 0.0f,
        "RotationZ": 0.0f,
        "Disabled": 0b
    },
    "NpcScenes": {
        "Scenes": [
        ]
    },
    "HitSound": "random.bowhit",
    "FindShelter": 2,
    "Air": 300s,
    "TacticalVariant": 0,
    "Orientation": 0,
    "ScriptLanguage": "ECMAScript",
    "HandItems": [
        {
        },
        {
        }
    ],
    "KnockBack": 0,
    "TransformHasJob": 0b,
    "ArmorDropChances": [
        0.0f,
        0.0f,
        0.0f,
        0.0f
    ],
    "BurnInSun": 0b,
    "StandingState": 0,
    "AttackInvisible": 0b,
    "HurtTime": 0s,
    "WalkingRange": 10,
    "PuppetMoving": 1b,
    "ShotCount": 1,
    "pDur": 5,
    "PuppetBody": {
        "RotationY": 0.0f,
        "RotationX": 0.0f,
        "RotationZ": 0.0f,
        "Disabled": 0b
    },
    "AttackRange": 2,
    "NpcKillLines": {
        "Lines": [
        ]
    },
    "PotionImmune": 0b,
    "AvoidsSun": 0b,
    "Texture": "customnpcs:textures/entity/monstermale/ZombieSteve.png",
    "NpcJob": 9,
    "BurstCount": 1,
    "NpcAttackLines": {
        "Lines": [
        ]
    },
    "pSpeed": 10,
    "pArea": 0,
    "DeathTime": 0s,
    "pImpact": 0,
    "MoveState": 0,
    "TargetType": 0,
    "pRender3D": 0b,
    "Motion": [
        0.0d,
        -0.0784000015258789d,
        0.0d
    ],
    "CombatRegen": 0,
    "NpcsTimers": [
    ],
    "pEffect": 0,
    "DistanceToMelee": 0,
    "NpcStepSound": "",
    "FireRate": 5,
    "LeftHanded": 0b,
    "pEffAmp": 0,
    "OnGround": 1b,
    "Dimension": 0,
    "ImmuneToFire": 0b,
    "NpcKilledLines": {
        "Lines": [
        ]
    },
    "SpecialAggroRange": 14,
    "UUIDMost": 7758749819462830542L,
    "Fire": -1s,
    "ArmorItems": [
        {
        },
        {
        },
        {
        },
        {
        }
    ],
    "DisablePitch": 0b,
    "pPhysics": 1b,
    "TransformHasInv": 0b,
    "NpcInteractLines": {
        "Lines": [
        ]
    },
    "HurtByTimestamp": 4257,
    "pSpin": 0b,
    "NpcHurtSound": "minecraft:game.player.hurt",
    "pTrail": 0,
    "CreatureType": 1,
    "Attributes": [
        {
            "Base": 16.0d,
            "Name": "generic.maxHealth"
        },
        {
            "Base": 0.0d,
            "Name": "generic.knockbackResistance"
        },
        {
            "Base": 0.25d,
            "Name": "generic.movementSpeed"
        },
        {
            "Base": 0.0d,
            "Name": "generic.armor"
        },
        {
            "Base": 32.0d,
            "Name": "generic.followRange"
        },
        {
            "Base": 5.0d,
            "Name": "generic.attackDamage"
        }
    ],
    "Invulnerable": 0b,
    "TransformHasDisplay": 0b,
    "NoFallDamage": 0b,
    "AbsorptionAmount": 0.0f,
    "TransformHasRole": 0b,
    "Name": "Zombie",
    "FallDistance": 0.0f,
    "SkinColor": 16777215,
    "PuppetLArm": {
        "RotationY": 0.0f,
        "RotationX": -0.5f,
        "RotationZ": 0.0f,
        "Disabled": 0b
    },
    "NpcIdleSound": "",
    "Weapons": [
    ],
    "NPCDialogOptions": [
    ],
    "AggroRange": 16,
    "DirectLOS": 1b,
    "HealthRegen": 1,
    "ForgeCaps": {
    },
    "HandDropChances": [
        0.085f,
        0.085f
    ],
    "NpcModelData": {
        "LegsConfig": {
            "NotShared": 0b,
            "ScaleZ": 1.0f,
            "TransZ": 0.0f,
            "TransY": 0.0f,
            "TransX": 0.012000002f,
            "ScaleY": 1.0f,
            "ScaleX": 1.0f
        },
        "BodyConfig": {
            "NotShared": 0b,
            "ScaleZ": 1.0f,
            "TransZ": 0.0f,
            "TransY": 0.0f,
            "TransX": 0.0f,
            "ScaleY": 1.0f,
            "ScaleX": 1.0f
        },
        "LegParts": {
            "Pattern": 0b,
            "Type": 0b,
            "PlayerTexture": 0b,
            "Color": 16777215
        },
        "Parts": [
        ],
        "ArmsConfig": {
            "NotShared": 0b,
            "ScaleZ": 1.0f,
            "TransZ": 0.0f,
            "TransY": 0.0f,
            "TransX": -0.0f,
            "ScaleY": 1.0f,
            "ScaleX": 1.0f
        },
        "ExtraData": {
        },
        "HeadConfig": {
            "NotShared": 0b,
            "ScaleZ": 1.0f,
            "TransZ": 0.0f,
            "TransY": 0.0f,
            "TransX": 0.0f,
            "ScaleY": 1.0f,
            "ScaleX": 1.0f
        }
    },
    "minDelay": 20,
    "DoorInteract": 2,
    "MoveSpeed": 5,
    "TransformEditingModus": 0b,
    "UsingSkinUrl": 0b,
    "Leashed": 0b,
    "SkinUrl": "",
    "PuppetRArm": {
        "RotationY": 0.0f,
        "RotationX": -0.5f,
        "RotationZ": 0.0f,
        "Disabled": 0b
    },
    "CanSwim": 1b,
    "GroundSound": "random.break",
    "MaxHealth": 16,
    "HideBodyWhenKilled": 0b,
    "AttackSpeed": 20,
    "PotionDuration": 5,
    "maxDelay": 40,
    "ScriptEnabled": 0b,
    "Role": 0,
    "DropChance": [
        {
            "Integer": 35,
            "Slot": 0
        },
        {
            "Integer": 100,
            "Slot": 1
        },
        {
            "Integer": 100,
            "Slot": 2
        },
        {
            "Integer": 100,
            "Slot": 3
        },
        {
            "Integer": 100,
            "Slot": 4
        },
        {
            "Integer": 100,
            "Slot": 5
        },
        {
            "Integer": 100,
            "Slot": 6
        },
        {
            "Integer": 8,
            "Slot": 7
        },
        {
            "Integer": 100,
            "Slot": 8
        }
    ],
    "FactionPoints": {
        "DecreaseFaction1Points": 0b,
        "OptionFaction2Points": 100,
        "OptionFactions1": -1,
        "OptionFactions2": -1,
        "OptionFaction1Points": 100,
        "DecreaseFaction2Points": 0b
    },
    "pDamage": 4,
    "KilledTime": 0L,
    "AimWhileShooting": 0b,
    "CanPickUpLoot": 0b,
    "AttackOtherFactions": 0b,
    "CanDrown": 1b,
    "pSize": 5,
    "CanSprint": 0b,
    "CanLeap": 0b,
    "TransformIsActive": 0b,
    "MovingState": 0,
    "MovingPos": 0,
    "PuppetAttacking": 1b,
    "PotionAmp": 0,
    "OnAttack": 0,
    "TacticalRadius": 8,
    "MaxExp": 0,
    "OrderedLines": 0b,
    "PuppetStanding": 1b,
    "PortalCooldown": 0,
    "pGlows": 0b,
    "TransformHasAdvanced": 0b,
    "TransformHasStats": 0b,
    "MovementType": 0,
    "FiringSound": "random.bow",
    "ModRev": 17,
    "Accuracy": 60,
    "MinExp": 0,
    "Armor": [
        {
            "Slot": 1b,
            "id": "minecraft:leather_chestplate",
            "Count": 1b,
            "Damage": 0s
        }
    ],
    "CloakTexture": "",
    "GlowTexture": "",
    "MaxFiringRange": 15,
    "pXlr8": 0b,
    "Scripts": [
    ],
    "UUIDLeast": -9161349116872752266L,
    "Health": 16.0f,
    "pStick": 0b,
    "MovingPause": 1b,
    "NpcDeathSound": "minecraft:game.player.hurt",
    "FactionID": 2,
    "Title": "",
    "PuppetRLeg": {
        "RotationY": 0.0f,
        "RotationX": 0.0f,
        "RotationZ": 0.0f,
        "Disabled": 0b
    },
    "TotalTicksAlive": 9188L,
    "Rotation": [
        -67.83569f,
        0.0f
    ],
    "ShowName": 0,
    "npcInteracting": 1b,
    "AvoidsWater": 0b,
    "NoLivingAnimation": 0b,
    "SpawnCycle": 3
}
