{
  "internal:main_quests/qptrailblazers_beginning/_root": {
    "criteria": {
      "x": "2023-05-29 18:33:50 +0200"
    },
    "done": true
  },
  "internal:main_quests/qpdaughter_in_distress/_root": {
    "criteria": {
      "x": "2023-05-29 17:54:35 +0200"
    },
    "done": true
  },
  "internal:main_quests/qptrailblazers_beginning/2": {
    "criteria": {
      "x": "2023-05-29 18:33:50 +0200"
    },
    "done": true
  },
  "internal:main_quests/qpdaughter_in_distress/2": {
    "criteria": {
      "x": "2023-05-29 17:54:35 +0200"
    },
    "done": true
  },
  "DataVersion": 2865
}