{
  "minecraft:adventure/adventuring_time": {
    "criteria": {
      "minecraft:bamboo_jungle": "2023-05-29 17:52:38 +0200",
      "minecraft:wooded_badlands": "2023-08-09 20:54:03 +0200",
      "minecraft:beach": "2023-05-29 17:52:55 +0200",
      "minecraft:sparse_jungle": "2023-05-29 17:53:02 +0200",
      "minecraft:river": "2023-05-29 17:53:04 +0200",
      "minecraft:lukewarm_ocean": "2023-08-09 20:51:45 +0200",
      "minecraft:stony_shore": "2023-08-09 20:52:19 +0200",
      "minecraft:desert": "2023-08-09 20:52:38 +0200",
      "minecraft:jungle": "2023-08-09 20:54:04 +0200"
    },
    "done": false
  },
  "DataVersion": 2865
}