{
	"pools":
	[
		{
			"rolls": 1,
			"entries":
			[
				{
					"type": "item",
					"name": "minecraft:cooked_mutton",
					"functions":
					[
						{
							"function": "set_nbt",
							"tag": "{CustomModelData:1,ItemId:2008,HideFlags:63}"
						},{
							"function": "set_name",
							"name": { "translate":"item.2008.name", "color": "blue", "bold": true, "italic": false }
						},{
							"function": "set_lore",
							"lore":
							[
								{ "translate":"item.2008.lore1", "color": "gray", "italic": false },
								{ "text": "" },
								{ "translate": "item.2008.effect1", "color": "dark_green", "italic": false }
							]
						}
					]
				}
			]
		}
	]
}