{"stats":{"minecraft:custom":{"minecraft:time_since_rest":83681,"minecraft:open_chest":54,"minecraft:crouch_one_cm":2841,"minecraft:play_time":93441,"minecraft:sprint_one_cm":6238,"minecraft:walk_one_cm":37921,"minecraft:sneak_time":6648,"minecraft:trigger_trapped_chest":14,"minecraft:walk_under_water_one_cm":1891,"minecraft:jump":163,"minecraft:leave_game":5,"minecraft:time_since_death":93441,"minecraft:walk_on_water_one_cm":1837,"minecraft:total_world_time":112619,"minecraft:climb_one_cm":1368,"minecraft:fly_one_cm":3577146},"minecraft:used":{"minecraft:netherrack":2,"minecraft:light_gray_wool":1,"minecraft:spruce_leaves":1,"minecraft:glowstone":1,"minecraft:coal_block":3,"minecraft:bricks":2,"minecraft:cobblestone":1,"minecraft:bookshelf":2,"minecraft:written_book":2,"minecraft:spruce_slab":1,"minecraft:mycelium":1,"minecraft:spruce_planks":2,"minecraft:stone":6,"minecraft:quartz_stairs":1}},"DataVersion":2730}