{"stat.useItem.7":225,"stat.useItem.143":10,"stat.useItem.147":1,"achievement.openInventory":1478,"stat.useItem.146":1,"stat.useItem.145":1,"stat.jump":1524,"achievement.exploreAllBiomes":{"value":0,"progress":["Plains","Ice Plains"]},"stat.killEntity.Skeleton":6,"stat.useItem.1":264,"stat.useItem.287":12,"stat.useItem.57":14,"stat.useItem.3":319,"stat.useItem.4":443,"stat.useItem.5":527,"stat.useItem.54":15,"stat.useItem.53":2,"stat.climbOneCm":5748,"stat.useItem.50":57,"stat.useItem.131":12,"stat.useItem.130":6,"stat.useItem.133":15,"stat.useItem.135":2,"stat.useItem.134":9,"stat.useItem.137":99,"stat.useItem.136":4,"stat.useItem.139":427,"stat.useItem.330":25,"stat.useItem.331":894,"stat.useItem.48":231,"stat.useItem.49":5,"stat.useItem.276":29,"stat.diveOneCm":36525,"stat.useItem.47":74,"stat.useItem.45":20,"stat.useItem.44":454,"stat.useItem.42":4,"stat.useItem.41":28,"stat.useItem.404":13,"stat.useItem.164":24,"stat.useItem.79":1651,"stat.useItem.72":1,"stat.deaths":3,"stat.useItem.76":20,"stat.useItem.77":23,"stat.useItem.173":71,"stat.useItem.170":2,"stat.useItem.171":579,"stat.useItem.70":13,"stat.useItem.259":31,"stat.useItem.156":2080,"stat.useItem.159":784,"stat.useItem.158":10,"stat.useItem.152":76,"stat.useItem.155":4509,"stat.useItem.154":3,"stat.useItem.356":388,"stat.useItem.355":1,"stat.useItem.69":34,"stat.useItem.351":222,"stat.useItem.67":151,"stat.useItem.66":2,"stat.useItem.65":15,"stat.useItem.160":385,"stat.useItem.18":233,"stat.useItem.17":390,"stat.useItem.19":109,"stat.fallOneCm":481,"stat.useItem.13":9,"stat.damageTaken":2147483645,"stat.useItem.390":126,"stat.useItem.107":4,"stat.useItem.108":33,"stat.useItem.109":638,"stat.useItem.389":3,"stat.damageDealt":3080,"stat.useItem.101":179,"stat.useItem.102":18,"stat.drop":107,"stat.killEntity.Sheep":1,"stat.useItem.174":1,"stat.useItem.380":3,"stat.walkOneCm":968150,"stat.swimOneCm":13493,"stat.killEntity.EntityHorse":1,"stat.useItem.379":1,"stat.useItem.82":1043,"stat.useItem.35":764,"stat.useItem.321":70,"stat.useItem.84":1,"stat.useItem.324":1,"stat.useItem.85":118,"stat.useItem.323":38,"stat.useItem.87":17,"stat.useItem.88":1,"stat.useItem.89":1502,"stat.mobKills":8,"stat.useItem.80":815,"stat.useItem.126":83,"stat.useItem.30":107,"stat.useItem.33":35,"stat.useItem.95":1442,"stat.useItem.96":2,"stat.flyOneCm":9484771,"stat.useItem.29":39,"stat.useItem.98":4278,"stat.useItem.397":36,"stat.useItem.114":147,"stat.useItem.112":31,"stat.useItem.113":10,"stat.playOneMinute":1280519,"stat.useItem.110":1167,"stat.useItem.22":1814,"stat.useItem.23":10,"stat.useItem.20":12}