{"stat.chestOpened":160,"stat.pickup.minecraft.tripwire_hook":2,"stat.pickup.minecraft.sign":11,"stat.pickup.minecraft.redstone_torch":2,"stat.drop.minecraft.hopper":2,"stat.useItem.minecraft.repeater":21,"stat.leaveGame":69,"stat.pickup.minecraft.wooden_pressure_plate":4,"stat.pickup.minecraft.leather_chestplate":3,"stat.jump":1720,"stat.swimOneCm":703,"stat.pickup.minecraft.white_shulker_box":5,"stat.useItem.minecraft.concrete_powder":6,"stat.climbOneCm":4811,"stat.crouchOneCm":29784,"stat.pickup.minecraft.painting":5,"stat.useItem.minecraft.stone_slab2":29840,"stat.craftingTableInteraction":17,"stat.pickup.minecraft.chorus_fruit_popped":256,"stat.pickup.minecraft.command_block":1,"stat.pickup.minecraft.repeater":9,"stat.damageTaken":232,"stat.pickup.minecraft.prismarine_shard":192,"stat.drop.minecraft.concrete":1,"stat.pickup.minecraft.cobblestone":1,"stat.pickup.minecraft.leather_boots":4,"stat.pickup.minecraft.prismarine_crystals":192,"stat.useItem.customnpcs.npcwand":7,"stat.flyOneCm":6335311,"stat.pickup.minecraft.bed":8,"stat.pickup.minecraft.chainmail_chestplate":1,"stat.pickup.minecraft.concrete":1,"stat.pickup.minecraft.wheat_seeds":13,"stat.pickup.minecraft.oak_stairs":1,"stat.damageDealt":20,"stat.pickup.minecraft.redstone":7,"stat.drop.minecraft.rabbit_foot":1,"stat.sleepInBed":1,"stat.timeSinceDeath":1587864,"stat.hopperInspected":7,"stat.useItem.customnpcs.npcmobcloner":49,"stat.flowerPotted":5,"stat.walkOneCm":1638915,"stat.useItem.minecraft.torch":68,"stat.useItem.minecraft.chest":7,"stat.pickup.minecraft.stonebrick":1,"stat.pickup.minecraft.rabbit_foot":193,"stat.pickup.minecraft.wooden_sword":4,"stat.craftItem.minecraft.leather_helmet":1,"stat.drop.minecraft.iron_door":1,"stat.useItem.minecraft.redstone":12,"stat.useItem.minecraft.item_frame":4,"stat.shulkerBoxOpened":7,"stat.pickup.minecraft.hopper":1,"stat.useItem.minecraft.written_book":15,"stat.pickup.minecraft.leather_helmet":4,"stat.pickup.minecraft.sapling":3,"stat.sprintOneCm":198998,"stat.pickup.minecraft.wooden_door":4,"stat.drop.minecraft.command_block":1,"stat.pickup.minecraft.ladder":4,"stat.useItem.minecraft.flint_and_steel":8,"stat.pickup.minecraft.concrete_powder":9,"stat.useItem.minecraft.hopper":1,"stat.pickup.minecraft.leather_leggings":4,"stat.useItem.minecraft.dye":2,"stat.pickup.minecraft.lever":1,"stat.drop":7,"stat.pickup.minecraft.iron_door":1,"stat.useItem.minecraft.writable_book":4,"stat.playOneMinute":1587864,"stat.pickup.minecraft.stone_button":78,"stat.pickup.minecraft.torch":27,"stat.pickup.minecraft.red_flower":5,"stat.useItem.minecraft.ladder":4,"stat.sneakTime":40629,"stat.drop.minecraft.torch":1,"stat.pickup.minecraft.yellow_flower":3,"stat.diveOneCm":210}