{"stats":{"minecraft:custom":{"minecraft:jump":63,"minecraft:open_chest":2,"minecraft:time_since_rest":46754,"minecraft:crouch_one_cm":110,"minecraft:play_one_minute":46754,"minecraft:open_shulker_box":2,"minecraft:leave_game":10,"minecraft:sprint_one_cm":8154,"minecraft:walk_on_water_one_cm":130,"minecraft:time_since_death":46754,"minecraft:walk_one_cm":1504,"minecraft:sneak_time":1127,"minecraft:walk_under_water_one_cm":833,"minecraft:talked_to_villager":16,"minecraft:fly_one_cm":1694576},"minecraft:used":{"minecraft:stripped_oak_log":3}},"DataVersion":1976}