{"stats":{"minecraft:used":{"minecraft:item_frame":2,"minecraft:glass":15},"minecraft:picked_up":{"minecraft:carrot":2,"minecraft:apple":2},"minecraft:custom":{"minecraft:jump":61,"minecraft:time_since_rest":138352,"minecraft:crouch_one_cm":354,"minecraft:play_one_minute":138352,"minecraft:leave_game":23,"minecraft:sprint_one_cm":7859,"minecraft:time_since_death":138352,"minecraft:walk_one_cm":7683,"minecraft:sneak_time":887,"minecraft:drop":4,"minecraft:fly_one_cm":250428},"minecraft:dropped":{"minecraft:carrot":2,"minecraft:apple":2}},"DataVersion":1976}