{"stats":{"minecraft:custom":{"minecraft:mob_kills":17,"minecraft:interact_with_crafting_table":2,"minecraft:play_one_minute":3021343,"minecraft:open_shulker_box":13,"minecraft:pot_flower":9,"minecraft:leave_game":76,"minecraft:time_since_death":3021343,"minecraft:climb_one_cm":5440,"minecraft:time_since_rest":3021343,"minecraft:sprint_one_cm":159840,"minecraft:walk_one_cm":1083474,"minecraft:trigger_trapped_chest":1,"minecraft:drop":66,"minecraft:damage_dealt":2597,"minecraft:swim_one_cm":1067,"minecraft:talked_to_villager":205,"minecraft:fly_one_cm":22813021,"minecraft:open_chest":19,"minecraft:crouch_one_cm":26265,"minecraft:sneak_time":121768,"minecraft:walk_under_water_one_cm":200268,"minecraft:jump":1963,"minecraft:walk_on_water_one_cm":150192,"minecraft:fall_one_cm":743},"minecraft:mined":{"minecraft:red_bed":27,"minecraft:pink_bed":18,"minecraft:blue_bed":36,"minecraft:lime_bed":1},"minecraft:killed":{"minecraft:pig":8,"minecraft:horse":1,"minecraft:pillager":2,"minecraft:villager":6},"minecraft:picked_up":{"minecraft:armor_stand":1,"minecraft:wheat_seeds":4,"minecraft:player_head":188,"minecraft:poppy":1,"minecraft:diorite_wall":1,"minecraft:orange_shulker_box":5,"minecraft:dandelion":3,"minecraft:shulker_box":2,"minecraft:command_block":1,"minecraft:lever":17,"minecraft:crossbow":1,"minecraft:painting":13,"minecraft:cobblestone":239},"minecraft:used":{"minecraft:oak_fence":886,"minecraft:oak_trapdoor":103,"minecraft:wheat_seeds":916,"minecraft:water_bucket":47,"minecraft:stripped_acacia_wood":2,"minecraft:dark_oak_stairs":1547,"minecraft:nether_brick_fence":195,"minecraft:mossy_stone_bricks":350,"minecraft:iron_bars":6,"minecraft:stripped_acacia_log":207,"minecraft:cobblestone_stairs":2643,"minecraft:flint_and_steel":16,"minecraft:dead_bush":26,"minecraft:oak_planks":2768,"minecraft:armor_stand":103,"minecraft:spruce_slab":1168,"minecraft:diamond_hoe":868,"minecraft:prismarine":49,"minecraft:poppy":20,"minecraft:ladder":46,"minecraft:oak_sign":13,"minecraft:blue_wool":16,"minecraft:andesite_slab":24,"minecraft:orange_tulip":12,"minecraft:spruce_planks":3721,"minecraft:chest":71,"minecraft:stone":556,"minecraft:redstone_block":154,"minecraft:creeper_head":5,"minecraft:sugar_cane":44,"minecraft:cauldron":1,"minecraft:cobblestone_slab":1320,"minecraft:wooden_shovel":13,"minecraft:blue_bed":61,"minecraft:red_glazed_terracotta":91,"minecraft:grass":496,"minecraft:stone_hoe":64,"minecraft:horse_spawn_egg":1,"minecraft:player_head":214,"minecraft:structure_block":118,"minecraft:farmland":18,"minecraft:debug_stick":225,"minecraft:spruce_leaves":6,"minecraft:oak_door":42,"minecraft:cracked_stone_bricks":6,"minecraft:oak_leaves":208,"minecraft:white_wool":22,"minecraft:torch":88,"minecraft:mossy_cobblestone":1,"minecraft:dirt":157,"minecraft:sand":139,"minecraft:rail":109,"minecraft:vine":160,"minecraft:lime_bed":1,"minecraft:tnt":139,"minecraft:oak_slab":798,"minecraft:crafting_table":21,"minecraft:red_bed":38,"minecraft:prismarine_bricks":160,"minecraft:orange_glazed_terracotta":37,"minecraft:jungle_planks":2,"minecraft:spruce_stairs":2431,"minecraft:cobblestone_wall":1728,"minecraft:oak_wood":1464,"minecraft:dead_tube_coral":1,"minecraft:shulker_box":3,"minecraft:campfire":18,"minecraft:stone_brick_wall":284,"minecraft:painting":933,"minecraft:spruce_fence":122,"minecraft:azure_bluet":1,"minecraft:red_sandstone_wall":577,"minecraft:stripped_spruce_log":1,"minecraft:oak_fence_gate":4,"minecraft:piston":23,"minecraft:fern":116,"minecraft:dark_oak_planks":1972,"minecraft:redstone_torch":12,"minecraft:andesite_wall":6,"minecraft:oak_log":9299,"minecraft:lever":4,"minecraft:dark_prismarine":164,"minecraft:stone_brick_slab":340,"minecraft:flower_pot":79,"minecraft:black_wool":192,"minecraft:cyan_terracotta":3,"minecraft:bookshelf":98,"minecraft:red_tulip":15,"minecraft:villager_spawn_egg":11,"minecraft:command_block":20,"minecraft:quartz_slab":57,"minecraft:red_wool":1749,"minecraft:grass_block":4991,"minecraft:oak_stairs":838,"minecraft:stone_button":223,"minecraft:barrier":46,"minecraft:orange_shulker_box":6,"minecraft:pig_spawn_egg":7,"minecraft:green_wool":128,"minecraft:dark_oak_slab":1234,"minecraft:polished_granite":290,"minecraft:purpur_slab":101,"minecraft:gray_concrete_powder":102,"minecraft:oak_pressure_plate":2,"minecraft:iron_door":3,"minecraft:diorite_wall":64,"minecraft:prismarine_wall":7,"minecraft:gravel":1245,"minecraft:prismarine_slab":1451,"minecraft:stone_brick_stairs":1001,"minecraft:stone_bricks":6384,"minecraft:yellow_wool":10,"minecraft:pink_bed":18,"minecraft:diamond_sword":50,"minecraft:purple_concrete":9,"minecraft:cobblestone":5318,"minecraft:tall_grass":2,"minecraft:hay_block":7,"minecraft:yellow_glazed_terracotta":240,"minecraft:podzol":52,"minecraft:andesite_stairs":2,"minecraft:andesite":441,"minecraft:grass_path":3894,"minecraft:glass_pane":234,"minecraft:smooth_stone_slab":566,"minecraft:stone_pressure_plate":6,"minecraft:stripped_oak_log":393,"minecraft:kelp":34,"minecraft:coarse_dirt":1132,"minecraft:dandelion":20,"minecraft:gray_wool":119,"minecraft:bone_meal":167,"minecraft:seagrass":33,"minecraft:dead_brain_coral_fan":48,"minecraft:dead_bubble_coral_fan":2,"minecraft:pillager_spawn_egg":1,"minecraft:cobweb":512},"minecraft:dropped":{"minecraft:lever":51,"minecraft:player_head":12,"minecraft:command_block":1,"minecraft:diorite_wall":1,"minecraft:armor_stand":1}},"DataVersion":1968}