{"stats":{"minecraft:custom":{"minecraft:open_chest":68,"minecraft:time_since_rest":24430,"minecraft:crouch_one_cm":109,"minecraft:leave_game":1,"minecraft:sprint_one_cm":847,"minecraft:play_time":24430,"minecraft:walk_one_cm":4900,"minecraft:time_since_death":24430,"minecraft:sneak_time":54,"minecraft:total_world_time":25110,"minecraft:interact_with_anvil":3,"minecraft:fly_one_cm":8918,"minecraft:jump":7},"minecraft:used":{"minecraft:deepslate_bricks":2,"minecraft:chest":2,"minecraft:deepslate":1,"minecraft:command_block":43,"minecraft:deepslate_tiles":3,"minecraft:player_head":19}},"DataVersion":2730}