{
	"credit": "by Katniss",
	"parent": "block/fence_post",
	"textures": {
		"texture": "block/acacia_fence"
	},
	"elements": [
		{
			"from": [6, 0, 6],
			"to": [10, 16, 10],
			"faces": {
				"north": {"uv": [12, 0, 16, 16], "texture": "#texture"},
				"east": {"uv": [12, 0, 16, 16], "texture": "#texture"},
				"south": {"uv": [12, 0, 16, 16], "texture": "#texture"},
				"west": {"uv": [12, 0, 16, 16], "texture": "#texture"},
				"up": {"uv": [12, 0, 16, 4], "texture": "#texture", "cullface": "up"},
				"down": {"uv": [12, 12, 16, 16], "texture": "#texture", "cullface": "down"}
			}
		}
	]
}