{
	"ambientocclusion": false,
	"parent": "block/block_head",
	"textures": {
		"0": "block/chair_2",
		"particle": "block/chair_2"
	},
	"elements": [
		{
			"from": [1, 0, 1],
			"to": [3, 8, 3],
			"faces": {
				"north": {"uv": [6, 10, 7, 14], "texture": "#0"},
				"east": {"uv": [12, 10, 13, 14], "texture": "#0"},
				"south": {"uv": [6, 10, 7, 14], "texture": "#0"},
				"west": {"uv": [13, 10, 14, 14], "texture": "#0"}
			}
		},
		{
			"from": [1, 11, 13],
			"to": [3, 28, 15],
			"faces": {
				"north": {"uv": [6, 0, 7, 8.5], "texture": "#0"},
				"east": {"uv": [14, 0, 15, 8.5], "texture": "#0"},
				"south": {"uv": [6, 0, 7, 8.5], "texture": "#0"},
				"west": {"uv": [15, 0, 16, 8.5], "texture": "#0"},
				"up": {"uv": [10, 8.5, 11, 9.5], "texture": "#0"},
				"down": {"uv": [0, 0, 2, 2], "texture": "#missing"}
			}
		},
		{
			"from": [13, 11, 13],
			"to": [15, 28, 15],
			"faces": {
				"north": {"uv": [6, 0, 7, 8.5], "texture": "#0"},
				"east": {"uv": [14, 0, 15, 8.5], "texture": "#0"},
				"south": {"uv": [0, 0, 1, 8.5], "texture": "#0"},
				"west": {"uv": [15, 0, 16, 8.5], "texture": "#0"},
				"up": {"uv": [9, 8.5, 10, 9.5], "texture": "#0"},
				"down": {"uv": [0, 0, 2, 2], "texture": "#missing"}
			}
		},
		{
			"from": [13, 0, 1],
			"to": [15, 8, 3],
			"faces": {
				"north": {"uv": [0, 10, 1, 14], "texture": "#0"},
				"east": {"uv": [12, 10, 13, 14], "texture": "#0"},
				"south": {"uv": [0, 10, 1, 14], "texture": "#0"},
				"west": {"uv": [13, 10, 14, 14], "texture": "#0"}
			}
		},
		{
			"from": [3, 19, 13],
			"to": [13, 24, 15],
			"faces": {
				"north": {"uv": [1, 2, 6, 4.5], "texture": "#0"},
				"south": {"uv": [1, 2, 6, 4.5], "texture": "#0"},
				"up": {"uv": [1, 2, 6, 2.5], "texture": "#0"},
				"down": {"uv": [1, 4, 6, 4.5], "texture": "#0"}
			}
		},
		{
			"from": [6, 24, 13],
			"to": [10, 25, 15],
			"faces": {
				"north": {"uv": [2.5, 1.5, 4.5, 2], "texture": "#0"},
				"east": {"uv": [2.5, 1.5, 3, 2], "texture": "#0"},
				"south": {"uv": [2.5, 1.5, 4.5, 2], "texture": "#0"},
				"west": {"uv": [4, 1.5, 4.5, 2], "texture": "#0"}
			}
		},
		{
			"from": [5, 25, 13],
			"to": [11, 26, 15],
			"faces": {
				"north": {"uv": [2, 1, 5, 1.5], "texture": "#0"},
				"east": {"uv": [2, 1, 2.5, 1.5], "texture": "#0"},
				"south": {"uv": [2, 1, 5, 1.5], "texture": "#0"},
				"west": {"uv": [4.5, 1, 5, 1.5], "texture": "#0"},
				"up": {"uv": [2, 1, 5, 1.5], "texture": "#0"},
				"down": {"uv": [2, 1, 5, 1.5], "texture": "#0"}
			}
		},
		{
			"from": [7, 26, 13],
			"to": [9, 27, 15],
			"faces": {
				"north": {"uv": [3, 0.5, 4, 1], "texture": "#0"},
				"east": {"uv": [3, 0.5, 3.5, 1], "texture": "#0"},
				"south": {"uv": [3, 0.5, 4, 1], "texture": "#0"},
				"west": {"uv": [3.5, 0.5, 4, 1], "texture": "#0"},
				"up": {"uv": [3, 0.5, 4, 1], "texture": "#0"}
			}
		},
		{
			"from": [6, 18, 13],
			"to": [10, 19, 15],
			"faces": {
				"north": {"uv": [2.5, 4.5, 4.5, 5], "texture": "#0"},
				"east": {"uv": [2.5, 4.5, 3, 5], "texture": "#0"},
				"south": {"uv": [2.5, 4.5, 4.5, 5], "texture": "#0"},
				"west": {"uv": [4, 4.5, 4.5, 5], "texture": "#0"},
				"down": {"uv": [2.5, 4.5, 4.5, 5], "texture": "#0"}
			}
		},
		{
			"from": [3, 13, 13],
			"to": [13, 16, 15],
			"faces": {
				"north": {"uv": [1, 6, 6, 7.5], "texture": "#0"},
				"south": {"uv": [1, 6, 6, 7.5], "texture": "#0"},
				"up": {"uv": [1, 6, 6, 6.5], "texture": "#0"},
				"down": {"uv": [1, 7, 6, 7.5], "texture": "#0"}
			}
		},
		{
			"from": [1, 8, 1],
			"to": [15, 11, 15],
			"faces": {
				"north": {"uv": [0, 8.5, 7, 10], "texture": "#0"},
				"east": {"uv": [16, 14.5, 9, 16], "texture": "#0"},
				"south": {"uv": [0, 14.5, 7, 16], "texture": "#0"},
				"west": {"uv": [9, 14.5, 16, 16], "texture": "#0"},
				"up": {"uv": [7, 0, 14, 7], "texture": "#0"},
				"down": {"uv": [0, 0, 14, 14], "texture": "#missing"}
			}
		},
		{
			"from": [1, 0, 13],
			"to": [3, 8, 15],
			"faces": {
				"north": {"uv": [6, 10, 7, 14], "texture": "#0"},
				"east": {"uv": [14, 10, 15, 14], "texture": "#0"},
				"south": {"uv": [6, 10, 7, 14], "texture": "#0"},
				"west": {"uv": [15, 10, 16, 14], "texture": "#0"}
			}
		},
		{
			"from": [13, 0, 13],
			"to": [15, 8, 15],
			"faces": {
				"north": {"uv": [0, 10, 1, 14], "texture": "#0"},
				"east": {"uv": [14, 10, 15, 14], "texture": "#0"},
				"south": {"uv": [0, 10, 1, 14], "texture": "#0"},
				"west": {"uv": [15, 10, 16, 14], "texture": "#0"}
			}
		},
		{
			"from": [3, 3, 1.5],
			"to": [13, 7, 2.5],
			"faces": {
				"north": {"uv": [1, 10.5, 6, 12.5], "texture": "#0"},
				"south": {"uv": [1, 10.5, 6, 12.5], "texture": "#0"},
				"up": {"uv": [1, 10.5, 6, 11], "texture": "#0"},
				"down": {"uv": [1, 12, 6, 12.5], "texture": "#0"}
			}
		},
		{
			"from": [3, 3, 13.5],
			"to": [13, 7, 14.5],
			"faces": {
				"north": {"uv": [1, 10.5, 6, 12.5], "texture": "#0"},
				"south": {"uv": [1, 10.5, 6, 12.5], "texture": "#0"},
				"up": {"uv": [1, 10.5, 6, 11], "texture": "#0"},
				"down": {"uv": [1, 12, 6, 12.5], "texture": "#0"}
			}
		}
	]
}