{
	"ambientocclusion": false,
	"parent": "block/block_head",
	"textures": {
		"0": "block/chair",
		"particle": "block/chair"
	},
	"elements": [
		{
			"from": [1, 0, 1],
			"to": [3, 11, 3],
			"faces": {
				"north": {"uv": [6, 8, 7, 13.5], "texture": "#0"},
				"east": {"uv": [12, 8, 13, 13.5], "texture": "#0"},
				"south": {"uv": [6, 8, 7, 13.5], "texture": "#0"},
				"west": {"uv": [13, 8, 14, 13.5], "texture": "#0"},
				"up": {"uv": [13, 13.5, 14, 14.5], "texture": "#0", "rotation": 180}
			}
		},
		{
			"from": [13, 0, 1],
			"to": [15, 11, 3],
			"faces": {
				"north": {"uv": [0, 8, 1, 13.5], "texture": "#0"},
				"east": {"uv": [12, 8, 13, 13.5], "texture": "#0"},
				"south": {"uv": [0, 8, 1, 13.5], "texture": "#0"},
				"west": {"uv": [13, 8, 14, 13.5], "texture": "#0"},
				"up": {"uv": [12, 13.5, 13, 14.5], "texture": "#0", "rotation": 180}
			}
		},
		{
			"from": [1, 0, 13],
			"to": [3, 26, 15],
			"faces": {
				"north": {"uv": [6, 0.5, 7, 13.5], "texture": "#0"},
				"east": {"uv": [14, 0.5, 15, 13.5], "texture": "#0"},
				"south": {"uv": [6, 0.5, 7, 13.5], "texture": "#0"},
				"west": {"uv": [15, 0.5, 16, 13.5], "texture": "#0"},
				"up": {"uv": [15, 13.5, 16, 14.5], "texture": "#0", "rotation": 180}
			}
		},
		{
			"from": [13, 0, 13],
			"to": [15, 26, 15],
			"faces": {
				"north": {"uv": [0, 0.5, 1, 13.5], "texture": "#0"},
				"east": {"uv": [14, 0.5, 15, 13.5], "texture": "#0"},
				"south": {"uv": [0, 0.5, 1, 13.5], "texture": "#0"},
				"west": {"uv": [15, 0.5, 16, 13.5], "texture": "#0"},
				"up": {"uv": [14, 13.5, 15, 14.5], "texture": "#0", "rotation": 180}
			}
		},
		{
			"from": [3, 19, 13.5],
			"to": [13, 24, 14.5],
			"faces": {
				"north": {"uv": [1, 1.5, 6, 4], "texture": "#0"},
				"south": {"uv": [6, 1.5, 1, 4], "texture": "#0"},
				"up": {"uv": [1, 1.5, 6, 2], "texture": "#0"},
				"down": {"uv": [1, 3.5, 6, 4], "texture": "#0"}
			}
		},
		{
			"from": [5, 24, 13.5],
			"to": [11, 25, 14.5],
			"faces": {
				"north": {"uv": [2, 1, 5, 1.5], "texture": "#0"},
				"east": {"uv": [2, 1, 2.5, 1.5], "texture": "#0"},
				"south": {"uv": [2, 1, 5, 1.5], "texture": "#0"},
				"west": {"uv": [4.5, 1, 5, 1.5], "texture": "#0"},
				"up": {"uv": [2, 1, 5, 1.5], "texture": "#0"}
			}
		},
		{
			"from": [7, 25, 13.5],
			"to": [9, 26, 14.5],
			"faces": {
				"north": {"uv": [3, 0.5, 4, 1], "texture": "#0"},
				"east": {"uv": [3, 0.5, 3.5, 1], "texture": "#0"},
				"south": {"uv": [3, 0.5, 4, 1], "texture": "#0"},
				"west": {"uv": [3.5, 0.5, 4, 1], "texture": "#0"},
				"up": {"uv": [3, 0.5, 4, 1], "texture": "#0"}
			}
		},
		{
			"from": [3, 13, 13.5],
			"to": [13, 16, 14.5],
			"faces": {
				"north": {"uv": [1, 5.5, 6, 7], "texture": "#0"},
				"south": {"uv": [1, 5.5, 6, 7], "texture": "#0"},
				"up": {"uv": [1, 5.5, 6, 6], "texture": "#0"},
				"down": {"uv": [1, 6.5, 6, 7], "texture": "#0"}
			}
		},
		{
			"from": [1.5, 9.5, 1.5],
			"to": [14.5, 10.5, 14.5],
			"faces": {
				"north": {"uv": [7, 6, 13.5, 6.5], "texture": "#0"},
				"east": {"uv": [7, 6, 13.5, 6.5], "texture": "#0"},
				"south": {"uv": [7, 0, 13.5, 0.5], "texture": "#0"},
				"west": {"uv": [7, 0, 13.5, 0.5], "texture": "#0"},
				"up": {"uv": [7, 0, 13.5, 6.5], "texture": "#0"},
				"down": {"uv": [13.5, 0, 7, 6.5], "texture": "#0", "rotation": 180}
			}
		},
		{
			"from": [3, 3.75, 2],
			"to": [13, 4.75, 3],
			"faces": {
				"north": {"uv": [7, 7, 12, 7.5], "texture": "#0"},
				"south": {"uv": [7, 7, 12, 7.5], "texture": "#0"},
				"up": {"uv": [7, 7, 12, 7.5], "texture": "#0"},
				"down": {"uv": [7, 7, 12, 7.5], "texture": "#0"}
			}
		},
		{
			"from": [2, 4.75, 3],
			"to": [3, 5.75, 13],
			"faces": {
				"east": {"uv": [7, 7, 12, 7.5], "texture": "#0"},
				"west": {"uv": [7, 7, 12, 7.5], "texture": "#0"},
				"up": {"uv": [7, 7, 12, 7.5], "texture": "#0", "rotation": 90},
				"down": {"uv": [7, 7, 12, 7.5], "texture": "#0", "rotation": 90}
			}
		},
		{
			"from": [3, 8.5, 2],
			"to": [13, 9.5, 3],
			"faces": {
				"north": {"uv": [7, 6.5, 12, 7], "texture": "#0"},
				"south": {"uv": [7, 6.5, 12, 7], "texture": "#0"},
				"up": {"uv": [7, 6.5, 12, 7], "texture": "#0"},
				"down": {"uv": [7, 6.5, 12, 7], "texture": "#0"}
			}
		},
		{
			"from": [3, 8.5, 13],
			"to": [13, 9.5, 14],
			"faces": {
				"north": {"uv": [7, 6.5, 12, 7], "texture": "#0"},
				"south": {"uv": [7, 6.5, 12, 7], "texture": "#0"},
				"up": {"uv": [7, 6.5, 12, 7], "texture": "#0"},
				"down": {"uv": [7, 6.5, 12, 7], "texture": "#0"}
			}
		},
		{
			"from": [2, 8.5, 3],
			"to": [3, 9.5, 13],
			"faces": {
				"east": {"uv": [7, 6.5, 12, 7], "texture": "#0"},
				"west": {"uv": [7, 6.5, 12, 7], "texture": "#0"},
				"up": {"uv": [7, 6.5, 12, 7], "texture": "#0"},
				"down": {"uv": [7, 6.5, 12, 7], "texture": "#0", "rotation": 90}
			}
		},
		{
			"from": [13, 8.5, 3],
			"to": [14, 9.5, 13],
			"faces": {
				"east": {"uv": [7, 6.5, 12, 7], "texture": "#0"},
				"west": {"uv": [7, 6.5, 12, 7], "texture": "#0"},
				"up": {"uv": [7, 6.5, 12, 7], "texture": "#0"},
				"down": {"uv": [7, 6.5, 12, 7], "texture": "#0", "rotation": 90}
			}
		},
		{
			"from": [13, 4.75, 3],
			"to": [14, 5.75, 13],
			"faces": {
				"east": {"uv": [7, 7, 12, 7.5], "texture": "#0"},
				"west": {"uv": [7, 7, 12, 7.5], "texture": "#0"},
				"up": {"uv": [7, 7, 12, 7.5], "texture": "#0", "rotation": 90},
				"down": {"uv": [7, 7, 12, 7.5], "texture": "#0", "rotation": 90}
			}
		},
		{
			"from": [3, 3.75, 13],
			"to": [13, 4.75, 14],
			"faces": {
				"north": {"uv": [7, 7, 12, 7.5], "texture": "#0"},
				"south": {"uv": [7, 7, 12, 7.5], "texture": "#0"},
				"up": {"uv": [7, 7, 12, 7.5], "texture": "#0"},
				"down": {"uv": [7, 7, 12, 7.5], "texture": "#0"}
			}
		}
	]
}