{
	"textures": {
		"0": "block/chandelier",
		"1": "block/candle_flame",
		"particle": "block/chandelier"
	},
	"elements": [
		{
			"name": "cube",
			"from": [-7, -14, 5],
			"to": [-6, -12, 11],
			"faces": {
				"north": {"uv": [0.5, 15, 1, 16], "texture": "#0"},
				"east": {"uv": [0.5, 15, 3.5, 16], "texture": "#0"},
				"south": {"uv": [3, 15, 3.5, 16], "texture": "#0"},
				"west": {"uv": [0.5, 15, 3.5, 16], "texture": "#0"},
				"up": {
					"uv": [0.5, 15, 3.5, 15.5],
					"texture": "#0",
					"rotation": 90
				},
				"down": {
					"uv": [0.5, 15.5, 3.5, 16],
					"texture": "#0",
					"rotation": 270
				}
			},
			"rotation": {
				"origin": [8, -6, 8],
				"axis": "y",
				"angle": -22.5
			},
			"type": "cube"
		},
		{
			"name": "cube",
			"from": [-7, -14, 5],
			"to": [-6, -12, 11],
			"faces": {
				"north": {"uv": [0.5, 15, 1, 16], "texture": "#0"},
				"east": {"uv": [0.5, 15, 3.5, 16], "texture": "#0"},
				"south": {"uv": [3, 15, 3.5, 16], "texture": "#0"},
				"west": {"uv": [0.5, 15, 3.5, 16], "texture": "#0"},
				"up": {
					"uv": [0.5, 15, 3.5, 15.5],
					"texture": "#0",
					"rotation": 90
				},
				"down": {
					"uv": [0.5, 15.5, 3.5, 16],
					"texture": "#0",
					"rotation": 270
				}
			},
			"rotation": {
				"origin": [8, -6, 8],
				"axis": "y",
				"angle": 22.5
			},
			"type": "cube"
		},
		{
			"name": "cube",
			"from": [5, -14, 22],
			"to": [11, -12, 23],
			"faces": {
				"north": {
					"uv": [0.5, 15, 3.5, 16],
					"texture": "#0"
				},
				"east": {"uv": [3, 15, 3.5, 16], "texture": "#0"},
				"south": {
					"uv": [0.5, 15, 3.5, 16],
					"texture": "#0"
				},
				"west": {"uv": [0.5, 15, 1, 16], "texture": "#0"},
				"up": {"uv": [0.5, 15, 3.5, 15.5], "texture": "#0"},
				"down": {
					"uv": [0.5, 15.5, 3.5, 16],
					"texture": "#0"
				}
			},
			"rotation": {
				"origin": [8, -6, 8],
				"axis": "y",
				"angle": 22.5
			},
			"type": "cube"
		},
		{
			"name": "cube",
			"from": [22, -14, 5],
			"to": [23, -12, 11],
			"faces": {
				"north": {"uv": [3, 15, 3.5, 16], "texture": "#0"},
				"east": {"uv": [0.5, 15, 3.5, 16], "texture": "#0"},
				"south": {"uv": [0.5, 15, 1, 16], "texture": "#0"},
				"west": {"uv": [0.5, 15, 3.5, 16], "texture": "#0"},
				"up": {
					"uv": [0.5, 15, 3.5, 15.5],
					"texture": "#0",
					"rotation": 270
				},
				"down": {
					"uv": [0.5, 15.5, 3.5, 16],
					"texture": "#0",
					"rotation": 90
				}
			},
			"rotation": {
				"origin": [8, -6, 8],
				"axis": "y",
				"angle": -22.5
			},
			"type": "cube"
		},
		{
			"name": "cube",
			"from": [5, -14, -7],
			"to": [11, -12, -6],
			"faces": {
				"north": {
					"uv": [0.5, 15, 3.5, 16],
					"texture": "#0"
				},
				"east": {"uv": [0.5, 15, 1, 16], "texture": "#0"},
				"south": {
					"uv": [0.5, 15, 3.5, 16],
					"texture": "#0"
				},
				"west": {"uv": [3, 15, 3.5, 16], "texture": "#0"},
				"up": {
					"uv": [0.5, 15, 3.5, 15.5],
					"texture": "#0",
					"rotation": 180
				},
				"down": {
					"uv": [0.5, 15.5, 3.5, 16],
					"texture": "#0",
					"rotation": 180
				}
			},
			"rotation": {
				"origin": [8, -6, 8],
				"axis": "y",
				"angle": -45
			},
			"type": "cube"
		},
		{
			"name": "cube",
			"from": [5, -14, -7],
			"to": [11, -12, -6],
			"faces": {
				"north": {
					"uv": [0.5, 15, 3.5, 16],
					"texture": "#0"
				},
				"east": {"uv": [0.5, 15, 1, 16], "texture": "#0"},
				"south": {
					"uv": [0.5, 15, 3.5, 16],
					"texture": "#0"
				},
				"west": {"uv": [3, 15, 3.5, 16], "texture": "#0"},
				"up": {
					"uv": [0.5, 15, 3.5, 15.5],
					"texture": "#0",
					"rotation": 180
				},
				"down": {
					"uv": [0.5, 15.5, 3.5, 16],
					"texture": "#0",
					"rotation": 180
				}
			},
			"rotation": {
				"origin": [8, -6, 8],
				"axis": "y",
				"angle": 0
			},
			"type": "cube"
		},
		{
			"name": "cube",
			"from": [5, -14, -7],
			"to": [11, -12, -6],
			"faces": {
				"north": {
					"uv": [0.5, 15, 3.5, 16],
					"texture": "#0"
				},
				"east": {"uv": [0.5, 15, 1, 16], "texture": "#0"},
				"south": {
					"uv": [0.5, 15, 3.5, 16],
					"texture": "#0"
				},
				"west": {"uv": [3, 15, 3.5, 16], "texture": "#0"},
				"up": {
					"uv": [0.5, 15, 3.5, 15.5],
					"texture": "#0",
					"rotation": 180
				},
				"down": {
					"uv": [0.5, 15.5, 3.5, 16],
					"texture": "#0",
					"rotation": 180
				}
			},
			"rotation": {
				"origin": [8, -6, 8],
				"axis": "y",
				"angle": 45
			},
			"type": "cube"
		},
		{
			"name": "cube",
			"from": [5, -14, 22],
			"to": [11, -12, 23],
			"faces": {
				"north": {"uv": [4, 15, 7, 16], "texture": "#0"},
				"east": {"uv": [6.5, 15, 7, 16], "texture": "#0"},
				"south": {"uv": [4, 15, 7, 16], "texture": "#0"},
				"west": {"uv": [4, 15, 4.5, 16], "texture": "#0"},
				"up": {"uv": [4, 15, 7, 15.5], "texture": "#0"},
				"down": {"uv": [4, 15.5, 7, 16], "texture": "#0"}
			},
			"rotation": {
				"origin": [8, -6, 8],
				"axis": "y",
				"angle": 0
			},
			"type": "cube"
		},
		{
			"name": "cube",
			"from": [5, -14, 22],
			"to": [11, -12, 23],
			"faces": {
				"north": {"uv": [4, 15, 7, 16], "texture": "#0"},
				"east": {"uv": [6.5, 15, 7, 16], "texture": "#0"},
				"south": {"uv": [4, 15, 7, 16], "texture": "#0"},
				"west": {"uv": [4, 15, 4.5, 16], "texture": "#0"},
				"up": {"uv": [4, 15, 7, 15.5], "texture": "#0"},
				"down": {"uv": [4, 15.5, 7, 16], "texture": "#0"}
			},
			"rotation": {
				"origin": [8, -6, 8],
				"axis": "y",
				"angle": -22.5
			},
			"type": "cube"
		},
		{
			"name": "cube",
			"from": [-7, -14, 5],
			"to": [-6, -12, 11],
			"faces": {
				"north": {"uv": [4, 15, 4.5, 16], "texture": "#0"},
				"east": {"uv": [4, 15, 7, 16], "texture": "#0"},
				"south": {"uv": [6.5, 15, 7, 16], "texture": "#0"},
				"west": {"uv": [4, 15, 7, 16], "texture": "#0"},
				"up": {
					"uv": [4, 15, 7, 15.5],
					"texture": "#0",
					"rotation": 90
				},
				"down": {
					"uv": [4, 15.5, 7, 16],
					"texture": "#0",
					"rotation": 270
				}
			},
			"rotation": {
				"origin": [8, -6, 8],
				"axis": "y",
				"angle": 45
			},
			"type": "cube"
		},
		{
			"name": "cube",
			"from": [-7, -14, 5],
			"to": [-6, -12, 11],
			"faces": {
				"north": {"uv": [4, 15, 4.5, 16], "texture": "#0"},
				"east": {"uv": [4, 15, 7, 16], "texture": "#0"},
				"south": {"uv": [6.5, 15, 7, 16], "texture": "#0"},
				"west": {"uv": [4, 15, 7, 16], "texture": "#0"},
				"up": {
					"uv": [4, 15, 7, 15.5],
					"texture": "#0",
					"rotation": 90
				},
				"down": {
					"uv": [4, 15.5, 7, 16],
					"texture": "#0",
					"rotation": 270
				}
			},
			"rotation": {
				"origin": [8, -6, 8],
				"axis": "y",
				"angle": 0
			},
			"type": "cube"
		},
		{
			"name": "cube",
			"from": [5, -14, -7],
			"to": [11, -12, -6],
			"faces": {
				"north": {"uv": [4, 15, 7, 16], "texture": "#0"},
				"east": {"uv": [4, 15, 4.5, 16], "texture": "#0"},
				"south": {"uv": [4, 15, 7, 16], "texture": "#0"},
				"west": {"uv": [6.5, 15, 7, 16], "texture": "#0"},
				"up": {
					"uv": [4, 15, 7, 15.5],
					"texture": "#0",
					"rotation": 180
				},
				"down": {
					"uv": [4, 15.5, 7, 16],
					"texture": "#0",
					"rotation": 180
				}
			},
			"rotation": {
				"origin": [8, -6, 8],
				"axis": "y",
				"angle": 22.5
			},
			"type": "cube"
		},
		{
			"name": "cube",
			"from": [5, -14, -7],
			"to": [11, -12, -6],
			"faces": {
				"north": {"uv": [4, 15, 7, 16], "texture": "#0"},
				"east": {"uv": [4, 15, 4.5, 16], "texture": "#0"},
				"south": {"uv": [4, 15, 7, 16], "texture": "#0"},
				"west": {"uv": [6.5, 15, 7, 16], "texture": "#0"},
				"up": {
					"uv": [4, 15, 7, 15.5],
					"texture": "#0",
					"rotation": 180
				},
				"down": {
					"uv": [4, 15.5, 7, 16],
					"texture": "#0",
					"rotation": 180
				}
			},
			"rotation": {
				"origin": [8, -6, 8],
				"axis": "y",
				"angle": -22.5
			},
			"type": "cube"
		},
		{
			"name": "cube",
			"from": [22, -14, 5],
			"to": [23, -12, 11],
			"faces": {
				"north": {"uv": [6.5, 15, 7, 16], "texture": "#0"},
				"east": {"uv": [4, 15, 7, 16], "texture": "#0"},
				"south": {"uv": [4, 15, 4.5, 16], "texture": "#0"},
				"west": {"uv": [4, 15, 7, 16], "texture": "#0"},
				"up": {
					"uv": [4, 15, 7, 15.5],
					"texture": "#0",
					"rotation": 270
				},
				"down": {
					"uv": [4, 15.5, 7, 16],
					"texture": "#0",
					"rotation": 90
				}
			},
			"rotation": {
				"origin": [8, -6, 8],
				"axis": "y",
				"angle": 22.5
			},
			"type": "cube"
		},
		{
			"name": "cube",
			"from": [22, -14, 5],
			"to": [23, -12, 11],
			"faces": {
				"north": {"uv": [6.5, 15, 7, 16], "texture": "#0"},
				"east": {"uv": [4, 15, 7, 16], "texture": "#0"},
				"south": {"uv": [4, 15, 4.5, 16], "texture": "#0"},
				"west": {"uv": [4, 15, 7, 16], "texture": "#0"},
				"up": {
					"uv": [4, 15, 7, 15.5],
					"texture": "#0",
					"rotation": 270
				},
				"down": {
					"uv": [4, 15.5, 7, 16],
					"texture": "#0",
					"rotation": 90
				}
			},
			"rotation": {
				"origin": [8, -6, 8],
				"axis": "y",
				"angle": 0
			},
			"type": "cube"
		},
		{
			"name": "cube",
			"from": [5, -14, 22],
			"to": [11, -12, 23],
			"faces": {
				"north": {"uv": [4, 15, 7, 16], "texture": "#0"},
				"east": {"uv": [6.5, 15, 7, 16], "texture": "#0"},
				"south": {"uv": [4, 15, 7, 16], "texture": "#0"},
				"west": {"uv": [4, 15, 4.5, 16], "texture": "#0"},
				"up": {"uv": [4, 15, 7, 15.5], "texture": "#0"},
				"down": {"uv": [4, 15.5, 7, 16], "texture": "#0"}
			},
			"rotation": {
				"origin": [8, -6, 8],
				"axis": "y",
				"angle": 45
			},
			"type": "cube"
		},
		{
			"name": "cube",
			"from": [14.5, -6, 6.5],
			"to": [15.5, -4, 9.5],
			"faces": {
				"north": {"uv": [8.5, 15, 9, 16], "texture": "#0"},
				"east": {"uv": [7.5, 15, 9, 16], "texture": "#0"},
				"south": {"uv": [7.5, 15, 8, 16], "texture": "#0"},
				"west": {"uv": [7.5, 15, 9, 16], "texture": "#0"},
				"up": {
					"uv": [7.5, 15, 9, 15.5],
					"texture": "#0",
					"rotation": 90
				},
				"down": {
					"uv": [7.5, 15.5, 9, 16],
					"texture": "#0",
					"rotation": 270
				}
			},
			"rotation": {
				"origin": [8, 5, 8],
				"axis": "y",
				"angle": -45
			},
			"type": "cube"
		},
		{
			"name": "cube",
			"from": [6.5, -6, 14.5],
			"to": [9.5, -4, 15.5],
			"faces": {
				"north": {"uv": [7.5, 15, 9, 16], "texture": "#0"},
				"east": {"uv": [8.5, 15, 9, 16], "texture": "#0"},
				"south": {"uv": [7.5, 15, 9, 16], "texture": "#0"},
				"west": {"uv": [7.5, 15, 8, 16], "texture": "#0"},
				"up": {
					"uv": [7.5, 15, 9, 15.5],
					"texture": "#0",
					"rotation": 180
				},
				"down": {
					"uv": [7.5, 15.5, 9, 16],
					"texture": "#0",
					"rotation": 180
				}
			},
			"rotation": {
				"origin": [8, 5, 8],
				"axis": "y",
				"angle": 22.5
			},
			"type": "cube"
		},
		{
			"name": "cube",
			"from": [6.5, -6, 14.5],
			"to": [9.5, -4, 15.5],
			"faces": {
				"north": {"uv": [7.5, 15, 9, 16], "texture": "#0"},
				"east": {"uv": [8.5, 15, 9, 16], "texture": "#0"},
				"south": {"uv": [7.5, 15, 9, 16], "texture": "#0"},
				"west": {"uv": [7.5, 15, 8, 16], "texture": "#0"},
				"up": {
					"uv": [7.5, 15, 9, 15.5],
					"texture": "#0",
					"rotation": 180
				},
				"down": {
					"uv": [7.5, 15.5, 9, 16],
					"texture": "#0",
					"rotation": 180
				}
			},
			"rotation": {
				"origin": [8, 5, 8],
				"axis": "y",
				"angle": 0
			},
			"type": "cube"
		},
		{
			"name": "cube",
			"from": [6.5, -6, 14.5],
			"to": [9.5, -4, 15.5],
			"faces": {
				"north": {"uv": [7.5, 15, 9, 16], "texture": "#0"},
				"east": {"uv": [8.5, 15, 9, 16], "texture": "#0"},
				"south": {"uv": [7.5, 15, 9, 16], "texture": "#0"},
				"west": {"uv": [7.5, 15, 8, 16], "texture": "#0"},
				"up": {
					"uv": [7.5, 15, 9, 15.5],
					"texture": "#0",
					"rotation": 180
				},
				"down": {
					"uv": [7.5, 15.5, 9, 16],
					"texture": "#0",
					"rotation": 180
				}
			},
			"rotation": {
				"origin": [8, 5, 8],
				"axis": "y",
				"angle": -22.5
			},
			"type": "cube"
		},
		{
			"name": "cube",
			"from": [0.5, -6, 6.5],
			"to": [1.5, -4, 9.5],
			"faces": {
				"north": {"uv": [7.5, 15, 8, 16], "texture": "#0"},
				"east": {"uv": [7.5, 15, 9, 16], "texture": "#0"},
				"south": {"uv": [8.5, 15, 9, 16], "texture": "#0"},
				"west": {"uv": [7.5, 15, 9, 16], "texture": "#0"},
				"up": {
					"uv": [7.5, 15, 9, 15.5],
					"texture": "#0",
					"rotation": 270
				},
				"down": {
					"uv": [7.5, 15.5, 9, 16],
					"texture": "#0",
					"rotation": 90
				}
			},
			"rotation": {
				"origin": [8, 5, 8],
				"axis": "y",
				"angle": 45
			},
			"type": "cube"
		},
		{
			"name": "cube",
			"from": [0.5, -6, 6.5],
			"to": [1.5, -4, 9.5],
			"faces": {
				"north": {"uv": [7.5, 15, 8, 16], "texture": "#0"},
				"east": {"uv": [7.5, 15, 9, 16], "texture": "#0"},
				"south": {"uv": [8.5, 15, 9, 16], "texture": "#0"},
				"west": {"uv": [7.5, 15, 9, 16], "texture": "#0"},
				"up": {
					"uv": [7.5, 15, 9, 15.5],
					"texture": "#0",
					"rotation": 270
				},
				"down": {
					"uv": [7.5, 15.5, 9, 16],
					"texture": "#0",
					"rotation": 90
				}
			},
			"rotation": {
				"origin": [8, 5, 8],
				"axis": "y",
				"angle": 22.5
			},
			"type": "cube"
		},
		{
			"name": "cube",
			"from": [0.5, -6, 6.5],
			"to": [1.5, -4, 9.5],
			"faces": {
				"north": {"uv": [7.5, 15, 8, 16], "texture": "#0"},
				"east": {"uv": [7.5, 15, 9, 16], "texture": "#0"},
				"south": {"uv": [8.5, 15, 9, 16], "texture": "#0"},
				"west": {"uv": [7.5, 15, 9, 16], "texture": "#0"},
				"up": {
					"uv": [7.5, 15, 9, 15.5],
					"texture": "#0",
					"rotation": 270
				},
				"down": {
					"uv": [7.5, 15.5, 9, 16],
					"texture": "#0",
					"rotation": 90
				}
			},
			"rotation": {
				"origin": [8, 5, 8],
				"axis": "y",
				"angle": 0
			},
			"type": "cube"
		},
		{
			"name": "cube",
			"from": [0.5, -6, 6.5],
			"to": [1.5, -4, 9.5],
			"faces": {
				"north": {"uv": [7.5, 15, 8, 16], "texture": "#0"},
				"east": {"uv": [7.5, 15, 9, 16], "texture": "#0"},
				"south": {"uv": [8.5, 15, 9, 16], "texture": "#0"},
				"west": {"uv": [7.5, 15, 9, 16], "texture": "#0"},
				"up": {
					"uv": [7.5, 15, 9, 15.5],
					"texture": "#0",
					"rotation": 270
				},
				"down": {
					"uv": [7.5, 15.5, 9, 16],
					"texture": "#0",
					"rotation": 90
				}
			},
			"rotation": {
				"origin": [8, 5, 8],
				"axis": "y",
				"angle": -22.5
			},
			"type": "cube"
		},
		{
			"name": "cube",
			"from": [6.5, -6, 0.5],
			"to": [9.5, -4, 1.5],
			"faces": {
				"north": {"uv": [7.5, 15, 9, 16], "texture": "#0"},
				"east": {"uv": [7.5, 15, 8, 16], "texture": "#0"},
				"south": {"uv": [7.5, 15, 9, 16], "texture": "#0"},
				"west": {"uv": [8.5, 15, 9, 16], "texture": "#0"},
				"up": {"uv": [7.5, 15, 9, 15.5], "texture": "#0"},
				"down": {"uv": [7.5, 15.5, 9, 16], "texture": "#0"}
			},
			"rotation": {
				"origin": [8, 5, 8],
				"axis": "y",
				"angle": 45
			},
			"type": "cube"
		},
		{
			"name": "cube",
			"from": [6.5, -6, 0.5],
			"to": [9.5, -4, 1.5],
			"faces": {
				"north": {"uv": [7.5, 15, 9, 16], "texture": "#0"},
				"east": {"uv": [7.5, 15, 8, 16], "texture": "#0"},
				"south": {"uv": [7.5, 15, 9, 16], "texture": "#0"},
				"west": {"uv": [8.5, 15, 9, 16], "texture": "#0"},
				"up": {"uv": [7.5, 15, 9, 15.5], "texture": "#0"},
				"down": {"uv": [7.5, 15.5, 9, 16], "texture": "#0"}
			},
			"rotation": {
				"origin": [8, 5, 8],
				"axis": "y",
				"angle": 22.5
			},
			"type": "cube"
		},
		{
			"name": "cube",
			"from": [6.5, -6, 0.5],
			"to": [9.5, -4, 1.5],
			"faces": {
				"north": {"uv": [7.5, 15, 9, 16], "texture": "#0"},
				"east": {"uv": [7.5, 15, 8, 16], "texture": "#0"},
				"south": {"uv": [7.5, 15, 9, 16], "texture": "#0"},
				"west": {"uv": [8.5, 15, 9, 16], "texture": "#0"},
				"up": {"uv": [7.5, 15, 9, 15.5], "texture": "#0"},
				"down": {"uv": [7.5, 15.5, 9, 16], "texture": "#0"}
			},
			"rotation": {
				"origin": [8, 5, 8],
				"axis": "y",
				"angle": 0
			},
			"type": "cube"
		},
		{
			"name": "cube",
			"from": [6.5, -6, 0.5],
			"to": [9.5, -4, 1.5],
			"faces": {
				"north": {"uv": [7.5, 15, 9, 16], "texture": "#0"},
				"east": {"uv": [7.5, 15, 8, 16], "texture": "#0"},
				"south": {"uv": [7.5, 15, 9, 16], "texture": "#0"},
				"west": {"uv": [8.5, 15, 9, 16], "texture": "#0"},
				"up": {"uv": [7.5, 15, 9, 15.5], "texture": "#0"},
				"down": {"uv": [7.5, 15.5, 9, 16], "texture": "#0"}
			},
			"rotation": {
				"origin": [8, 5, 8],
				"axis": "y",
				"angle": -22.5
			},
			"type": "cube"
		},
		{
			"name": "cube",
			"from": [14.5, -6, 6.5],
			"to": [15.5, -4, 9.5],
			"faces": {
				"north": {"uv": [8.5, 15, 9, 16], "texture": "#0"},
				"east": {"uv": [7.5, 15, 9, 16], "texture": "#0"},
				"south": {"uv": [7.5, 15, 8, 16], "texture": "#0"},
				"west": {"uv": [7.5, 15, 9, 16], "texture": "#0"},
				"up": {
					"uv": [7.5, 15, 9, 15.5],
					"texture": "#0",
					"rotation": 90
				},
				"down": {
					"uv": [7.5, 15.5, 9, 16],
					"texture": "#0",
					"rotation": 270
				}
			},
			"rotation": {
				"origin": [8, 5, 8],
				"axis": "y",
				"angle": 45
			},
			"type": "cube"
		},
		{
			"name": "cube",
			"from": [14.5, -6, 6.5],
			"to": [15.5, -4, 9.5],
			"faces": {
				"north": {"uv": [8.5, 15, 9, 16], "texture": "#0"},
				"east": {"uv": [7.5, 15, 9, 16], "texture": "#0"},
				"south": {"uv": [7.5, 15, 8, 16], "texture": "#0"},
				"west": {"uv": [7.5, 15, 9, 16], "texture": "#0"},
				"up": {
					"uv": [7.5, 15, 9, 15.5],
					"texture": "#0",
					"rotation": 90
				},
				"down": {
					"uv": [7.5, 15.5, 9, 16],
					"texture": "#0",
					"rotation": 270
				}
			},
			"rotation": {
				"origin": [8, 5, 8],
				"axis": "y",
				"angle": 22.5
			},
			"type": "cube"
		},
		{
			"name": "cube",
			"from": [14.5, -6, 6.5],
			"to": [15.5, -4, 9.5],
			"faces": {
				"north": {"uv": [8.5, 15, 9, 16], "texture": "#0"},
				"east": {"uv": [7.5, 15, 9, 16], "texture": "#0"},
				"south": {"uv": [7.5, 15, 8, 16], "texture": "#0"},
				"west": {"uv": [7.5, 15, 9, 16], "texture": "#0"},
				"up": {
					"uv": [7.5, 15, 9, 15.5],
					"texture": "#0",
					"rotation": 90
				},
				"down": {
					"uv": [7.5, 15.5, 9, 16],
					"texture": "#0",
					"rotation": 270
				}
			},
			"rotation": {
				"origin": [8, 5, 8],
				"axis": "y",
				"angle": 0
			},
			"type": "cube"
		},
		{
			"name": "cube",
			"from": [14.5, -6, 6.5],
			"to": [15.5, -4, 9.5],
			"faces": {
				"north": {"uv": [8.5, 15, 9, 16], "texture": "#0"},
				"east": {"uv": [7.5, 15, 9, 16], "texture": "#0"},
				"south": {"uv": [7.5, 15, 8, 16], "texture": "#0"},
				"west": {"uv": [7.5, 15, 9, 16], "texture": "#0"},
				"up": {
					"uv": [7.5, 15, 9, 15.5],
					"texture": "#0",
					"rotation": 90
				},
				"down": {
					"uv": [7.5, 15.5, 9, 16],
					"texture": "#0",
					"rotation": 270
				}
			},
			"rotation": {
				"origin": [8, 5, 8],
				"axis": "y",
				"angle": -22.5
			},
			"type": "cube"
		},
		{
			"name": "chain",
			"from": [8, -14, -7],
			"to": [8, 16, 23],
			"faces": {
				"east": {"uv": [1, 0, 16, 15], "texture": "#0"},
				"west": {"uv": [1, 0, 16, 15], "texture": "#0"}
			},
			"rotation": {
				"origin": [8, -6, 8],
				"axis": "y",
				"angle": 45
			},
			"type": "cube"
		},
		{
			"name": "chain",
			"from": [8, -14, -7],
			"to": [8, 16, 23],
			"faces": {
				"east": {"uv": [1, 0, 16, 15], "texture": "#0"},
				"west": {"uv": [1, 0, 16, 15], "texture": "#0"}
			},
			"rotation": {
				"origin": [8, -6, 8],
				"axis": "y",
				"angle": -45
			},
			"type": "cube"
		},
		{
			"name": "candle",
			"from": [
				20.39625322141366,
				-13.749999999999996,
				12.5489097692938
			],
			"to": [
				22.39625322141366,
				-7.7499999999999964,
				14.5489097692938
			],
			"faces": {
				"north": {"uv": [0, 4, 1, 7], "texture": "#0"},
				"east": {"uv": [0, 4, 1, 7], "texture": "#0"},
				"south": {"uv": [0, 4, 1, 7], "texture": "#0"},
				"west": {"uv": [0, 4, 1, 7], "texture": "#0"},
				"up": {
					"uv": [0, 4, 1, 5],
					"texture": "#0",
					"rotation": 90
				},
				"down": {
					"uv": [0, 6, 1, 7],
					"texture": "#0",
					"rotation": 270
				}
			},
			"rotation": {
				"origin": [
					21.39625322141366,
					-10.749999999999996,
					13.5489097692938
				],
				"axis": "y",
				"angle": 0
			},
			"type": "cube"
		},
		{
			"name": "cube",
			"from": [20.64625322141366, -7.75, 13.5489097692938],
			"to": [22.14625322141366, -4.75, 13.5489097692938],
			"faces": {
				"north": {"uv": [5, 3, 11, 15], "texture": "#1"},
				"south": {"uv": [5, 3, 11, 15], "texture": "#1"}
			},
			"rotation": {
				"origin": [
					21.39625322141366,
					-6.25,
					13.5489097692938
				],
				"axis": "y",
				"angle": 45
			},
			"type": "cube"
		},
		{
			"name": "cube",
			"from": [21.39625322141366, -7.75, 12.7989097692938],
			"to": [21.39625322141366, -4.75, 14.2989097692938],
			"faces": {
				"east": {"uv": [5, 3, 11, 15], "texture": "#1"},
				"west": {"uv": [5, 3, 11, 15], "texture": "#1"}
			},
			"rotation": {
				"origin": [
					21.39625322141366,
					-6.25,
					13.5489097692938
				],
				"axis": "y",
				"angle": 45
			},
			"type": "cube"
		},
		{
			"name": "candle",
			"from": [21.5, -13.75, 7],
			"to": [23.5, -7.75, 9],
			"faces": {
				"north": {"uv": [0, 4, 1, 7], "texture": "#0"},
				"east": {"uv": [0, 4, 1, 7], "texture": "#0"},
				"south": {"uv": [0, 4, 1, 7], "texture": "#0"},
				"west": {"uv": [0, 4, 1, 7], "texture": "#0"},
				"up": {
					"uv": [0, 4, 1, 5],
					"texture": "#0",
					"rotation": 90
				},
				"down": {
					"uv": [0, 6, 1, 7],
					"texture": "#0",
					"rotation": 270
				}
			},
			"rotation": {
				"origin": [8, 8, 8],
				"axis": "y",
				"angle": 0
			},
			"type": "cube"
		},
		{
			"name": "cube",
			"from": [22.5, -7.75, 7.25],
			"to": [22.5, -4.75, 8.75],
			"faces": {
				"east": {"uv": [5, 3, 11, 15], "texture": "#1"},
				"west": {"uv": [5, 3, 11, 15], "texture": "#1"}
			},
			"rotation": {
				"origin": [22.5, -6.25, 8],
				"axis": "y",
				"angle": 45
			},
			"type": "cube"
		},
		{
			"name": "cube",
			"from": [22.5, -7.75, 7.25],
			"to": [22.5, -4.75, 8.75],
			"faces": {
				"east": {"uv": [5, 3, 11, 15], "texture": "#1"},
				"west": {"uv": [5, 3, 11, 15], "texture": "#1"}
			},
			"rotation": {
				"origin": [22.5, -6.25, 8],
				"axis": "y",
				"angle": -45
			},
			"type": "cube"
		},
		{
			"name": "candle",
			"from": [
				20.39625322141366,
				-13.749999999999996,
				1.4510902307061988
			],
			"to": [
				22.39625322141366,
				-7.7499999999999964,
				3.451090230706199
			],
			"faces": {
				"north": {"uv": [0, 4, 1, 7], "texture": "#0"},
				"east": {"uv": [0, 4, 1, 7], "texture": "#0"},
				"south": {"uv": [0, 4, 1, 7], "texture": "#0"},
				"west": {"uv": [0, 4, 1, 7], "texture": "#0"},
				"up": {
					"uv": [0, 4, 1, 5],
					"texture": "#0",
					"rotation": 90
				},
				"down": {
					"uv": [0, 6, 1, 7],
					"texture": "#0",
					"rotation": 270
				}
			},
			"rotation": {
				"origin": [
					21.39625322141366,
					-10.749999999999996,
					2.451090230706199
				],
				"axis": "y",
				"angle": 0
			},
			"type": "cube"
		},
		{
			"name": "cube",
			"from": [
				20.64625322141366,
				-7.75,
				2.451090230706199
			],
			"to": [22.14625322141366, -4.75, 2.451090230706199],
			"faces": {
				"north": {"uv": [5, 3, 11, 15], "texture": "#1"},
				"south": {"uv": [5, 3, 11, 15], "texture": "#1"}
			},
			"rotation": {
				"origin": [
					21.39625322141366,
					-6.25,
					2.451090230706199
				],
				"axis": "y",
				"angle": -45
			},
			"type": "cube"
		},
		{
			"name": "cube",
			"from": [
				21.39625322141366,
				-7.75,
				1.7010902307061988
			],
			"to": [21.39625322141366, -4.75, 3.201090230706199],
			"faces": {
				"east": {"uv": [5, 3, 11, 15], "texture": "#1"},
				"west": {"uv": [5, 3, 11, 15], "texture": "#1"}
			},
			"rotation": {
				"origin": [
					21.39625322141366,
					-6.25,
					2.451090230706199
				],
				"axis": "y",
				"angle": -45
			},
			"type": "cube"
		},
		{
			"name": "candle",
			"from": [
				12.5489097692938,
				-13.749999999999996,
				-6.396253221413659
			],
			"to": [
				14.5489097692938,
				-7.7499999999999964,
				-4.396253221413659
			],
			"faces": {
				"north": {"uv": [0, 4, 1, 7], "texture": "#0"},
				"east": {"uv": [0, 4, 1, 7], "texture": "#0"},
				"south": {"uv": [0, 4, 1, 7], "texture": "#0"},
				"west": {"uv": [0, 4, 1, 7], "texture": "#0"},
				"up": {"uv": [0, 4, 1, 5], "texture": "#0"},
				"down": {"uv": [0, 6, 1, 7], "texture": "#0"}
			},
			"rotation": {
				"origin": [
					13.5489097692938,
					-10.749999999999996,
					-5.396253221413659
				],
				"axis": "y",
				"angle": 0
			},
			"type": "cube"
		},
		{
			"name": "cube",
			"from": [
				12.7989097692938,
				-7.75,
				-5.396253221413659
			],
			"to": [14.2989097692938, -4.75, -5.396253221413659],
			"faces": {
				"north": {"uv": [5, 3, 11, 15], "texture": "#1"},
				"south": {"uv": [5, 3, 11, 15], "texture": "#1"}
			},
			"rotation": {
				"origin": [
					13.5489097692938,
					-6.25,
					-5.396253221413659
				],
				"axis": "y",
				"angle": -45
			},
			"type": "cube"
		},
		{
			"name": "cube",
			"from": [
				13.5489097692938,
				-7.75,
				-6.146253221413659
			],
			"to": [13.5489097692938, -4.75, -4.646253221413659],
			"faces": {
				"east": {"uv": [5, 3, 11, 15], "texture": "#1"},
				"west": {"uv": [5, 3, 11, 15], "texture": "#1"}
			},
			"rotation": {
				"origin": [
					13.5489097692938,
					-6.25,
					-5.396253221413659
				],
				"axis": "y",
				"angle": -45
			},
			"type": "cube"
		},
		{
			"name": "candle",
			"from": [7, -13.75, -7.5],
			"to": [9, -7.75, -5.5],
			"faces": {
				"north": {"uv": [0, 4, 1, 7], "texture": "#0"},
				"east": {"uv": [0, 4, 1, 7], "texture": "#0"},
				"south": {"uv": [0, 4, 1, 7], "texture": "#0"},
				"west": {"uv": [0, 4, 1, 7], "texture": "#0"},
				"up": {"uv": [0, 4, 1, 5], "texture": "#0"},
				"down": {"uv": [0, 6, 1, 7], "texture": "#0"}
			},
			"rotation": {
				"origin": [8, 8, 8],
				"axis": "y",
				"angle": 0
			},
			"type": "cube"
		},
		{
			"name": "cube",
			"from": [7.25, -7.75, -6.5],
			"to": [8.75, -4.75, -6.5],
			"faces": {
				"north": {"uv": [5, 3, 11, 15], "texture": "#1"},
				"south": {"uv": [5, 3, 11, 15], "texture": "#1"}
			},
			"rotation": {
				"origin": [8, -6.25, -6.5],
				"axis": "y",
				"angle": 45
			},
			"type": "cube"
		},
		{
			"name": "cube",
			"from": [7.25, -7.75, -6.5],
			"to": [8.75, -4.75, -6.5],
			"faces": {
				"north": {"uv": [5, 3, 11, 15], "texture": "#1"},
				"south": {"uv": [5, 3, 11, 15], "texture": "#1"}
			},
			"rotation": {
				"origin": [8, -6.25, -6.5],
				"axis": "y",
				"angle": -45
			},
			"type": "cube"
		},
		{
			"name": "candle",
			"from": [
				1.4510902307061988,
				-13.749999999999996,
				-6.396253221413659
			],
			"to": [
				3.451090230706199,
				-7.7499999999999964,
				-4.396253221413659
			],
			"faces": {
				"north": {"uv": [0, 4, 1, 7], "texture": "#0"},
				"east": {"uv": [0, 4, 1, 7], "texture": "#0"},
				"south": {"uv": [0, 4, 1, 7], "texture": "#0"},
				"west": {"uv": [0, 4, 1, 7], "texture": "#0"},
				"up": {"uv": [0, 4, 1, 5], "texture": "#0"},
				"down": {"uv": [0, 6, 1, 7], "texture": "#0"}
			},
			"rotation": {
				"origin": [
					2.451090230706199,
					-10.749999999999996,
					-5.396253221413659
				],
				"axis": "y",
				"angle": 0
			},
			"type": "cube"
		},
		{
			"name": "cube",
			"from": [
				1.7010902307061988,
				-7.75,
				-5.396253221413659
			],
			"to": [3.201090230706199, -4.75, -5.396253221413659],
			"faces": {
				"north": {"uv": [5, 3, 11, 15], "texture": "#1"},
				"south": {"uv": [5, 3, 11, 15], "texture": "#1"}
			},
			"rotation": {
				"origin": [
					2.451090230706199,
					-6.25,
					-5.396253221413659
				],
				"axis": "y",
				"angle": -45
			},
			"type": "cube"
		},
		{
			"name": "cube",
			"from": [
				2.451090230706199,
				-7.75,
				-6.146253221413659
			],
			"to": [2.451090230706199, -4.75, -4.646253221413659],
			"faces": {
				"east": {"uv": [5, 3, 11, 15], "texture": "#1"},
				"west": {"uv": [5, 3, 11, 15], "texture": "#1"}
			},
			"rotation": {
				"origin": [
					2.451090230706199,
					-6.25,
					-5.396253221413659
				],
				"axis": "y",
				"angle": -45
			},
			"type": "cube"
		},
		{
			"name": "candle",
			"from": [
				-6.396253221413659,
				-13.749999999999996,
				1.4510902307061988
			],
			"to": [
				-4.396253221413659,
				-7.7499999999999964,
				3.451090230706199
			],
			"faces": {
				"north": {"uv": [0, 4, 1, 7], "texture": "#0"},
				"east": {"uv": [0, 4, 1, 7], "texture": "#0"},
				"south": {"uv": [0, 4, 1, 7], "texture": "#0"},
				"west": {"uv": [0, 4, 1, 7], "texture": "#0"},
				"up": {
					"uv": [0, 4, 1, 5],
					"texture": "#0",
					"rotation": 270
				},
				"down": {
					"uv": [0, 6, 1, 7],
					"texture": "#0",
					"rotation": 90
				}
			},
			"rotation": {
				"origin": [
					-5.396253221413659,
					-10.749999999999996,
					2.451090230706199
				],
				"axis": "y",
				"angle": 0
			},
			"type": "cube"
		},
		{
			"name": "cube",
			"from": [
				-5.396253221413659,
				-7.75,
				1.7010902307061988
			],
			"to": [-5.396253221413659, -4.75, 3.201090230706199],
			"faces": {
				"east": {"uv": [5, 3, 11, 15], "texture": "#1"},
				"west": {"uv": [5, 3, 11, 15], "texture": "#1"}
			},
			"rotation": {
				"origin": [
					-5.396253221413659,
					-6.25,
					2.451090230706199
				],
				"axis": "y",
				"angle": -45
			},
			"type": "cube"
		},
		{
			"name": "cube",
			"from": [
				-6.146253221413659,
				-7.75,
				2.451090230706199
			],
			"to": [-4.646253221413659, -4.75, 2.451090230706199],
			"faces": {
				"north": {"uv": [5, 3, 11, 15], "texture": "#1"},
				"south": {"uv": [5, 3, 11, 15], "texture": "#1"}
			},
			"rotation": {
				"origin": [
					-5.396253221413659,
					-6.25,
					2.451090230706199
				],
				"axis": "y",
				"angle": -45
			},
			"type": "cube"
		},
		{
			"name": "candle",
			"from": [-7.5, -13.75, 7],
			"to": [-5.5, -7.75, 9],
			"faces": {
				"north": {"uv": [0, 4, 1, 7], "texture": "#0"},
				"east": {"uv": [0, 4, 1, 7], "texture": "#0"},
				"south": {"uv": [0, 4, 1, 7], "texture": "#0"},
				"west": {"uv": [0, 4, 1, 7], "texture": "#0"},
				"up": {
					"uv": [0, 4, 1, 5],
					"texture": "#0",
					"rotation": 270
				},
				"down": {
					"uv": [0, 6, 1, 7],
					"texture": "#0",
					"rotation": 90
				}
			},
			"rotation": {
				"origin": [8, 8, 8],
				"axis": "y",
				"angle": 0
			},
			"type": "cube"
		},
		{
			"name": "cube",
			"from": [-6.5, -7.75, 7.25],
			"to": [-6.5, -4.75, 8.75],
			"faces": {
				"east": {"uv": [5, 3, 11, 15], "texture": "#1"},
				"west": {"uv": [5, 3, 11, 15], "texture": "#1"}
			},
			"rotation": {
				"origin": [-6.5, -6.25, 8],
				"axis": "y",
				"angle": 45
			},
			"type": "cube"
		},
		{
			"name": "cube",
			"from": [-6.5, -7.75, 7.25],
			"to": [-6.5, -4.75, 8.75],
			"faces": {
				"east": {"uv": [5, 3, 11, 15], "texture": "#1"},
				"west": {"uv": [5, 3, 11, 15], "texture": "#1"}
			},
			"rotation": {
				"origin": [-6.5, -6.25, 8],
				"axis": "y",
				"angle": -45
			},
			"type": "cube"
		},
		{
			"name": "candle",
			"from": [
				-6.396253221413659,
				-13.749999999999996,
				12.5489097692938
			],
			"to": [
				-4.396253221413659,
				-7.7499999999999964,
				14.5489097692938
			],
			"faces": {
				"north": {"uv": [0, 4, 1, 7], "texture": "#0"},
				"east": {"uv": [0, 4, 1, 7], "texture": "#0"},
				"south": {"uv": [0, 4, 1, 7], "texture": "#0"},
				"west": {"uv": [0, 4, 1, 7], "texture": "#0"},
				"up": {
					"uv": [0, 4, 1, 5],
					"texture": "#0",
					"rotation": 270
				},
				"down": {
					"uv": [0, 6, 1, 7],
					"texture": "#0",
					"rotation": 90
				}
			},
			"rotation": {
				"origin": [
					-5.396253221413659,
					-10.749999999999996,
					13.5489097692938
				],
				"axis": "y",
				"angle": 0
			},
			"type": "cube"
		},
		{
			"name": "cube",
			"from": [
				-5.396253221413659,
				-7.75,
				12.7989097692938
			],
			"to": [-5.396253221413659, -4.75, 14.2989097692938],
			"faces": {
				"east": {"uv": [5, 3, 11, 15], "texture": "#1"},
				"west": {"uv": [5, 3, 11, 15], "texture": "#1"}
			},
			"rotation": {
				"origin": [
					-5.396253221413659,
					-6.25,
					13.5489097692938
				],
				"axis": "y",
				"angle": -45
			},
			"type": "cube"
		},
		{
			"name": "cube",
			"from": [
				-6.146253221413659,
				-7.75,
				13.5489097692938
			],
			"to": [-4.646253221413659, -4.75, 13.5489097692938],
			"faces": {
				"north": {"uv": [5, 3, 11, 15], "texture": "#1"},
				"south": {"uv": [5, 3, 11, 15], "texture": "#1"}
			},
			"rotation": {
				"origin": [
					-5.396253221413659,
					-6.25,
					13.5489097692938
				],
				"axis": "y",
				"angle": -45
			},
			"type": "cube"
		},
		{
			"name": "candle",
			"from": [
				1.4510902307061988,
				-13.749999999999996,
				20.39625322141366
			],
			"to": [
				3.451090230706199,
				-7.7499999999999964,
				22.39625322141366
			],
			"faces": {
				"north": {"uv": [0, 4, 1, 7], "texture": "#0"},
				"east": {"uv": [0, 4, 1, 7], "texture": "#0"},
				"south": {"uv": [0, 4, 1, 7], "texture": "#0"},
				"west": {"uv": [0, 4, 1, 7], "texture": "#0"},
				"up": {
					"uv": [0, 4, 1, 5],
					"texture": "#0",
					"rotation": 180
				},
				"down": {
					"uv": [0, 6, 1, 7],
					"texture": "#0",
					"rotation": 180
				}
			},
			"rotation": {
				"origin": [
					2.451090230706199,
					-10.749999999999996,
					21.39625322141366
				],
				"axis": "y",
				"angle": 0
			},
			"type": "cube"
		},
		{
			"name": "cube",
			"from": [
				1.7010902307061988,
				-7.75,
				21.39625322141366
			],
			"to": [3.201090230706199, -4.75, 21.39625322141366],
			"faces": {
				"north": {"uv": [5, 3, 11, 15], "texture": "#1"},
				"south": {"uv": [5, 3, 11, 15], "texture": "#1"}
			},
			"rotation": {
				"origin": [
					2.451090230706199,
					-6.25,
					21.39625322141366
				],
				"axis": "y",
				"angle": -45
			},
			"type": "cube"
		},
		{
			"name": "cube",
			"from": [
				2.451090230706199,
				-7.75,
				20.64625322141366
			],
			"to": [2.451090230706199, -4.75, 22.14625322141366],
			"faces": {
				"east": {"uv": [5, 3, 11, 15], "texture": "#1"},
				"west": {"uv": [5, 3, 11, 15], "texture": "#1"}
			},
			"rotation": {
				"origin": [
					2.451090230706199,
					-6.25,
					21.39625322141366
				],
				"axis": "y",
				"angle": -45
			},
			"type": "cube"
		},
		{
			"name": "candle",
			"from": [7, -13.75, 21.5],
			"to": [9, -7.75, 23.5],
			"faces": {
				"north": {"uv": [0, 4, 1, 7], "texture": "#0"},
				"east": {"uv": [0, 4, 1, 7], "texture": "#0"},
				"south": {"uv": [0, 4, 1, 7], "texture": "#0"},
				"west": {"uv": [0, 4, 1, 7], "texture": "#0"},
				"up": {
					"uv": [0, 4, 1, 5],
					"texture": "#0",
					"rotation": 180
				},
				"down": {
					"uv": [0, 6, 1, 7],
					"texture": "#0",
					"rotation": 180
				}
			},
			"rotation": {
				"origin": [8, 8, 8],
				"axis": "y",
				"angle": 0
			},
			"type": "cube"
		},
		{
			"name": "cube",
			"from": [7.25, -7.75, 22.5],
			"to": [8.75, -4.75, 22.5],
			"faces": {
				"north": {"uv": [5, 3, 11, 15], "texture": "#1"},
				"south": {"uv": [5, 3, 11, 15], "texture": "#1"}
			},
			"rotation": {
				"origin": [8, -6.25, 22.5],
				"axis": "y",
				"angle": -45
			},
			"type": "cube"
		},
		{
			"name": "cube",
			"from": [7.25, -7.75, 22.5],
			"to": [8.75, -4.75, 22.5],
			"faces": {
				"north": {"uv": [5, 3, 11, 15], "texture": "#1"},
				"south": {"uv": [5, 3, 11, 15], "texture": "#1"}
			},
			"rotation": {
				"origin": [8, -6.25, 22.5],
				"axis": "y",
				"angle": 45
			},
			"type": "cube"
		},
		{
			"name": "candle",
			"from": [
				12.5489097692938,
				-13.749999999999996,
				20.39625322141366
			],
			"to": [
				14.5489097692938,
				-7.7499999999999964,
				22.39625322141366
			],
			"faces": {
				"north": {"uv": [0, 4, 1, 7], "texture": "#0"},
				"east": {"uv": [0, 4, 1, 7], "texture": "#0"},
				"south": {"uv": [0, 4, 1, 7], "texture": "#0"},
				"west": {"uv": [0, 4, 1, 7], "texture": "#0"},
				"up": {
					"uv": [0, 4, 1, 5],
					"texture": "#0",
					"rotation": 180
				},
				"down": {
					"uv": [0, 6, 1, 7],
					"texture": "#0",
					"rotation": 180
				}
			},
			"rotation": {
				"origin": [
					13.5489097692938,
					-10.749999999999996,
					21.39625322141366
				],
				"axis": "y",
				"angle": 0
			},
			"type": "cube"
		},
		{
			"name": "cube",
			"from": [13.5489097692938, -7.75, 20.64625322141366],
			"to": [13.5489097692938, -4.75, 22.14625322141366],
			"faces": {
				"east": {"uv": [5, 3, 11, 15], "texture": "#1"},
				"west": {"uv": [5, 3, 11, 15], "texture": "#1"}
			},
			"rotation": {
				"origin": [
					13.5489097692938,
					-6.25,
					21.39625322141366
				],
				"axis": "y",
				"angle": -45
			},
			"type": "cube"
		},
		{
			"name": "cube",
			"from": [12.7989097692938, -7.75, 21.39625322141366],
			"to": [14.2989097692938, -4.75, 21.39625322141366],
			"faces": {
				"north": {"uv": [5, 3, 11, 15], "texture": "#1"},
				"south": {"uv": [5, 3, 11, 15], "texture": "#1"}
			},
			"rotation": {
				"origin": [
					13.5489097692938,
					-6.25,
					21.39625322141366
				],
				"axis": "y",
				"angle": -45
			},
			"type": "cube"
		},
		{
			"name": "candle",
			"from": [
				9.678784026555629,
				-5.75,
				13.467156727579006
			],
			"to": [11.678784026555629, 0.25, 15.467156727579006],
			"faces": {
				"north": {"uv": [0, 4, 1, 7], "texture": "#0"},
				"east": {"uv": [0, 4, 1, 7], "texture": "#0"},
				"south": {"uv": [0, 4, 1, 7], "texture": "#0"},
				"west": {"uv": [0, 4, 1, 7], "texture": "#0"},
				"up": {
					"uv": [0, 4, 1, 5],
					"texture": "#0",
					"rotation": 180
				},
				"down": {
					"uv": [0, 6, 1, 7],
					"texture": "#0",
					"rotation": 180
				}
			},
			"rotation": {
				"origin": [
					10.678784026555629,
					-2.75,
					14.467156727579006
				],
				"axis": "y",
				"angle": 0
			},
			"type": "cube"
		},
		{
			"name": "cube",
			"from": [
				10.678784026555629,
				0.2499999999999991,
				13.717156727579006
			],
			"to": [
				10.678784026555629,
				3.249999999999999,
				15.217156727579006
			],
			"faces": {
				"east": {"uv": [5, 3, 11, 15], "texture": "#1"},
				"west": {"uv": [5, 3, 11, 15], "texture": "#1"}
			},
			"rotation": {
				"origin": [
					10.678784026555629,
					1.7499999999999991,
					14.467156727579006
				],
				"axis": "y",
				"angle": -45
			},
			"type": "cube"
		},
		{
			"name": "cube",
			"from": [
				9.928784026555629,
				0.2499999999999991,
				14.467156727579006
			],
			"to": [
				11.428784026555629,
				3.249999999999999,
				14.467156727579006
			],
			"faces": {
				"north": {"uv": [5, 3, 11, 15], "texture": "#1"},
				"south": {"uv": [5, 3, 11, 15], "texture": "#1"}
			},
			"rotation": {
				"origin": [
					10.678784026555629,
					1.7499999999999991,
					14.467156727579006
				],
				"axis": "y",
				"angle": -45
			},
			"type": "cube"
		},
		{
			"name": "candle",
			"from": [
				13.467156727579006,
				-5.75,
				9.678784026555629
			],
			"to": [15.467156727579006, 0.25, 11.678784026555629],
			"faces": {
				"north": {"uv": [0, 4, 1, 7], "texture": "#0"},
				"east": {"uv": [0, 4, 1, 7], "texture": "#0"},
				"south": {"uv": [0, 4, 1, 7], "texture": "#0"},
				"west": {"uv": [0, 4, 1, 7], "texture": "#0"},
				"up": {
					"uv": [0, 4, 1, 5],
					"texture": "#0",
					"rotation": 90
				},
				"down": {
					"uv": [0, 6, 1, 7],
					"texture": "#0",
					"rotation": 270
				}
			},
			"rotation": {
				"origin": [
					14.467156727579006,
					-2.75,
					10.678784026555629
				],
				"axis": "y",
				"angle": 0
			},
			"type": "cube"
		},
		{
			"name": "cube",
			"from": [
				14.467156727579006,
				0.2499999999999991,
				9.928784026555629
			],
			"to": [
				14.467156727579006,
				3.249999999999999,
				11.428784026555629
			],
			"faces": {
				"east": {"uv": [5, 3, 11, 15], "texture": "#1"},
				"west": {"uv": [5, 3, 11, 15], "texture": "#1"}
			},
			"rotation": {
				"origin": [
					14.467156727579006,
					1.7499999999999991,
					10.678784026555629
				],
				"axis": "y",
				"angle": -45
			},
			"type": "cube"
		},
		{
			"name": "cube",
			"from": [
				13.717156727579006,
				0.2499999999999991,
				10.678784026555629
			],
			"to": [
				15.217156727579006,
				3.249999999999999,
				10.678784026555629
			],
			"faces": {
				"north": {"uv": [5, 3, 11, 15], "texture": "#1"},
				"south": {"uv": [5, 3, 11, 15], "texture": "#1"}
			},
			"rotation": {
				"origin": [
					14.467156727579006,
					1.7499999999999991,
					10.678784026555629
				],
				"axis": "y",
				"angle": -45
			},
			"type": "cube"
		},
		{
			"name": "candle",
			"from": [
				13.467156727579006,
				-5.75,
				4.321215973444372
			],
			"to": [15.467156727579006, 0.25, 6.321215973444372],
			"faces": {
				"north": {"uv": [0, 4, 1, 7], "texture": "#0"},
				"east": {"uv": [0, 4, 1, 7], "texture": "#0"},
				"south": {"uv": [0, 4, 1, 7], "texture": "#0"},
				"west": {"uv": [0, 4, 1, 7], "texture": "#0"},
				"up": {
					"uv": [0, 4, 1, 5],
					"texture": "#0",
					"rotation": 90
				},
				"down": {
					"uv": [0, 6, 1, 7],
					"texture": "#0",
					"rotation": 270
				}
			},
			"rotation": {
				"origin": [
					14.467156727579006,
					-2.75,
					5.321215973444372
				],
				"axis": "y",
				"angle": 0
			},
			"type": "cube"
		},
		{
			"name": "cube",
			"from": [
				13.717156727579006,
				0.2499999999999991,
				5.321215973444372
			],
			"to": [
				15.217156727579006,
				3.249999999999999,
				5.321215973444372
			],
			"faces": {
				"north": {"uv": [5, 3, 11, 15], "texture": "#1"},
				"south": {"uv": [5, 3, 11, 15], "texture": "#1"}
			},
			"rotation": {
				"origin": [
					14.467156727579006,
					1.7499999999999991,
					5.321215973444372
				],
				"axis": "y",
				"angle": -45
			},
			"type": "cube"
		},
		{
			"name": "cube",
			"from": [
				14.467156727579006,
				0.2499999999999991,
				4.571215973444372
			],
			"to": [
				14.467156727579006,
				3.249999999999999,
				6.071215973444372
			],
			"faces": {
				"east": {"uv": [5, 3, 11, 15], "texture": "#1"},
				"west": {"uv": [5, 3, 11, 15], "texture": "#1"}
			},
			"rotation": {
				"origin": [
					14.467156727579006,
					1.7499999999999991,
					5.321215973444372
				],
				"axis": "y",
				"angle": -45
			},
			"type": "cube"
		},
		{
			"name": "candle",
			"from": [
				9.678784026555629,
				-5.75,
				0.532843272420993
			],
			"to": [11.678784026555629, 0.25, 2.532843272420993],
			"faces": {
				"north": {"uv": [0, 4, 1, 7], "texture": "#0"},
				"east": {"uv": [0, 4, 1, 7], "texture": "#0"},
				"south": {"uv": [0, 4, 1, 7], "texture": "#0"},
				"west": {"uv": [0, 4, 1, 7], "texture": "#0"},
				"up": {"uv": [0, 4, 1, 5], "texture": "#0"},
				"down": {"uv": [0, 6, 1, 7], "texture": "#0"}
			},
			"rotation": {
				"origin": [
					10.678784026555629,
					-2.75,
					1.532843272420993
				],
				"axis": "y",
				"angle": 0
			},
			"type": "cube"
		},
		{
			"name": "cube",
			"from": [
				9.928784026555629,
				0.2499999999999991,
				1.532843272420993
			],
			"to": [
				11.428784026555629,
				3.249999999999999,
				1.532843272420993
			],
			"faces": {
				"north": {"uv": [5, 3, 11, 15], "texture": "#1"},
				"south": {"uv": [5, 3, 11, 15], "texture": "#1"}
			},
			"rotation": {
				"origin": [
					10.678784026555629,
					1.7499999999999991,
					1.532843272420993
				],
				"axis": "y",
				"angle": -45
			},
			"type": "cube"
		},
		{
			"name": "cube",
			"from": [
				10.678784026555629,
				0.2499999999999991,
				0.782843272420993
			],
			"to": [
				10.678784026555629,
				3.249999999999999,
				2.282843272420993
			],
			"faces": {
				"east": {"uv": [5, 3, 11, 15], "texture": "#1"},
				"west": {"uv": [5, 3, 11, 15], "texture": "#1"}
			},
			"rotation": {
				"origin": [
					10.678784026555629,
					1.7499999999999991,
					1.532843272420993
				],
				"axis": "y",
				"angle": -45
			},
			"type": "cube"
		},
		{
			"name": "candle",
			"from": [
				4.321215973444372,
				-5.75,
				0.532843272420993
			],
			"to": [6.321215973444372, 0.25, 2.532843272420993],
			"faces": {
				"north": {"uv": [0, 4, 1, 7], "texture": "#0"},
				"east": {"uv": [0, 4, 1, 7], "texture": "#0"},
				"south": {"uv": [0, 4, 1, 7], "texture": "#0"},
				"west": {"uv": [0, 4, 1, 7], "texture": "#0"},
				"up": {"uv": [0, 4, 1, 5], "texture": "#0"},
				"down": {"uv": [0, 6, 1, 7], "texture": "#0"}
			},
			"rotation": {
				"origin": [
					5.321215973444372,
					-2.75,
					1.532843272420993
				],
				"axis": "y",
				"angle": 0
			},
			"type": "cube"
		},
		{
			"name": "cube",
			"from": [
				4.571215973444372,
				0.2499999999999991,
				1.532843272420993
			],
			"to": [
				6.071215973444372,
				3.249999999999999,
				1.532843272420993
			],
			"faces": {
				"north": {"uv": [5, 3, 11, 15], "texture": "#1"},
				"south": {"uv": [5, 3, 11, 15], "texture": "#1"}
			},
			"rotation": {
				"origin": [
					5.321215973444372,
					1.7499999999999991,
					1.532843272420993
				],
				"axis": "y",
				"angle": -45
			},
			"type": "cube"
		},
		{
			"name": "cube",
			"from": [
				5.321215973444372,
				0.2499999999999991,
				0.782843272420993
			],
			"to": [
				5.321215973444372,
				3.249999999999999,
				2.282843272420993
			],
			"faces": {
				"east": {"uv": [5, 3, 11, 15], "texture": "#1"},
				"west": {"uv": [5, 3, 11, 15], "texture": "#1"}
			},
			"rotation": {
				"origin": [
					5.321215973444372,
					1.7499999999999991,
					1.532843272420993
				],
				"axis": "y",
				"angle": -45
			},
			"type": "cube"
		},
		{
			"name": "candle",
			"from": [
				0.532843272420993,
				-5.75,
				4.321215973444372
			],
			"to": [2.532843272420993, 0.25, 6.321215973444372],
			"faces": {
				"north": {"uv": [0, 4, 1, 7], "texture": "#0"},
				"east": {"uv": [0, 4, 1, 7], "texture": "#0"},
				"south": {"uv": [0, 4, 1, 7], "texture": "#0"},
				"west": {"uv": [0, 4, 1, 7], "texture": "#0"},
				"up": {
					"uv": [0, 4, 1, 5],
					"texture": "#0",
					"rotation": 270
				},
				"down": {
					"uv": [0, 6, 1, 7],
					"texture": "#0",
					"rotation": 90
				}
			},
			"rotation": {
				"origin": [
					1.532843272420993,
					-2.75,
					5.321215973444372
				],
				"axis": "y",
				"angle": 0
			},
			"type": "cube"
		},
		{
			"name": "cube",
			"from": [
				1.532843272420993,
				0.2499999999999991,
				4.571215973444372
			],
			"to": [
				1.532843272420993,
				3.249999999999999,
				6.071215973444372
			],
			"faces": {
				"east": {"uv": [5, 3, 11, 15], "texture": "#1"},
				"west": {"uv": [5, 3, 11, 15], "texture": "#1"}
			},
			"rotation": {
				"origin": [
					1.532843272420993,
					1.7499999999999991,
					5.321215973444372
				],
				"axis": "y",
				"angle": -45
			},
			"type": "cube"
		},
		{
			"name": "cube",
			"from": [
				0.782843272420993,
				0.2499999999999991,
				5.321215973444372
			],
			"to": [
				2.282843272420993,
				3.249999999999999,
				5.321215973444372
			],
			"faces": {
				"north": {"uv": [5, 3, 11, 15], "texture": "#1"},
				"south": {"uv": [5, 3, 11, 15], "texture": "#1"}
			},
			"rotation": {
				"origin": [
					1.532843272420993,
					1.7499999999999991,
					5.321215973444372
				],
				"axis": "y",
				"angle": -45
			},
			"type": "cube"
		},
		{
			"name": "candle",
			"from": [
				0.532843272420993,
				-5.75,
				9.678784026555629
			],
			"to": [2.532843272420993, 0.25, 11.678784026555629],
			"faces": {
				"north": {"uv": [0, 4, 1, 7], "texture": "#0"},
				"east": {"uv": [0, 4, 1, 7], "texture": "#0"},
				"south": {"uv": [0, 4, 1, 7], "texture": "#0"},
				"west": {"uv": [0, 4, 1, 7], "texture": "#0"},
				"up": {
					"uv": [0, 4, 1, 5],
					"texture": "#0",
					"rotation": 270
				},
				"down": {
					"uv": [0, 6, 1, 7],
					"texture": "#0",
					"rotation": 90
				}
			},
			"rotation": {
				"origin": [
					1.532843272420993,
					-2.75,
					10.678784026555629
				],
				"axis": "y",
				"angle": 0
			},
			"type": "cube"
		},
		{
			"name": "cube",
			"from": [
				0.782843272420993,
				0.2499999999999991,
				10.678784026555629
			],
			"to": [
				2.282843272420993,
				3.249999999999999,
				10.678784026555629
			],
			"faces": {
				"north": {"uv": [5, 3, 11, 15], "texture": "#1"},
				"south": {"uv": [5, 3, 11, 15], "texture": "#1"}
			},
			"rotation": {
				"origin": [
					1.532843272420993,
					1.7499999999999991,
					10.678784026555629
				],
				"axis": "y",
				"angle": -45
			},
			"type": "cube"
		},
		{
			"name": "cube",
			"from": [
				1.532843272420993,
				0.2499999999999991,
				9.928784026555629
			],
			"to": [
				1.532843272420993,
				3.249999999999999,
				11.428784026555629
			],
			"faces": {
				"east": {"uv": [5, 3, 11, 15], "texture": "#1"},
				"west": {"uv": [5, 3, 11, 15], "texture": "#1"}
			},
			"rotation": {
				"origin": [
					1.532843272420993,
					1.7499999999999991,
					10.678784026555629
				],
				"axis": "y",
				"angle": -45
			},
			"type": "cube"
		},
		{
			"name": "candle",
			"from": [
				4.321215973444372,
				-5.75,
				13.467156727579006
			],
			"to": [6.321215973444372, 0.25, 15.467156727579006],
			"faces": {
				"north": {"uv": [0, 4, 1, 7], "texture": "#0"},
				"east": {"uv": [0, 4, 1, 7], "texture": "#0"},
				"south": {"uv": [0, 4, 1, 7], "texture": "#0"},
				"west": {"uv": [0, 4, 1, 7], "texture": "#0"},
				"up": {
					"uv": [0, 4, 1, 5],
					"texture": "#0",
					"rotation": 180
				},
				"down": {
					"uv": [0, 6, 1, 7],
					"texture": "#0",
					"rotation": 180
				}
			},
			"rotation": {
				"origin": [
					5.321215973444372,
					-2.75,
					14.467156727579006
				],
				"axis": "y",
				"angle": 0
			},
			"type": "cube"
		},
		{
			"name": "cube",
			"from": [
				5.321215973444372,
				0.2499999999999991,
				13.717156727579006
			],
			"to": [
				5.321215973444372,
				3.249999999999999,
				15.217156727579006
			],
			"faces": {
				"east": {"uv": [5, 3, 11, 15], "texture": "#1"},
				"west": {"uv": [5, 3, 11, 15], "texture": "#1"}
			},
			"rotation": {
				"origin": [
					5.321215973444372,
					1.7499999999999991,
					14.467156727579006
				],
				"axis": "y",
				"angle": -45
			},
			"type": "cube"
		},
		{
			"name": "cube",
			"from": [
				4.571215973444372,
				0.2499999999999991,
				14.467156727579006
			],
			"to": [
				6.071215973444372,
				3.249999999999999,
				14.467156727579006
			],
			"faces": {
				"north": {"uv": [5, 3, 11, 15], "texture": "#1"},
				"south": {"uv": [5, 3, 11, 15], "texture": "#1"}
			},
			"rotation": {
				"origin": [
					5.321215973444372,
					1.7499999999999991,
					14.467156727579006
				],
				"axis": "y",
				"angle": -45
			},
			"type": "cube"
		}
	],
	"groups": [
		{
			"name": "lower",
			"isOpen": true,
			"display": {"visibility": true, "autouv": true},
			"children": [
				0,
				1,
				2,
				3,
				4,
				5,
				6,
				7,
				8,
				9,
				10,
				11,
				12,
				13,
				14,
				15
			]
		},
		{
			"name": "upper",
			"isOpen": false,
			"display": {"visibility": true, "autouv": true},
			"children": [
				16,
				17,
				18,
				19,
				20,
				21,
				22,
				23,
				24,
				25,
				26,
				27,
				28,
				29,
				30,
				31
			]
		},
		32,
		33,
		{
			"name": "lower_c",
			"isOpen": true,
			"display": {"visibility": true, "autouv": true},
			"children": [
				{
					"name": "group",
					"isOpen": true,
					"display": {"visibility": true, "autouv": true},
					"children": [34, 35, 36]
				},
				{
					"name": "group",
					"isOpen": true,
					"display": {"visibility": true, "autouv": true},
					"children": [37, 38, 39]
				},
				{
					"name": "group",
					"isOpen": true,
					"display": {"visibility": true, "autouv": true},
					"children": [40, 41, 42]
				},
				{
					"name": "group",
					"isOpen": true,
					"display": {"visibility": true, "autouv": true},
					"children": [43, 44, 45]
				},
				{
					"name": "group",
					"isOpen": true,
					"display": {"visibility": true, "autouv": true},
					"children": [46, 47, 48]
				},
				{
					"name": "group",
					"isOpen": true,
					"display": {"visibility": true, "autouv": true},
					"children": [49, 50, 51]
				},
				{
					"name": "group",
					"isOpen": true,
					"display": {"visibility": true, "autouv": true},
					"children": [52, 53, 54]
				},
				{
					"name": "group",
					"isOpen": true,
					"display": {"visibility": true, "autouv": true},
					"children": [55, 56, 57]
				},
				{
					"name": "group",
					"isOpen": true,
					"display": {"visibility": true, "autouv": true},
					"children": [58, 59, 60]
				},
				{
					"name": "group",
					"isOpen": true,
					"display": {"visibility": true, "autouv": true},
					"children": [61, 62, 63]
				},
				{
					"name": "group",
					"isOpen": true,
					"display": {"visibility": true, "autouv": true},
					"children": [64, 65, 66]
				},
				{
					"name": "group",
					"isOpen": true,
					"display": {"visibility": true, "autouv": true},
					"children": [67, 68, 69]
				}
			]
		},
		{
			"name": "upper_c",
			"isOpen": true,
			"display": {"visibility": true, "autouv": true},
			"children": [
				{
					"name": "group",
					"isOpen": true,
					"display": {"visibility": true, "autouv": true},
					"children": [70, 71, 72]
				},
				{
					"name": "group",
					"isOpen": true,
					"display": {"visibility": true, "autouv": true},
					"children": [73, 74, 75]
				},
				{
					"name": "group",
					"isOpen": true,
					"display": {"visibility": true, "autouv": true},
					"children": [76, 77, 78]
				},
				{
					"name": "group",
					"isOpen": true,
					"display": {"visibility": true, "autouv": true},
					"children": [79, 80, 81]
				},
				{
					"name": "group",
					"isOpen": true,
					"display": {"visibility": true, "autouv": true},
					"children": [82, 83, 84]
				},
				{
					"name": "group",
					"isOpen": false,
					"display": {"visibility": true, "autouv": true},
					"children": [85, 86, 87]
				},
				{
					"name": "group",
					"isOpen": false,
					"display": {"visibility": true, "autouv": true},
					"children": [88, 89, 90]
				},
				{
					"name": "group",
					"isOpen": false,
					"display": {"visibility": true, "autouv": true},
					"children": [91, 92, 93]
				}
			]
		}
	]
}