{
	"ambientocclusion": false,
	"credit": "by Katniss",
	"textures": {
		"1": "block/oak_leaves",
		"tips": "block/oak_leaves_tips_2",
		"particle": "block/oak_leaves"
	},
	"elements": [
		{
			"from": [0, 0, 0],
			"to": [16, 16, 16],
			"faces": {
				"north": {"uv": [0, 0, 16, 16], "texture": "#1", "cullface": "north", "tintindex": 0},
				"east": {"uv": [0, 0, 16, 16], "texture": "#1", "cullface": "east", "tintindex": 0},
				"south": {"uv": [0, 0, 16, 16], "texture": "#1", "cullface": "south", "tintindex": 0},
				"west": {"uv": [0, 0, 16, 16], "texture": "#1", "cullface": "west", "tintindex": 0},
				"up": {"uv": [0, 0, 16, 16], "texture": "#1", "cullface": "up", "tintindex": 0},
				"down": {"uv": [0, 0, 16, 16], "texture": "#1", "cullface": "down", "tintindex": 0}
			}
		},
		{
			"from": [-5, -8, 6],
			"to": [27, 24, 6],
			"rotation": {"angle": -45, "axis": "y", "origin": [11, 8, 6]},
			"faces": {
				"north": {"uv": [0, 0, 16, 16], "texture": "#tips", "tintindex": 0},
				"south": {"uv": [0, 0, 16, 16], "texture": "#tips", "tintindex": 0}
			}
		},
		{
			"from": [-5, -8, 6],
			"to": [27, 24, 6],
			"rotation": {"angle": 45, "axis": "y", "origin": [11, 8, 6]},
			"faces": {
				"north": {"uv": [0, 0, 16, 16], "texture": "#tips", "tintindex": 0},
				"south": {"uv": [0, 0, 16, 16], "texture": "#tips", "tintindex": 0}
			}
		}
	]
}