{
	"credit": "by Katniss",
	"textures": {
		"2": "block/books_front",
		"3": "block/books_side"
	},
	"elements": [
		{
			"from": [0, 7, 0],
			"to": [4, 13, 5],
			"faces": {
				"east": {"uv": [6, 0, 11, 6], "texture": "#3"},
				"south": {"uv": [3, 3, 7, 9], "texture": "#2"},
				"west": {"uv": [3, 3, 7, 9], "texture": "#2"},
				"up": {"uv": [3, 11, 7, 16], "texture": "#2"}
			}
		},
		{
			"from": [5, 7, 0],
			"to": [12, 9, 6],
			"faces": {
				"east": {"uv": [10, 14, 16, 16], "texture": "#2"},
				"south": {"uv": [9, 7, 16, 9], "texture": "#2"},
				"west": {"uv": [10, 14, 16, 16], "texture": "#2"},
				"up": {"uv": [0, 7, 7, 13], "texture": "#3"}
			}
		}
	]
}