{
	"credit": "by Katniss",
	"textures": {
		"0": "block/shelf_top",
		"1": "block/shelf_bracket",
		"particle": "block/shelf_top"
	},
	"elements": [
		{
			"from": [0, 5, 0],
			"to": [16, 7, 12],
			"faces": {
				"east": {"uv": [0, 14, 12, 16], "texture": "#0", "cullface": "east"},
				"south": {"uv": [0, 12, 16, 14], "texture": "#0"},
				"west": {"uv": [0, 14, 12, 16], "texture": "#0", "cullface": "west"},
				"up": {"uv": [0, 0, 16, 12], "texture": "#0"},
				"down": {"uv": [0, 12, 16, 0], "texture": "#0"}
			}
		},
		{
			"from": [7, 3, 0],
			"to": [9, 5, 7],
			"faces": {
				"east": {"uv": [0, 0, 7, 2], "texture": "#1"},
				"south": {"uv": [7, 0, 9, 2], "texture": "#1"},
				"west": {"uv": [0, 0, 7, 2], "texture": "#1"},
				"down": {"uv": [0, 2, 2, 9], "texture": "#1"}
			}
		},
		{
			"from": [7.001, -2, 0],
			"to": [8.999, 4, 4],
			"rotation": {"angle": 22.5, "axis": "x", "origin": [8, 3, 3]},
			"faces": {
				"east": {"uv": [10, 10, 6, 16], "texture": "#1"},
				"south": {"uv": [10, 10, 11.99766, 16], "texture": "#1"},
				"west": {"uv": [6, 10, 10, 16], "texture": "#1"},
				"down": {"uv": [12, 12, 14, 16], "texture": "#1"}
			}
		}
	]
}