﻿{
	"ambientocclusion": false,
	"textures": {"1": "block/candle"},
	"elements": [
		{
			"name": "cube",
			"from": [-1, 3.5, 7],
			"to": [1, 13.5, 9],
			"shade": false,
			"faces": {
				"up": {"uv": [7, 6, 9, 8], "texture": "#torch"},
				"down": {"uv": [7, 13, 9, 15], "texture": "#torch"}
			},
			"rotation": {
				"origin": [0, 3.5, 8],
				"axis": "z",
				"angle": -22.5
			},
			"type": "cube"
		},
		{
			"name": "cube",
			"from": [-1, 3.5, 0],
			"to": [1, 19.5, 16],
			"shade": false,
			"faces": {
				"east": {"uv": [0, 0, 16, 16], "texture": "#torch"},
				"west": {"uv": [0, 0, 16, 16], "texture": "#torch"}
			},
			"rotation": {
				"origin": [0, 3.5, 8],
				"axis": "z",
				"angle": -22.5
			},
			"type": "cube"
		},
		{
			"name": "cube",
			"from": [-8, 3.5, 7],
			"to": [8, 19.5, 9],
			"shade": false,
			"faces": {
				"north": {
					"uv": [0, 0, 16, 16],
					"texture": "#torch"
				},
				"south": {"uv": [0, 0, 16, 16], "texture": "#torch"}
			},
			"rotation": {
				"origin": [0, 3.5, 8],
				"axis": "z",
				"angle": -22.5
			},
			"type": "cube"
		},
		{
			"name": "cube",
			"from": [0, 5.5, 5.5],
			"to": [4, 7.5, 10.5],
			"shade": true,
			"faces": {
				"north": {"uv": [10, 7, 14, 9], "texture": "#1"},
				"east": {"uv": [10, 5, 15, 7], "texture": "#1"},
				"south": {"uv": [10, 4, 14, 6], "texture": "#1"},
				"up": {"uv": [10, 4, 14, 9], "texture": "#1"},
				"down": {"uv": [10, 4, 14, 9], "texture": "#1"}
			},
			"type": "cube"
		}
	]
}