{"stats":{"minecraft:picked_up":{"minecraft:stick":2,"minecraft:dandelion":1,"minecraft:wheat_seeds":11,"minecraft:oak_sapling":1},"minecraft:custom":{"minecraft:time_since_rest":33729,"minecraft:sprint_one_cm":11062,"minecraft:walk_one_cm":120526,"minecraft:interact_with_crafting_table":1,"minecraft:fly_one_cm":2037651,"minecraft:crouch_one_cm":2676,"minecraft:play_time":118782,"minecraft:sneak_time":7140,"minecraft:walk_under_water_one_cm":2231,"minecraft:jump":153,"minecraft:leave_game":3,"minecraft:time_since_death":118782,"minecraft:walk_on_water_one_cm":13507,"minecraft:sleep_in_bed":2,"minecraft:total_world_time":123088,"minecraft:climb_one_cm":250},"minecraft:used":{"minecraft:redstone_torch":1,"minecraft:calcite":3,"minecraft:oak_log":146,"minecraft:stone_brick_slab":61,"minecraft:cobblestone_stairs":312,"minecraft:bookshelf":2,"minecraft:spruce_door":10,"minecraft:lantern":16,"minecraft:grass_block":207,"minecraft:oak_stairs":19,"minecraft:spruce_slab":35,"minecraft:polished_andesite":25,"minecraft:poppy":21,"minecraft:ladder":23,"minecraft:spruce_planks":386,"minecraft:chest":10,"minecraft:stone":1045,"minecraft:spruce_trapdoor":3,"minecraft:iron_door":1,"minecraft:blue_bed":7,"minecraft:grass":78,"minecraft:gravel":25,"minecraft:green_bed":13,"minecraft:cobblestone_slab":319,"minecraft:stone_brick_stairs":2,"minecraft:stone_bricks":44,"minecraft:oak_leaves":16,"minecraft:debug_stick":6,"minecraft:torch":8,"minecraft:dirt":62,"minecraft:cobblestone":96,"minecraft:oak_slab":21,"minecraft:crafting_table":49,"minecraft:red_bed":4,"minecraft:oak_sapling":8,"minecraft:spruce_stairs":212,"minecraft:cobblestone_wall":192,"minecraft:andesite":1,"minecraft:chain":8,"minecraft:glass_pane":7,"minecraft:coarse_dirt":22,"minecraft:glow_lichen":58,"minecraft:spruce_fence":117,"minecraft:bone_meal":10}},"DataVersion":2865}