{"stats":{"minecraft:custom":{"minecraft:jump":11,"minecraft:open_chest":48,"minecraft:time_since_rest":53470,"minecraft:crouch_one_cm":200,"minecraft:leave_game":12,"minecraft:play_time":53470,"minecraft:sprint_one_cm":5165,"minecraft:time_since_death":53470,"minecraft:walk_one_cm":1814,"minecraft:sneak_time":73,"minecraft:total_world_time":57109,"minecraft:fly_one_cm":24825},"minecraft:used":{"minecraft:oak_sign":2,"minecraft:chest":10,"minecraft:stone":1,"minecraft:command_block":6,"minecraft:player_head":5}},"DataVersion":2730}