{"stats":{"minecraft:picked_up":{"minecraft:iron_chestplate":8,"minecraft:orange_dye":129,"minecraft:leather_chestplate":6,"minecraft:magma_cream":65,"minecraft:nether_wart":195,"minecraft:leather_leggings":4,"minecraft:golden_leggings":3,"minecraft:diamond_sword":6,"minecraft:potion":8,"minecraft:magenta_dye":130,"minecraft:fermented_spider_eye":65,"minecraft:golden_boots":5,"minecraft:golden_sword":1,"minecraft:brick":128,"minecraft:gunpowder":129,"minecraft:wither_skeleton_skull":192,"minecraft:leather_helmet":3,"minecraft:iron_axe":2,"minecraft:wooden_sword":4,"minecraft:iron_leggings":9,"minecraft:iron_hoe":1,"minecraft:leather_boots":4,"minecraft:stone_sword":4,"minecraft:diamond_shovel":1,"minecraft:lime_dye":65,"minecraft:diamond_chestplate":7,"minecraft:bow":17,"minecraft:diamond_leggings":6,"minecraft:gold_nugget":65,"minecraft:chainmail_leggings":1,"minecraft:diamond_boots":4,"minecraft:iron_helmet":5,"minecraft:diamond_axe":6,"minecraft:carved_pumpkin":64,"minecraft:written_book":17,"minecraft:player_head":65,"minecraft:gold_ingot":129,"minecraft:emerald":130,"minecraft:diamond_helmet":5,"minecraft:blaze_rod":129,"minecraft:iron_sword":8,"minecraft:nether_star":128,"minecraft:blaze_powder":128,"minecraft:iron_boots":9},"minecraft:custom":{"minecraft:time_since_rest":45727,"minecraft:sprint_one_cm":11936,"minecraft:walk_one_cm":24915,"minecraft:interact_with_anvil":4,"minecraft:fly_one_cm":59561,"minecraft:open_chest":141,"minecraft:crouch_one_cm":1132,"minecraft:play_time":45727,"minecraft:sneak_time":300,"minecraft:jump":47,"minecraft:leave_game":5,"minecraft:time_since_death":45727,"minecraft:walk_on_water_one_cm":105,"minecraft:total_world_time":48602},"minecraft:used":{"minecraft:deepslate_tiles":3,"minecraft:command_block":60,"minecraft:oak_sign":4,"minecraft:chest":16,"minecraft:deepslate":1,"minecraft:player_head":22,"minecraft:deepslate_bricks":2}},"DataVersion":2730}