{
	"credit": "by Katniss",
	"textures": {
		"0": "_weapon/cutlass",
		"particle": "_weapon/cutlass"
	},
	"elements": [
		{
			"from": [7, 4.5, 7.75],
			"to": [9, 10, 8.25],
			"faces": {
				"north": {"uv": [0, 6, 2, 11.5], "texture": "#0"},
				"east": {"uv": [0, 6, 0.5, 11.5], "texture": "#0"},
				"south": {"uv": [2, 6, 0, 11.5], "texture": "#0"},
				"west": {"uv": [1.5, 6, 2, 11.5], "texture": "#0"}
			}
		},
		{
			"from": [6.5, 10, 7.75],
			"to": [9, 13, 8.25],
			"faces": {
				"north": {"uv": [0, 3, 2.5, 6], "texture": "#0"},
				"east": {"uv": [0, 3, 0.5, 6], "texture": "#0"},
				"south": {"uv": [2.5, 3, 0, 6], "texture": "#0"},
				"west": {"uv": [2, 3, 2.5, 6], "texture": "#0"},
				"up": {"uv": [2.5, 3, 0, 3.5], "texture": "#0"},
				"down": {"uv": [2.5, 5.5, 0, 6], "texture": "#0"}
			}
		},
		{
			"from": [6, 13, 7.75],
			"to": [8.5, 13.5, 8.25],
			"faces": {
				"north": {"uv": [0.5, 2.5, 3, 3], "texture": "#0"},
				"east": {"uv": [0.5, 2.5, 1, 3], "texture": "#0"},
				"south": {"uv": [3, 2.5, 0.5, 3], "texture": "#0"},
				"west": {"uv": [2.5, 2.5, 3, 3], "texture": "#0"},
				"up": {"uv": [3, 2.5, 0.5, 3], "texture": "#0"},
				"down": {"uv": [3, 2.5, 0.5, 3], "texture": "#0"}
			}
		},
		{
			"from": [6.5, 13.5, 7.75],
			"to": [8.5, 14.5, 8.25],
			"faces": {
				"north": {"uv": [0.5, 1.5, 2.5, 2.5], "texture": "#0"},
				"east": {"uv": [0.5, 1.5, 1, 2.5], "texture": "#0"},
				"south": {"uv": [2.5, 1.5, 0.5, 2.5], "texture": "#0"},
				"west": {"uv": [2, 1.5, 2.5, 2.5], "texture": "#0"},
				"up": {"uv": [2.5, 1.5, 0.5, 2], "texture": "#0"}
			}
		},
		{
			"from": [7, 14.5, 7.75],
			"to": [8, 15.5, 8.25],
			"faces": {
				"north": {"uv": [1, 0.5, 2, 1.5], "texture": "#0"},
				"east": {"uv": [1, 0.5, 1.5, 1.5], "texture": "#0"},
				"south": {"uv": [2, 0.5, 1, 1.5], "texture": "#0"},
				"west": {"uv": [1.5, 0.5, 2, 1.5], "texture": "#0"},
				"up": {"uv": [2, 0.5, 1, 1], "texture": "#0"}
			}
		},
		{
			"from": [7, 15.5, 7.75],
			"to": [7.5, 16, 8.25],
			"faces": {
				"north": {"uv": [1.5, 0, 2, 0.5], "texture": "#0"},
				"east": {"uv": [1.5, 0, 2, 0.5], "texture": "#0"},
				"south": {"uv": [2, 0, 1.5, 0.5], "texture": "#0"},
				"west": {"uv": [1.5, 0, 2, 0.5], "texture": "#0"},
				"up": {"uv": [1.5, 0, 2, 0.5], "texture": "#0"},
				"down": {"uv": [1.5, 0, 2, 0.5], "texture": "#0"}
			}
		},
		{
			"from": [6, 4, 7.5],
			"to": [10, 4.5, 8.5],
			"faces": {
				"north": {"uv": [3.5, 0, 7.5, 0.5], "texture": "#0"},
				"east": {"uv": [10, 0.5, 11, 1], "texture": "#0"},
				"south": {"uv": [7.5, 0, 3.5, 0.5], "texture": "#0"},
				"west": {"uv": [10, 0, 11, 0.5], "texture": "#0"},
				"up": {"uv": [8, 7, 4, 8], "texture": "#0"},
				"down": {"uv": [8, 7, 4, 8], "texture": "#0"}
			}
		},
		{
			"from": [7, 4, 7],
			"to": [9, 4.5, 7.5],
			"faces": {
				"north": {"uv": [4.5, 0, 6.5, 0.5], "texture": "#0"},
				"east": {"uv": [11, 0.5, 11.5, 1], "texture": "#0"},
				"west": {"uv": [11, 0, 11.5, 0.5], "texture": "#0"},
				"up": {"uv": [7, 8, 5, 8.5], "texture": "#0"},
				"down": {"uv": [7, 8, 5, 8.5], "texture": "#0"}
			}
		},
		{
			"from": [7, 4, 8.5],
			"to": [9, 4.5, 9],
			"faces": {
				"east": {"uv": [9.5, 0.5, 10, 1], "texture": "#0"},
				"south": {"uv": [6.5, 0, 4.5, 0.5], "texture": "#0"},
				"west": {"uv": [9.5, 0, 10, 0.5], "texture": "#0"},
				"up": {"uv": [7, 6.5, 5, 7], "texture": "#0"},
				"down": {"uv": [7, 6.5, 5, 7], "texture": "#0"}
			}
		},
		{
			"from": [7.5, 4, 9],
			"to": [8.5, 4.5, 9.5],
			"faces": {
				"east": {"uv": [9, 0.5, 9.5, 1], "texture": "#0"},
				"south": {"uv": [6, 0, 5, 0.5], "texture": "#0"},
				"west": {"uv": [9, 0, 9.5, 0.5], "texture": "#0"},
				"up": {"uv": [6.5, 6, 5.5, 6.5], "texture": "#0"},
				"down": {"uv": [6.5, 6, 5.5, 6.5], "texture": "#0"}
			}
		},
		{
			"from": [7.5, 4, 6.5],
			"to": [8.5, 4.5, 7],
			"faces": {
				"north": {"uv": [5, 0, 6, 0.5], "texture": "#0"},
				"east": {"uv": [11.5, 0.5, 12, 1], "texture": "#0"},
				"west": {"uv": [11.5, 0, 12, 0.5], "texture": "#0"},
				"up": {"uv": [6.5, 8.5, 5.5, 9], "texture": "#0"},
				"down": {"uv": [6.5, 8.5, 5.5, 9], "texture": "#0"}
			}
		},
		{
			"from": [7, 3.5, 7.5],
			"to": [10, 4, 8.5],
			"faces": {
				"north": {"uv": [3.5, 0.5, 6.5, 1], "texture": "#0"},
				"east": {"uv": [8, 0.5, 9, 1], "texture": "#0"},
				"south": {"uv": [6.5, 0.5, 3.5, 1], "texture": "#0"},
				"west": {"uv": [8, 0.5, 9, 1], "texture": "#0"},
				"down": {"uv": [6.5, 4.5, 3.5, 5.5], "texture": "#0"}
			}
		},
		{
			"from": [9.5, 3, 7.5],
			"to": [10.5, 3.5, 8.5],
			"faces": {
				"north": {"uv": [3, 1, 4, 1.5], "texture": "#0"},
				"east": {"uv": [8, 1, 9, 1.5], "texture": "#0"},
				"south": {"uv": [4, 1, 3, 1.5], "texture": "#0"},
				"west": {"uv": [8, 1, 9, 1.5], "texture": "#0"},
				"up": {"uv": [4, 4.5, 3, 5.5], "texture": "#0"},
				"down": {"uv": [4, 4.5, 3, 5.5], "texture": "#0"}
			}
		},
		{
			"from": [10, 1.5, 7.5],
			"to": [10.5, 3, 8.5],
			"faces": {
				"north": {"uv": [3, 1.5, 3.5, 3], "texture": "#0"},
				"east": {"uv": [8, 1.5, 9, 3], "texture": "#0"},
				"south": {"uv": [3.5, 1.5, 3, 3], "texture": "#0"},
				"west": {"uv": [8, 1.5, 9, 3], "texture": "#0"}
			}
		},
		{
			"from": [9.5, 1, 7.5],
			"to": [10.5, 1.5, 8.5],
			"faces": {
				"north": {"uv": [3, 3, 4, 3.5], "texture": "#0"},
				"east": {"uv": [3, 3, 4, 3.5], "texture": "#0"},
				"south": {"uv": [4, 3, 3, 3.5], "texture": "#0"},
				"west": {"uv": [3, 3, 4, 3.5], "texture": "#0"},
				"up": {"uv": [4, 4.5, 3, 5.5], "texture": "#0"},
				"down": {"uv": [4, 4.5, 3, 5.5], "texture": "#0"}
			}
		},
		{
			"from": [7.5, 0.5, 7.5],
			"to": [10, 1, 8.5],
			"faces": {
				"north": {"uv": [3.5, 3.5, 6, 4], "texture": "#0"},
				"east": {"uv": [8, 3.5, 9, 4], "texture": "#0"},
				"south": {"uv": [6, 3.5, 3.5, 4], "texture": "#0"},
				"west": {"uv": [6, 3.5, 7, 4], "texture": "#0"},
				"up": {"uv": [6, 4.5, 3.5, 5.5], "texture": "#0"},
				"down": {"uv": [6, 4.5, 3.5, 5.5], "texture": "#0"}
			}
		},
		{
			"from": [7.5, 0, 7.5],
			"to": [9, 0.5, 8.5],
			"faces": {
				"north": {"uv": [4.5, 4, 6, 4.5], "texture": "#0"},
				"east": {"uv": [8, 4, 9, 4.5], "texture": "#0"},
				"south": {"uv": [6, 4, 4.5, 4.5], "texture": "#0"},
				"west": {"uv": [6, 4, 7, 4.5], "texture": "#0"},
				"down": {"uv": [6, 4.5, 4.5, 5.5], "texture": "#0"}
			}
		},
		{
			"from": [7.5, 1, 7.5],
			"to": [8.5, 3.5, 8.5],
			"faces": {
				"north": {"uv": [5, 1, 6, 3.5], "texture": "#0"},
				"east": {"uv": [6, 1, 7, 3.5], "texture": "#0"},
				"south": {"uv": [5, 1, 6, 3.5], "texture": "#0"},
				"west": {"uv": [6, 1, 7, 3.5], "texture": "#0"}
			}
		}
	],
	"display": {
		"thirdperson_righthand": {
			"scale": [1.5, 1.5, 1.5],
			"rotation": [0, 90, 0],
			"translation": [0, 6.5, 2]
		},
		"thirdperson_lefthand": {
			"scale": [1.5, 1.5, 1.5],
			"rotation": [0, -90, 0],
			"translation": [0, 6.5, 2]
		},
		"firstperson_righthand": {
			"rotation": [5, 90, 0],
			"translation": [0, 5.5, 2]
		},
		"firstperson_lefthand": {
			"rotation": [5, -90, 0],
			"translation": [0, 5.5, 2]
		},
		"ground": {
			"rotation": [-60, 90, 0],
			"translation": [0, 1, -0.5],
			"scale": [0.75, 0.75, 0.75]
		},
		"fixed": {
			"rotation": [0, 0, 0],
			"translation": [0, 0, 0],
			"scale": [1.5, 1.5, 1.5]
		},
		"gui": {
			"scale": [0.9, 0.9, 0.9],
			"rotation": [22.5, 0, -45],
			"translation": [0.5, 0.5, 0]
		}
	}
}