{
	"credit": "by Katniss",
	"textures": {
		"0": "_weapon/flame_sword",
		"1": "_weapon/flame_sword_overlay",
		"particle": "_weapon/flame_sword"
	},
	"elements": [
		{
			"from": [7.5, 1, 7.5],
			"to": [8.5, 3.5, 8.5],
			"faces": {
				"north": {"uv": [5, 2, 6, 4.5], "texture": "#0"},
				"east": {"uv": [7, 2, 8, 4.5], "texture": "#0"},
				"south": {"uv": [5, 2, 6, 4.5], "texture": "#0"},
				"west": {"uv": [7, 2, 8, 4.5], "texture": "#0"}
			}
		},
		{
			"from": [7.25, 0, 7.5],
			"to": [8.75, 1, 8.5],
			"faces": {
				"north": {"uv": [4.5, 4.5, 6, 5.5], "texture": "#0"},
				"east": {"uv": [7, 4.5, 8, 5.5], "texture": "#0"},
				"south": {"uv": [4.5, 4.5, 6, 5.5], "texture": "#0"},
				"west": {"uv": [8, 4.5, 9, 5.5], "texture": "#0"},
				"up": {"uv": [6, 6, 4.5, 7], "texture": "#0"},
				"down": {"uv": [6, 6, 4.5, 7], "texture": "#0"}
			}
		},
		{
			"from": [7.75, -0.5, 7.5],
			"to": [8.75, 0, 8.5],
			"faces": {
				"north": {"uv": [4.5, 5.5, 5.5, 6], "texture": "#0"},
				"east": {"uv": [7, 5.5, 8, 6], "texture": "#0"},
				"south": {"uv": [5.5, 5.5, 4.5, 6], "texture": "#0"},
				"west": {"uv": [8, 5.5, 9, 6], "texture": "#0"},
				"down": {"uv": [5.5, 6, 4.5, 7], "texture": "#0"}
			}
		},
		{
			"from": [7, 3.5, 7.5],
			"to": [9, 4.5, 8.5],
			"faces": {
				"north": {"uv": [4.5, 1, 6.5, 2], "texture": "#0"},
				"east": {"uv": [7, 1, 8, 2], "texture": "#0"},
				"south": {"uv": [4.5, 1, 6.5, 2], "texture": "#0"},
				"west": {"uv": [7, 1, 8, 2], "texture": "#0"},
				"down": {"uv": [13, 1, 11, 2], "texture": "#0"}
			}
		},
		{
			"from": [6.5, 4.5, 7.5],
			"to": [9.5, 5, 8.5],
			"faces": {
				"north": {"uv": [4, 0.5, 7, 1], "texture": "#0"},
				"east": {"uv": [7, 0.5, 8, 1], "texture": "#0"},
				"south": {"uv": [4, 0.5, 7, 1], "texture": "#0"},
				"west": {"uv": [7, 0.5, 8, 1], "texture": "#0"},
				"down": {"uv": [13.5, 1, 10.5, 2], "texture": "#0"}
			}
		},
		{
			"from": [6, 5, 7.5],
			"to": [7.5, 5.5, 8.5],
			"faces": {
				"north": {"uv": [6, 0, 7.5, 0.5], "texture": "#0"},
				"east": {"uv": [8, 0, 9, 0.5], "texture": "#0"},
				"south": {"uv": [6, 0, 7.5, 0.5], "texture": "#0"},
				"west": {"uv": [8, 0.5, 9, 1], "texture": "#0"},
				"up": {"uv": [14, 0, 12.5, 1], "texture": "#0"},
				"down": {"uv": [14, 1, 12.5, 2], "texture": "#0"}
			}
		},
		{
			"from": [8.5, 5, 7.5],
			"to": [10, 5.5, 8.5],
			"faces": {
				"north": {"uv": [3.5, 0, 5, 0.5], "texture": "#0"},
				"east": {"uv": [8, 0.5, 9, 1], "texture": "#0"},
				"south": {"uv": [3.5, 0, 5, 0.5], "texture": "#0"},
				"west": {"uv": [8, 0, 9, 0.5], "texture": "#0"},
				"up": {"uv": [11.5, 0, 10, 1], "texture": "#0"},
				"down": {"uv": [11.5, 1, 10, 2], "texture": "#0"}
			}
		},
		{
			"from": [7.25, 14, 7.75],
			"to": [8.75, 15.5, 8.25],
			"faces": {
				"north": {"uv": [0.5, 0, 2, 1.5], "texture": "#0"},
				"east": {"uv": [0.5, 0, 1, 1.5], "texture": "#0"},
				"south": {"uv": [0.5, 0, 2, 1.5], "texture": "#0"},
				"west": {"uv": [1.5, 0, 2, 1.5], "texture": "#0"},
				"up": {"uv": [2, 0, 0.5, 0.5], "texture": "#0"}
			}
		},
		{
			"from": [7.5, 15.5, 7.75],
			"to": [8.5, 18, 8.25],
			"faces": {
				"north": {"uv": [2.5, 0, 3.5, 2.5], "texture": "#0"},
				"east": {"uv": [2.5, 0, 3, 2.5], "texture": "#0"},
				"south": {"uv": [2.5, 0, 3.5, 2.5], "texture": "#0"},
				"west": {"uv": [3, 0, 3.5, 2.5], "texture": "#0"},
				"up": {"uv": [3.5, 0, 2.5, 0.5], "texture": "#0"}
			}
		},
		{
			"from": [6.75, 6.5, 7.75],
			"to": [9.25, 8, 8.25],
			"faces": {
				"north": {"uv": [0, 7.5, 2.5, 9], "texture": "#0"},
				"east": {"uv": [0, 7.5, 0.5, 9], "texture": "#0"},
				"south": {"uv": [0, 7.5, 2.5, 9], "texture": "#0"},
				"west": {"uv": [2, 7.5, 2.5, 9], "texture": "#0"},
				"up": {"uv": [2.5, 7.5, 0, 8], "texture": "#0"},
				"down": {"uv": [2.5, 8.5, 0, 9], "texture": "#0"}
			}
		},
		{
			"from": [6.75, 9.5, 7.75],
			"to": [9.25, 11, 8.25],
			"faces": {
				"north": {"uv": [0, 4.5, 2.5, 6], "texture": "#0"},
				"east": {"uv": [0, 4.5, 0.5, 6], "texture": "#0"},
				"south": {"uv": [0, 4.5, 2.5, 6], "texture": "#0"},
				"west": {"uv": [2, 4.5, 2.5, 6], "texture": "#0"},
				"up": {"uv": [2.5, 4.5, 0, 5], "texture": "#0"},
				"down": {"uv": [2.5, 5.5, 0, 6], "texture": "#0"}
			}
		},
		{
			"from": [6.75, 12.5, 7.75],
			"to": [9.25, 14, 8.25],
			"faces": {
				"north": {"uv": [0, 1.5, 2.5, 3], "texture": "#0"},
				"east": {"uv": [0, 1.5, 0.5, 3], "texture": "#0"},
				"south": {"uv": [0, 1.5, 2.5, 3], "texture": "#0"},
				"west": {"uv": [2, 1.5, 2.5, 3], "texture": "#0"},
				"up": {"uv": [2.5, 1.5, 0, 2], "texture": "#0"},
				"down": {"uv": [2.5, 2.5, 0, 3], "texture": "#0"}
			}
		},
		{
			"from": [7.25, 5, 7.75],
			"to": [8.75, 6.5, 8.25],
			"faces": {
				"north": {"uv": [0.5, 9, 2, 10.5], "texture": "#0"},
				"east": {"uv": [0.5, 9, 1, 10.5], "texture": "#0"},
				"south": {"uv": [0.5, 9, 2, 10.5], "texture": "#0"},
				"west": {"uv": [1.5, 9, 2, 10.5], "texture": "#0"}
			}
		},
		{
			"from": [7.25, 8, 7.75],
			"to": [8.75, 9.5, 8.25],
			"faces": {
				"north": {"uv": [0.5, 6, 2, 7.5], "texture": "#0"},
				"east": {"uv": [0.5, 6, 1, 7.5], "texture": "#0"},
				"south": {"uv": [0.5, 6, 2, 7.5], "texture": "#0"},
				"west": {"uv": [1.5, 6, 2, 7.5], "texture": "#0"}
			}
		},
		{
			"from": [7.25, 11, 7.75],
			"to": [8.75, 12.5, 8.25],
			"faces": {
				"north": {"uv": [0.5, 3, 2, 4.5], "texture": "#0"},
				"east": {"uv": [0.5, 3, 1, 4.5], "texture": "#0"},
				"south": {"uv": [0.5, 3, 2, 4.5], "texture": "#0"},
				"west": {"uv": [1.5, 3, 2, 4.5], "texture": "#0"}
			}
		},
		{
			"from": [0, 4.5, 7.4],
			"to": [15, 20.5, 7.65],
			"faces": {
				"north": {"uv": [1, 0, 16, 16], "texture": "#1"}
			}
		},
		{
			"from": [0, 4.5, 8.35],
			"to": [15, 20.5, 8.6],
			"faces": {
				"south": {"uv": [16, 0, 1, 16], "texture": "#1"}
			}
		},
		{
			"from": [9.4, 4.5, 7.5],
			"to": [9.4, 20.5, 8.5],
			"faces": {
				"east": {"uv": [0, 0, 1, 16], "texture": "#1"}
			}
		},
		{
			"from": [6.6, 4.5, 7.5],
			"to": [6.6, 20.5, 8.5],
			"faces": {
				"west": {"uv": [0, 0, 1, 16], "texture": "#1"}
			}
		},
		{
			"from": [6.5, 18.5, 7.5],
			"to": [9.5, 18.5, 8.5],
			"faces": {
				"up": {"uv": [7, 1.5, 10, 2.5], "texture": "#1"},
				"down": {"uv": [7, 1.5, 10, 2.5], "texture": "#1"}
			}
		}
	],
	"display": {
		"thirdperson_righthand": {
			"rotation": [0, 90, 0],
			"translation": [0, 6.5, 2],
			"scale": [1.5, 1.5, 1.5]
		},
		"thirdperson_lefthand": {
			"rotation": [0, -90, 0],
			"translation": [0, 6.5, 2],
			"scale": [1.5, 1.5, 1.5]
		},
		"firstperson_righthand": {
			"rotation": [5, 90, 0],
			"translation": [0, 4.5, 2]
		},
		"ground": {
			"rotation": [-60, 90, 0],
			"translation": [0, 1, 1],
			"scale": [0.75, 0.75, 0.75]
		},
		"fixed": {
			"translation": [0, -2.5, 0],
			"scale": [1.5, 1.5, 1.5]
		},
		"gui": {
			"rotation": [22.5, 0, -45],
			"translation": [-0.5, -1, 0],
			"scale": [0.9, 0.9, 0.9]
		}
	}
}