{
	"credit": "by Katniss",
	"textures": {
		"0": "_weapon/igorot_axe"
	},
	"elements": [
		{
			"from": [7, 13, 7.5],
			"to": [10, 15.5, 8.5],
			"faces": {
				"north": {"uv": [4, 0, 7, 2.5], "texture": "#0"},
				"east": {"uv": [10, 2.5, 11, 5], "texture": "#0"},
				"south": {"uv": [7, 0, 4, 2.5], "texture": "#0"},
				"west": {"uv": [11, 2.5, 12, 5], "texture": "#0"},
				"up": {"uv": [14.5, 0, 11.5, 1], "texture": "#0"},
				"down": {"uv": [14.5, 1, 11.5, 2], "texture": "#0"}
			}
		},
		{
			"from": [5.5, 14.5, 7.5],
			"to": [7, 15.5, 8.5],
			"faces": {
				"north": {"uv": [7, 0, 8.5, 1], "texture": "#0"},
				"south": {"uv": [8.5, 0, 7, 1], "texture": "#0"},
				"west": {"uv": [11, 2.5, 12, 3.5], "texture": "#0"},
				"up": {"uv": [16, 0, 14.5, 1], "texture": "#0"},
				"down": {"uv": [16, 1, 14.5, 2], "texture": "#0"}
			}
		},
		{
			"from": [3.5, 14.5, 7.75],
			"to": [5.5, 15.5, 8.25],
			"faces": {
				"north": {"uv": [8.5, 0, 10.5, 1], "texture": "#0"},
				"south": {"uv": [10.5, 0, 8.5, 1], "texture": "#0"},
				"west": {"uv": [10, 0, 10.5, 1], "texture": "#0"},
				"up": {"uv": [10.5, 0, 8.5, 0.5], "texture": "#0"},
				"down": {"uv": [10.5, 0, 8.5, 1], "texture": "#0"}
			}
		},
		{
			"from": [10, 13, 7.75],
			"to": [11, 14, 8.25],
			"faces": {
				"north": {"uv": [3, 1.5, 4, 2.5], "texture": "#0"},
				"east": {"uv": [3, 1.5, 3.5, 2.5], "texture": "#0"},
				"south": {"uv": [4, 1.5, 3, 2.5], "texture": "#0"},
				"down": {"uv": [4, 2, 3, 2.5], "texture": "#0"}
			}
		},
		{
			"from": [10, 14, 7.5],
			"to": [10.5, 15, 8.5],
			"faces": {
				"north": {"uv": [3.5, 0.5, 4, 1.5], "texture": "#0"},
				"east": {"uv": [10, 3, 11, 4], "texture": "#0"},
				"south": {"uv": [4, 0.5, 3.5, 1.5], "texture": "#0"},
				"down": {"uv": [11, 1, 11.5, 2], "texture": "#0"}
			}
		},
		{
			"from": [10.5, 14, 7.75],
			"to": [11.5, 14.5, 8.25],
			"faces": {
				"north": {"uv": [2.5, 1, 3.5, 1.5], "texture": "#0"},
				"east": {"uv": [2.5, 1, 3, 1.5], "texture": "#0"},
				"south": {"uv": [3.5, 1, 2.5, 1.5], "texture": "#0"},
				"down": {"uv": [3.5, 1, 2.5, 1.5], "texture": "#0"}
			}
		},
		{
			"from": [10.5, 14.5, 7.75],
			"to": [12.5, 15, 8.25],
			"faces": {
				"north": {"uv": [1.5, 0.5, 3.5, 1], "texture": "#0"},
				"east": {"uv": [1.5, 0.5, 2, 1], "texture": "#0"},
				"south": {"uv": [3.5, 0.5, 1.5, 1], "texture": "#0"},
				"down": {"uv": [3.5, 0.5, 1.5, 1], "texture": "#0"}
			}
		},
		{
			"from": [11, 15, 7.75],
			"to": [14, 15.5, 8.25],
			"faces": {
				"north": {"uv": [0, 0, 3, 0.5], "texture": "#0"},
				"east": {"uv": [0, 0, 0.5, 0.5], "texture": "#0"},
				"south": {"uv": [3, 0, 0, 0.5], "texture": "#0"},
				"up": {"uv": [3, 0, 0, 0.5], "texture": "#0"},
				"down": {"uv": [3, 0, 0, 0.5], "texture": "#0"}
			}
		},
		{
			"from": [10, 15, 7.5],
			"to": [11, 15.5, 8.5],
			"faces": {
				"north": {"uv": [3, 0, 4, 0.5], "texture": "#0"},
				"east": {"uv": [10, 2.5, 11, 3], "texture": "#0"},
				"south": {"uv": [4, 0, 3, 0.5], "texture": "#0"},
				"up": {"uv": [11.5, 0, 10.5, 1], "texture": "#0"},
				"down": {"uv": [10.5, 1, 11.5, 2], "texture": "#0"}
			}
		},
		{
			"from": [7.5, 1, 7.5],
			"to": [8.5, 13, 8.5],
			"faces": {
				"north": {"uv": [5.5, 2.5, 6.5, 14], "texture": "#0"},
				"east": {"uv": [7, 2.5, 8, 14], "texture": "#0"},
				"south": {"uv": [5.5, 2.5, 6.5, 14], "texture": "#0"},
				"west": {"uv": [7, 2.5, 8, 14], "texture": "#0"},
				"up": {"uv": [5.5, 2.5, 6.5, 14], "texture": "#0"},
				"down": {"uv": [5.5, 2.5, 6.5, 14], "texture": "#0"}
			}
		},
		{
			"from": [7, 0, 7.5],
			"to": [8.5, 1, 8.5],
			"faces": {
				"north": {"uv": [5.5, 14, 7, 15], "texture": "#0"},
				"east": {"uv": [7, 14, 8, 15], "texture": "#0"},
				"south": {"uv": [7, 14, 5.5, 15], "texture": "#0"},
				"west": {"uv": [7, 14, 8, 15], "texture": "#0"},
				"up": {"uv": [7, 15, 5.5, 16], "texture": "#0"},
				"down": {"uv": [7, 15, 5.5, 16], "texture": "#0"}
			}
		},
		{
			"from": [6.75, 12.75, 7.25],
			"to": [10.25, 15.75, 8.75],
			"faces": {
				"north": {"uv": [11, 11.5, 14, 14], "texture": "#0"},
				"east": {"uv": [9.5, 11.5, 10.5, 14], "texture": "#0"},
				"south": {"uv": [14, 11.5, 11, 14], "texture": "#0"},
				"west": {"uv": [14.5, 11.5, 15.5, 14], "texture": "#0"},
				"up": {"uv": [14, 10, 11, 11], "texture": "#0"},
				"down": {"uv": [14, 14.5, 11, 15.5], "texture": "#0"}
			}
		}
	],
	"display": {
		"thirdperson_righthand": {
			"scale": [1.5, 1.5, 1.5],
			"rotation": [0, 90, 0],
			"translation": [0, 3, 2]
		},
		"thirdperson_lefthand": {
			"scale": [1.5, 1.5, 1.5],
			"rotation": [0, -90, 0],
			"translation": [0, 3, 2]
		},
		"firstperson_righthand": {
			"rotation": [15, 90, 0],
			"translation": [0, 4, 2]
		},
		"firstperson_lefthand": {
			"rotation": [15, -90, 0],
			"translation": [0, 4, 2]
		},
		"ground": {
			"rotation": [-60, 90, 0],
			"translation": [0, 1, 0.5],
			"scale": [0.75, 0.75, 0.75]
		},
		"fixed": {
			"rotation": [0, 0, 0],
			"translation": [0, 0, 0],
			"scale": [1.5, 1.5, 1.5]
		},
		"gui": {
			"scale": [0.9, 0.9, 0.9],
			"rotation": [22.5, 0, -45],
			"translation": [-1.5, -1, 0]
		}
	}
}