{
	"credit": "by Katniss",
	"textures": {
		"0": "_weapon/iron_axe"
	},
	"elements": [
		{
			"from": [7.5, 1, 7.5],
			"to": [8.5, 13.5, 8.5],
			"faces": {
				"north": {"uv": [6.5, 1, 7.5, 13.5], "texture": "#0"},
				"east": {"uv": [8, 1, 9, 13.5], "texture": "#0"},
				"south": {"uv": [6.5, 1, 7.5, 13.5], "texture": "#0"},
				"west": {"uv": [8, 1, 9, 13.5], "texture": "#0"},
				"up": {"uv": [6.5, 0, 7.5, 1], "texture": "#0"}
			}
		},
		{
			"from": [8.5, 10.5, 7.5],
			"to": [9.5, 12.5, 8.5],
			"faces": {
				"north": {"uv": [2, 2, 3, 4], "texture": "#0"},
				"east": {"uv": [9, 0, 10, 2], "texture": "#0"},
				"south": {"uv": [3, 2, 2, 4], "texture": "#0"},
				"up": {"uv": [5.5, 0, 6.5, 1], "texture": "#0"},
				"down": {"uv": [5.5, 0, 6.5, 1], "texture": "#0"}
			}
		},
		{
			"from": [7, 11, 7.5],
			"to": [7.5, 12.5, 8.5],
			"faces": {
				"north": {"uv": [3.5, 2, 4, 3.5], "texture": "#0"},
				"south": {"uv": [4, 2, 3.5, 3.5], "texture": "#0"},
				"west": {"uv": [10, 0, 11, 1.5], "texture": "#0"},
				"up": {"uv": [7.5, 0, 8, 1], "texture": "#0"},
				"down": {"uv": [7.5, 0, 8, 1], "texture": "#0"}
			}
		},
		{
			"from": [6.5, 11, 7.75],
			"to": [7, 12.5, 8.25],
			"faces": {
				"north": {"uv": [4.5, 2, 5, 3.5], "texture": "#0"},
				"south": {"uv": [5, 2, 4.5, 3.5], "texture": "#0"},
				"west": {"uv": [4.5, 2, 5, 3.5], "texture": "#0"},
				"up": {"uv": [5, 2, 4.5, 2.5], "texture": "#0"},
				"down": {"uv": [4.5, 3, 5, 3.5], "texture": "#0"}
			}
		},
		{
			"from": [6, 11, 7.75],
			"to": [6.5, 12, 8.25],
			"faces": {
				"north": {"uv": [5, 2.5, 5.5, 3.5], "texture": "#0"},
				"south": {"uv": [5.5, 2.5, 5, 3.5], "texture": "#0"},
				"west": {"uv": [5, 2.5, 5.5, 3.5], "texture": "#0"},
				"up": {"uv": [5.5, 2.5, 5, 3], "texture": "#0"},
				"down": {"uv": [5, 3, 5.5, 3.5], "texture": "#0"}
			}
		},
		{
			"from": [5, 11, 7.75],
			"to": [6, 11.5, 8.25],
			"faces": {
				"north": {"uv": [5.5, 3, 6.5, 3.5], "texture": "#0"},
				"south": {"uv": [6.5, 3, 5.5, 3.5], "texture": "#0"},
				"west": {"uv": [6, 3, 6.5, 3.5], "texture": "#0"},
				"up": {"uv": [6.5, 3, 5.5, 3.5], "texture": "#0"},
				"down": {"uv": [5.5, 3, 6.5, 3.5], "texture": "#0"}
			}
		},
		{
			"from": [9.5, 10.5, 7.75],
			"to": [11.5, 12, 8.25],
			"faces": {
				"north": {"uv": [0, 2.5, 2, 4], "texture": "#0"},
				"east": {"uv": [0, 2.5, 0.5, 4], "texture": "#0"},
				"south": {"uv": [2, 2.5, 0, 4], "texture": "#0"},
				"up": {"uv": [2, 2.5, 0, 3], "texture": "#0"},
				"down": {"uv": [0, 3.5, 2, 4], "texture": "#0"}
			}
		},
		{
			"from": [9.5, 12, 7.75],
			"to": [11, 12.5, 8.25],
			"faces": {
				"north": {"uv": [0.5, 2, 2, 2.5], "texture": "#0"},
				"east": {"uv": [0.5, 2, 1, 2.5], "texture": "#0"},
				"south": {"uv": [2, 2, 0.5, 2.5], "texture": "#0"},
				"up": {"uv": [0.5, 2, 2, 2.5], "texture": "#0"}
			}
		},
		{
			"from": [9, 12.5, 7.75],
			"to": [11, 13, 8.25],
			"faces": {
				"north": {"uv": [0.5, 1.5, 2.5, 2], "texture": "#0"},
				"east": {"uv": [0.5, 1.5, 1, 2], "texture": "#0"},
				"south": {"uv": [2.5, 1.5, 0.5, 2], "texture": "#0"},
				"west": {"uv": [2, 1.5, 2.5, 2], "texture": "#0"},
				"up": {"uv": [2.5, 1.5, 0.5, 2], "texture": "#0"}
			}
		},
		{
			"from": [10, 13, 7.75],
			"to": [10.5, 13.5, 8.25],
			"faces": {
				"north": {"uv": [1, 1, 1.5, 1.5], "texture": "#0"},
				"east": {"uv": [1, 1, 1.5, 1.5], "texture": "#0"},
				"south": {"uv": [1.5, 1, 1, 1.5], "texture": "#0"},
				"west": {"uv": [1, 1, 1.5, 1.5], "texture": "#0"},
				"up": {"uv": [1.5, 1, 1, 1.5], "texture": "#0"}
			}
		},
		{
			"from": [9.5, 10, 7.75],
			"to": [11, 10.5, 8.25],
			"faces": {
				"north": {"uv": [0.5, 4, 2, 4.5], "texture": "#0"},
				"east": {"uv": [0.5, 4, 1, 4.5], "texture": "#0"},
				"south": {"uv": [2, 4, 0.5, 4.5], "texture": "#0"},
				"west": {"uv": [1.5, 4, 2, 4.5], "texture": "#0"},
				"down": {"uv": [0.5, 4, 2, 4.5], "texture": "#0"}
			}
		},
		{
			"from": [10, 9.5, 7.75],
			"to": [11, 10, 8.25],
			"faces": {
				"north": {"uv": [0.5, 4.5, 1.5, 5], "texture": "#0"},
				"east": {"uv": [0.5, 4.5, 1, 5], "texture": "#0"},
				"south": {"uv": [1.5, 4.5, 0.5, 5], "texture": "#0"},
				"west": {"uv": [1, 4.5, 1.5, 5], "texture": "#0"},
				"down": {"uv": [0.5, 4.5, 1.5, 5], "texture": "#0"}
			}
		},
		{
			"from": [10, 8.5, 7.75],
			"to": [10.5, 9.5, 8.25],
			"faces": {
				"north": {"uv": [1, 5, 1.5, 6], "texture": "#0"},
				"east": {"uv": [1, 5, 1.5, 6], "texture": "#0"},
				"south": {"uv": [1.5, 5, 1, 6], "texture": "#0"},
				"west": {"uv": [1, 5, 1.5, 6], "texture": "#0"},
				"down": {"uv": [1, 5.5, 1.5, 6], "texture": "#0"}
			}
		},
		{
			"from": [7, 0, 7.5],
			"to": [8.5, 1, 8.5],
			"faces": {
				"north": {"uv": [6.5, 13.5, 8, 14.5], "texture": "#0"},
				"east": {"uv": [8, 13.5, 9, 14.5], "texture": "#0"},
				"south": {"uv": [6.5, 13.5, 8, 14.5], "texture": "#0"},
				"west": {"uv": [8, 13.5, 9, 14.5], "texture": "#0"},
				"up": {"uv": [6.5, 14.5, 8, 15.5], "texture": "#0"},
				"down": {"uv": [6.5, 14.5, 8, 15.5], "texture": "#0"}
			}
		}
	],
	"display": {
		"thirdperson_righthand": {
			"scale": [1.5, 1.5, 1.5],
			"rotation": [0, 90, 0],
			"translation": [0, 5, 2]
		},
		"thirdperson_lefthand": {
			"scale": [1.5, 1.5, 1.5],
			"rotation": [0, -90, 0],
			"translation": [0, 4, 2]
		},
		"firstperson_righthand": {
			"rotation": [15, 90, 0],
			"translation": [0, 5, 2]
		},
		"firstperson_lefthand": {
			"rotation": [15, -90, 0],
			"translation": [0, 5, 2]
		},
		"ground": {
			"rotation": [-60, 90, 0],
			"translation": [0, 1, -0.5],
			"scale": [0.75, 0.75, 0.75]
		},
		"fixed": {
			"rotation": [0, 0, 0],
			"translation": [0, 1.5, 0],
			"scale": [1.5, 1.5, 1.5]
		},
		"gui": {
			"scale": [0.9, 0.9, 0.9],
			"rotation": [22.5, 0, -45],
			"translation": [0.5, 0.5, 0]
		}
	}
}