{
	"credit": "by Katniss",
	"textures": {
		"0": "_weapon/iron_battle_axe"
	},
	"elements": [
		{
			"from": [7.5, 1, 7.5],
			"to": [8.5, 15, 8.5],
			"faces": {
				"north": {"uv": [7, 0, 8, 14], "texture": "#0"},
				"east": {"uv": [8.5, 0, 9.5, 14], "texture": "#0"},
				"south": {"uv": [7, 0, 8, 14], "texture": "#0"},
				"west": {"uv": [8.5, 0, 9.5, 14], "texture": "#0"},
				"up": {"uv": [10.5, 0, 11.5, 1], "texture": "#0"}
			}
		},
		{
			"from": [7, 0, 7.5],
			"to": [8.5, 1, 8.5],
			"faces": {
				"north": {"uv": [7, 14, 8.5, 15], "texture": "#0"},
				"east": {"uv": [8.5, 14, 9.5, 15], "texture": "#0"},
				"south": {"uv": [8.5, 14, 7, 15], "texture": "#0"},
				"west": {"uv": [8.5, 14, 9.5, 15], "texture": "#0"},
				"up": {"uv": [8.5, 15, 7, 16], "texture": "#0"},
				"down": {"uv": [8.5, 15, 7, 16], "texture": "#0"}
			}
		},
		{
			"from": [8.5, 12, 7.5],
			"to": [9.5, 14, 8.5],
			"faces": {
				"north": {"uv": [2, 2, 3, 4], "texture": "#0"},
				"east": {"uv": [10, 1.5, 11, 3.5], "texture": "#0"},
				"south": {"uv": [3, 2, 2, 4], "texture": "#0"},
				"up": {"uv": [10.5, 0, 9.5, 1], "texture": "#0"},
				"down": {"uv": [10.5, 0, 9.5, 1], "texture": "#0"}
			}
		},
		{
			"from": [9.5, 12, 7.75],
			"to": [11.5, 13.5, 8.25],
			"faces": {
				"north": {"uv": [0, 2.5, 2, 4], "texture": "#0"},
				"east": {"uv": [0, 2.5, 0.5, 4], "texture": "#0"},
				"south": {"uv": [2, 2.5, 0, 4], "texture": "#0"},
				"up": {"uv": [2, 2.5, 0, 3], "texture": "#0"},
				"down": {"uv": [2, 3.5, 0, 4], "texture": "#0"}
			}
		},
		{
			"from": [9.5, 11.5, 7.75],
			"to": [11, 12, 8.25],
			"faces": {
				"north": {"uv": [0.5, 4, 2, 4.5], "texture": "#0"},
				"east": {"uv": [0.5, 4, 1, 4.5], "texture": "#0"},
				"south": {"uv": [2, 4, 0.5, 4.5], "texture": "#0"},
				"west": {"uv": [1.5, 4, 2, 4.5], "texture": "#0"},
				"down": {"uv": [2, 4, 0.5, 4.5], "texture": "#0"}
			}
		},
		{
			"from": [9.5, 13.5, 7.75],
			"to": [11, 14, 8.25],
			"faces": {
				"north": {"uv": [0.5, 2, 2, 2.5], "texture": "#0"},
				"east": {"uv": [0.5, 2, 1, 2.5], "texture": "#0"},
				"south": {"uv": [2, 2, 0.5, 2.5], "texture": "#0"},
				"up": {"uv": [0.5, 2, 2, 2.5], "texture": "#0"}
			}
		},
		{
			"from": [9, 14, 7.75],
			"to": [11, 14.5, 8.25],
			"faces": {
				"north": {"uv": [0.5, 1.5, 2.5, 2], "texture": "#0"},
				"east": {"uv": [0.5, 1.5, 1, 2], "texture": "#0"},
				"south": {"uv": [2.5, 1.5, 0.5, 2], "texture": "#0"},
				"west": {"uv": [2, 1.5, 2.5, 2], "texture": "#0"},
				"up": {"uv": [2.5, 1.5, 0.5, 2], "texture": "#0"}
			}
		},
		{
			"from": [10, 14.5, 7.75],
			"to": [10.5, 15, 8.25],
			"faces": {
				"north": {"uv": [1, 1, 1.5, 1.5], "texture": "#0"},
				"east": {"uv": [1, 1, 1.5, 1.5], "texture": "#0"},
				"south": {"uv": [1.5, 1, 1, 1.5], "texture": "#0"},
				"west": {"uv": [1, 1, 1.5, 1.5], "texture": "#0"},
				"up": {"uv": [1.5, 1, 1, 1.5], "texture": "#0"}
			}
		},
		{
			"from": [10, 11, 7.75],
			"to": [11, 11.5, 8.25],
			"faces": {
				"north": {"uv": [0.5, 4.5, 1.5, 5], "texture": "#0"},
				"east": {"uv": [0.5, 4.5, 1, 5], "texture": "#0"},
				"south": {"uv": [1.5, 4.5, 0.5, 5], "texture": "#0"},
				"west": {"uv": [1, 4.5, 1.5, 5], "texture": "#0"},
				"down": {"uv": [1.5, 4.5, 0.5, 5], "texture": "#0"}
			}
		},
		{
			"from": [10, 10, 7.75],
			"to": [10.5, 11, 8.25],
			"faces": {
				"north": {"uv": [1, 5, 1.5, 6], "texture": "#0"},
				"east": {"uv": [1, 5, 1.5, 6], "texture": "#0"},
				"south": {"uv": [1.5, 5, 1, 6], "texture": "#0"},
				"west": {"uv": [1, 5, 1.5, 6], "texture": "#0"},
				"down": {"uv": [1.5, 5.5, 1, 6], "texture": "#0"}
			}
		},
		{
			"from": [6.5, 12, 7.5],
			"to": [7.5, 14, 8.5],
			"faces": {
				"north": {"uv": [4, 2, 5, 4], "texture": "#0"},
				"south": {"uv": [5, 2, 4, 4], "texture": "#0"},
				"west": {"uv": [11, 1.5, 12, 3.5], "texture": "#0"},
				"up": {"uv": [12.5, 0, 11.5, 1], "texture": "#0"},
				"down": {"uv": [12.5, 0, 11.5, 1], "texture": "#0"}
			}
		},
		{
			"from": [4.5, 12, 7.75],
			"to": [6.5, 13.5, 8.25],
			"faces": {
				"north": {"uv": [5, 2.5, 7, 4], "texture": "#0"},
				"south": {"uv": [7, 2.5, 5, 4], "texture": "#0"},
				"west": {"uv": [6.5, 2.5, 7, 4], "texture": "#0"},
				"up": {"uv": [7, 2.5, 5, 3], "texture": "#0"},
				"down": {"uv": [7, 3.5, 5, 4], "texture": "#0"}
			}
		},
		{
			"from": [5, 13.5, 7.75],
			"to": [6.5, 14, 8.25],
			"faces": {
				"north": {"uv": [5, 2, 6.5, 2.5], "texture": "#0"},
				"south": {"uv": [6.5, 2, 5, 2.5], "texture": "#0"},
				"west": {"uv": [6, 2, 6.5, 2.5], "texture": "#0"},
				"up": {"uv": [5, 2, 6.5, 2.5], "texture": "#0"}
			}
		},
		{
			"from": [5, 14, 7.75],
			"to": [7, 14.5, 8.25],
			"faces": {
				"north": {"uv": [4.5, 1.5, 6.5, 2], "texture": "#0"},
				"east": {"uv": [4.5, 1.5, 5, 2], "texture": "#0"},
				"south": {"uv": [6.5, 1.5, 4.5, 2], "texture": "#0"},
				"west": {"uv": [6, 1.5, 6.5, 2], "texture": "#0"},
				"up": {"uv": [6.5, 1.5, 4.5, 2], "texture": "#0"}
			}
		},
		{
			"from": [5.5, 14.5, 7.75],
			"to": [6, 15, 8.25],
			"faces": {
				"north": {"uv": [5.5, 1, 6, 1.5], "texture": "#0"},
				"east": {"uv": [5.5, 1, 6, 1.5], "texture": "#0"},
				"south": {"uv": [6, 1, 5.5, 1.5], "texture": "#0"},
				"west": {"uv": [5.5, 1, 6, 1.5], "texture": "#0"},
				"up": {"uv": [6, 1, 5.5, 1.5], "texture": "#0"}
			}
		},
		{
			"from": [5, 11.5, 7.75],
			"to": [6.5, 12, 8.25],
			"faces": {
				"north": {"uv": [5, 4, 6.5, 4.5], "texture": "#0"},
				"east": {"uv": [5, 4, 5.5, 4.5], "texture": "#0"},
				"south": {"uv": [6.5, 4, 5, 4.5], "texture": "#0"},
				"west": {"uv": [6, 4, 6.5, 4.5], "texture": "#0"},
				"down": {"uv": [6.5, 4, 5, 4.5], "texture": "#0"}
			}
		},
		{
			"from": [5, 11, 7.75],
			"to": [6, 11.5, 8.25],
			"faces": {
				"north": {"uv": [5.5, 4.5, 6.5, 5], "texture": "#0"},
				"east": {"uv": [5.5, 4.5, 6, 5], "texture": "#0"},
				"south": {"uv": [6.5, 4.5, 5.5, 5], "texture": "#0"},
				"west": {"uv": [6, 4.5, 6.5, 5], "texture": "#0"},
				"down": {"uv": [6.5, 4.5, 5.5, 5], "texture": "#0"}
			}
		},
		{
			"from": [5.5, 10, 7.75],
			"to": [6, 11, 8.25],
			"faces": {
				"north": {"uv": [5.5, 5, 6, 6], "texture": "#0"},
				"east": {"uv": [5.5, 5, 6, 6], "texture": "#0"},
				"south": {"uv": [6, 5, 5.5, 6], "texture": "#0"},
				"west": {"uv": [5.5, 5, 6, 6], "texture": "#0"},
				"down": {"uv": [6, 5.5, 5.5, 6], "texture": "#0"}
			}
		}
	],
	"display": {
		"thirdperson_righthand": {
			"scale": [1.5, 1.5, 1.5],
			"rotation": [0, 90, 0],
			"translation": [0, 4.5, 2]
		},
		"thirdperson_lefthand": {
			"scale": [1.5, 1.5, 1.5],
			"rotation": [0, -90, 0],
			"translation": [0, 3.5, 2]
		},
		"firstperson_righthand": {
			"rotation": [15, 90, 0],
			"translation": [0, 5, 2]
		},
		"firstperson_lefthand": {
			"rotation": [15, -90, 0],
			"translation": [0, 5, 2]
		},
		"ground": {
			"rotation": [-60, 90, 0],
			"translation": [0, 1, -0.5],
			"scale": [0.75, 0.75, 0.75]
		},
		"fixed": {
			"rotation": [0, 0, 0],
			"translation": [0, 0, 0],
			"scale": [1.5, 1.5, 1.5]
		},
		"gui": {
			"scale": [0.9, 0.9, 0.9],
			"rotation": [22.5, 0, -45],
			"translation": [0, 0, 0]
		}
	}
}