{
	"credit": "by Katniss",
	"textures": {
		"0": "_weapon/longsword"
	},
	"elements": [
		{
			"from": [7.5, 0.5, 7.5],
			"to": [8.5, 4.5, 8.5],
			"faces": {
				"north": {"uv": [3.5, 2, 4.5, 6], "texture": "#0"},
				"east": {"uv": [4.5, 2, 5.5, 6], "texture": "#0"},
				"south": {"uv": [3.5, 2, 4.5, 6], "texture": "#0"},
				"west": {"uv": [4.5, 2, 5.5, 6], "texture": "#0"}
			}
		},
		{
			"from": [7, 4.5, 7.5],
			"to": [9, 5, 8.5],
			"faces": {
				"north": {"uv": [3, 1.5, 5, 2], "texture": "#0"},
				"east": {"uv": [6.5, 0.5, 7.5, 1], "texture": "#0"},
				"south": {"uv": [5, 1.5, 3, 2], "texture": "#0"},
				"west": {"uv": [6.5, 0, 7.5, 0.5], "texture": "#0"},
				"down": {"uv": [5, 0, 3, 1], "texture": "#0"}
			}
		},
		{
			"from": [6, 5, 7.5],
			"to": [10, 5.5, 8.5],
			"faces": {
				"north": {"uv": [2, 1, 6, 1.5], "texture": "#0"},
				"east": {"uv": [6.5, 0.5, 7.5, 1], "texture": "#0"},
				"south": {"uv": [6, 1, 2, 1.5], "texture": "#0"},
				"west": {"uv": [6.5, 0, 7.5, 0.5], "texture": "#0"},
				"up": {"uv": [6, 0, 2, 1], "texture": "#0"},
				"down": {"uv": [6, 0, 2, 1], "texture": "#0"}
			}
		},
		{
			"from": [7, 5.5, 7.75],
			"to": [9, 13, 8.25],
			"faces": {
				"north": {"uv": [0, 5, 2, 12.5], "texture": "#0"},
				"east": {"uv": [0, 5, 0.5, 12.5], "texture": "#0"},
				"south": {"uv": [2, 5, 0, 12.5], "texture": "#0"},
				"west": {"uv": [1.5, 5, 2, 12.5], "texture": "#0"},
				"up": {"uv": [2, 5, 0, 5.5], "texture": "#0"}
			}
		},
		{
			"from": [7.5, 13, 7.75],
			"to": [8.5, 18, 8.25],
			"faces": {
				"north": {"uv": [0.5, 0, 1.5, 5], "texture": "#0"},
				"east": {"uv": [0.5, 0, 1, 5], "texture": "#0"},
				"south": {"uv": [1.5, 0, 0.5, 5], "texture": "#0"},
				"west": {"uv": [1, 0, 1.5, 5], "texture": "#0"},
				"up": {"uv": [1.5, 0, 0.5, 0.5], "texture": "#0"}
			}
		},
		{
			"from": [7.25, 0, 7.5],
			"to": [8.75, 0.5, 8.5],
			"faces": {
				"north": {"uv": [3, 6, 4.5, 6.5], "texture": "#0"},
				"east": {"uv": [4.5, 6, 5.5, 6.5], "texture": "#0"},
				"south": {"uv": [3, 6, 4.5, 6.5], "texture": "#0"},
				"west": {"uv": [4.5, 6, 5.5, 6.5], "texture": "#0"},
				"up": {"uv": [4.5, 6.5, 3, 7.5], "texture": "#0"},
				"down": {"uv": [3, 6.5, 4.5, 7.5], "texture": "#0"}
			}
		}
	],
	"display": {
		"thirdperson_righthand": {
			"scale": [1.5, 1.5, 1.5],
			"rotation": [0, 90, 0],
			"translation": [0, 6, 2]
		},
		"thirdperson_lefthand": {
			"scale": [1.5, 1.5, 1.5],
			"rotation": [0, -90, 0],
			"translation": [0, 6, 2]
		},
		"firstperson_righthand": {
			"rotation": [5, 90, 0],
			"translation": [0, 4.5, 2]
		},
		"firstperson_lefthand": {
			"rotation": [5, -90, 0],
			"translation": [0, 4.5, 2]
		},
		"ground": {
			"rotation": [-60, 90, 0],
			"translation": [0, 1, 1],
			"scale": [0.75, 0.75, 0.75]
		},
		"fixed": {
			"rotation": [0, 0, 0],
			"translation": [0, -1.5, 0],
			"scale": [1.5, 1.5, 1.5]
		},
		"gui": {
			"scale": [0.9, 0.9, 0.9],
			"rotation": [22.5, 0, -45],
			"translation": [-0.5, -0.5, 0]
		}
	}
}