{
	"credit": "by Katniss",
	"textures": {
		"0": "_weapon/serrated_obsidian_greatsword"
	},
	"elements": [
		{
			"from": [7.5, 1, 7.5],
			"to": [8.5, 5, 8.5],
			"faces": {
				"north": {"uv": [9, 0, 10, 4], "texture": "#0"},
				"east": {"uv": [10.5, 0, 11.5, 4], "texture": "#0"},
				"south": {"uv": [9, 0, 10, 4], "texture": "#0"},
				"west": {"uv": [10.5, 0, 11.5, 4], "texture": "#0"},
				"up": {"uv": [9, 0, 10, 4], "texture": "#0"},
				"down": {"uv": [9, 0, 10, 4], "texture": "#0"}
			}
		},
		{
			"from": [7.25, 6.5, 7.75],
			"to": [8.75, 8.5, 8.25],
			"faces": {
				"north": {"uv": [4.5, 3, 6, 5], "texture": "#0"},
				"east": {"uv": [4.5, 3, 5, 5], "texture": "#0"},
				"south": {"uv": [6, 3, 4.5, 5], "texture": "#0"},
				"west": {"uv": [5.5, 3, 6, 5], "texture": "#0"}
			}
		},
		{
			"from": [6.5, 8.5, 7.75],
			"to": [9.5, 9, 8.25],
			"faces": {
				"north": {"uv": [0, 10, 3, 10.5], "texture": "#0"},
				"east": {"uv": [0, 10, 0.5, 10.5], "texture": "#0"},
				"south": {"uv": [3, 10, 0, 10.5], "texture": "#0"},
				"west": {"uv": [2.5, 10, 3, 10.5], "texture": "#0"},
				"up": {"uv": [3, 10, 0, 10.5], "texture": "#0"},
				"down": {"uv": [3, 10, 0, 10.5], "texture": "#0"}
			}
		},
		{
			"from": [7.25, 14, 7.75],
			"to": [8.75, 14.5, 8.25],
			"faces": {
				"north": {"uv": [0.5, 13, 2, 13.5], "texture": "#0"},
				"east": {"uv": [0.5, 13, 1, 13.5], "texture": "#0"},
				"south": {"uv": [2, 13, 0.5, 13.5], "texture": "#0"},
				"west": {"uv": [1.5, 13, 2, 13.5], "texture": "#0"},
				"up": {"uv": [0.5, 13, 2, 13.5], "texture": "#0"},
				"down": {"uv": [0.5, 13, 2, 13.5], "texture": "#0"}
			}
		},
		{
			"from": [6.75, 14.5, 7.75],
			"to": [9.25, 15, 8.25],
			"faces": {
				"north": {"uv": [0, 12.5, 2.5, 13], "texture": "#0"},
				"east": {"uv": [0, 12.5, 0.5, 13], "texture": "#0"},
				"south": {"uv": [2.5, 12.5, 0, 13], "texture": "#0"},
				"west": {"uv": [2, 12.5, 2.5, 13], "texture": "#0"},
				"up": {"uv": [2.5, 12.5, 0, 13], "texture": "#0"},
				"down": {"uv": [2.5, 12.5, 0, 13], "texture": "#0"}
			}
		},
		{
			"from": [7.25, 15, 7.75],
			"to": [8.75, 15.5, 8.25],
			"faces": {
				"north": {"uv": [0.5, 12, 2, 12.5], "texture": "#0"},
				"east": {"uv": [0.5, 12, 1, 12.5], "texture": "#0"},
				"south": {"uv": [2, 12, 0.5, 12.5], "texture": "#0"},
				"west": {"uv": [1.5, 12, 2, 12.5], "texture": "#0"},
				"up": {"uv": [0.5, 12, 2, 12.5], "texture": "#0"},
				"down": {"uv": [0.5, 12, 2, 12.5], "texture": "#0"}
			}
		},
		{
			"from": [7, 15.5, 7.75],
			"to": [9, 17, 8.25],
			"faces": {
				"north": {"uv": [0.5, 2, 2.5, 3.5], "texture": "#0"},
				"east": {"uv": [0.5, 2, 1, 3.5], "texture": "#0"},
				"south": {"uv": [2.5, 2, 0.5, 3.5], "texture": "#0"},
				"west": {"uv": [2, 2, 2.5, 3.5], "texture": "#0"},
				"up": {"uv": [2.5, 2, 0.5, 2.5], "texture": "#0"},
				"down": {"uv": [2.5, 3, 0.5, 3.5], "texture": "#0"}
			}
		},
		{
			"from": [7.5, 17, 7.75],
			"to": [8.5, 19, 8.25],
			"faces": {
				"north": {"uv": [1, 0, 2, 2], "texture": "#0"},
				"east": {"uv": [1, 0, 1.5, 2], "texture": "#0"},
				"south": {"uv": [2, 0, 1, 2], "texture": "#0"},
				"west": {"uv": [1.5, 0, 2, 2], "texture": "#0"},
				"up": {"uv": [2, 0, 1, 0.5], "texture": "#0"},
				"down": {"uv": [1, 0, 2, 2], "texture": "#0"}
			}
		},
		{
			"from": [6.25, 5, 7.5],
			"to": [9.75, 5.5, 8.5],
			"faces": {
				"north": {"uv": [3.5, 6, 7, 6.5], "texture": "#0"},
				"east": {"uv": [11.5, 2.5, 12.5, 3], "texture": "#0"},
				"south": {"uv": [7, 6, 3.5, 6.5], "texture": "#0"},
				"west": {"uv": [11.5, 2, 12.5, 2.5], "texture": "#0"},
				"up": {"uv": [7, 8, 3.5, 9], "texture": "#0"},
				"down": {"uv": [7, 8, 3.5, 9], "texture": "#0"}
			}
		},
		{
			"from": [6.75, 5.5, 7.5],
			"to": [9.25, 6, 8.5],
			"faces": {
				"north": {"uv": [4, 5.5, 6.5, 6], "texture": "#0"},
				"east": {"uv": [11.5, 1.5, 12.5, 2], "texture": "#0"},
				"south": {"uv": [6.5, 5.5, 4, 6], "texture": "#0"},
				"west": {"uv": [11.5, 1, 12.5, 1.5], "texture": "#0"},
				"up": {"uv": [4, 5.5, 6.5, 6], "texture": "#0"},
				"down": {"uv": [4, 5.5, 6.5, 6], "texture": "#0"}
			}
		},
		{
			"from": [5.75, 6, 7.5],
			"to": [10.25, 6.5, 8.5],
			"faces": {
				"north": {"uv": [3, 5, 7.5, 5.5], "texture": "#0"},
				"east": {"uv": [11.5, 0.5, 12.5, 1], "texture": "#0"},
				"south": {"uv": [7.5, 5, 3, 5.5], "texture": "#0"},
				"west": {"uv": [11.5, 0, 12.5, 0.5], "texture": "#0"},
				"up": {"uv": [7.5, 7, 3, 8], "texture": "#0"},
				"down": {"uv": [7.5, 7, 3, 8], "texture": "#0"}
			}
		},
		{
			"from": [7.25, 0.5, 7.5],
			"to": [8.75, 1, 8.5],
			"faces": {
				"north": {"uv": [9, 4, 10.5, 4.5], "texture": "#0"},
				"east": {"uv": [10.5, 4, 11.5, 4.5], "texture": "#0"},
				"south": {"uv": [9, 4, 10.5, 4.5], "texture": "#0"},
				"west": {"uv": [10.5, 4, 11.5, 4.5], "texture": "#0"},
				"up": {"uv": [7.5, 4, 9, 5], "texture": "#0"},
				"down": {"uv": [7.5, 4, 9, 5], "texture": "#0"}
			}
		},
		{
			"from": [7.25, 0, 7.5],
			"to": [8.25, 0.5, 8.5],
			"faces": {
				"north": {"uv": [9.5, 4.5, 10.5, 5], "texture": "#0"},
				"east": {"uv": [10.5, 4.5, 11.5, 5], "texture": "#0"},
				"south": {"uv": [9.5, 4.5, 10.5, 5], "texture": "#0"},
				"west": {"uv": [10.5, 4.5, 11.5, 5], "texture": "#0"},
				"down": {"uv": [8, 5, 9, 6], "texture": "#0"}
			}
		},
		{
			"from": [7, 9, 7.75],
			"to": [9, 14, 8.25],
			"faces": {
				"north": {"uv": [0.5, 5, 2.5, 10], "texture": "#0"},
				"east": {"uv": [0.5, 5, 1, 10], "texture": "#0"},
				"south": {"uv": [2.5, 5, 0.5, 10], "texture": "#0"},
				"west": {"uv": [2, 5, 2.5, 10], "texture": "#0"},
				"up": {"uv": [2.5, 5, 0.5, 5.5], "texture": "#0"},
				"down": {"uv": [0.5, 5, 2.5, 10], "texture": "#0"}
			}
		},
		{
			"from": [7.75, 8, 7.5],
			"to": [8.25, 9.5, 8.5],
			"faces": {
				"north": {"uv": [5, 2, 5.5, 3.5], "texture": "#0"},
				"east": {"uv": [5, 2, 5.5, 3.5], "texture": "#0"},
				"south": {"uv": [5.5, 2, 5, 3.5], "texture": "#0"},
				"west": {"uv": [5, 2, 5.5, 3.5], "texture": "#0"},
				"up": {"uv": [5, 2, 5.5, 2.5], "texture": "#0"},
				"down": {"uv": [5, 3, 5.5, 3.5], "texture": "#0"}
			}
		},
		{
			"from": [7.75, 6.5, 7.5],
			"to": [8.25, 7, 8.5],
			"faces": {
				"north": {"uv": [5, 4.5, 5.5, 5], "texture": "#0"},
				"east": {"uv": [5, 4.5, 5.5, 5], "texture": "#0"},
				"south": {"uv": [5.5, 4.5, 5, 5], "texture": "#0"},
				"west": {"uv": [5, 4.5, 5.5, 5], "texture": "#0"},
				"up": {"uv": [5, 4.5, 5.5, 5], "texture": "#0"},
				"down": {"uv": [5, 4.5, 5.5, 5], "texture": "#0"}
			}
		}
	],
	"display": {
		"thirdperson_righthand": {
			"scale": [1.5, 1.5, 1.5],
			"rotation": [0, 90, 0],
			"translation": [0, 5.5, 2]
		},
		"thirdperson_lefthand": {
			"scale": [1.5, 1.5, 1.5],
			"rotation": [0, -90, 0],
			"translation": [0, 5.5, 2]
		},
		"firstperson_righthand": {
			"rotation": [5, 90, 0],
			"translation": [0, 4, 2]
		},
		"firstperson_lefthand": {
			"rotation": [5, -90, 0],
			"translation": [0, 4, 2]
		},
		"ground": {
			"rotation": [-60, 90, 0],
			"translation": [0, 1, 1.5],
			"scale": [0.75, 0.75, 0.75]
		},
		"fixed": {
			"rotation": [0, 0, 0],
			"translation": [0, -2, 0],
			"scale": [1.5, 1.5, 1.5]
		},
		"gui": {
			"scale": [0.9, 0.9, 0.9],
			"rotation": [22.5, 0, -45],
			"translation": [-1, -1, 0]
		}
	}
}