{
	"textures": {
		"0": "entity/bhaal_stinging",
		"particle": "entity/bhaal_stinging"
	},
	"elements": [
		{
			"from": [10.75, 1.25, 11.75],
			"to": [14.75, 2.25, 12.75],
			"rotation": {"angle": 45, "axis": "z", "origin": [10.5, 1.75, 12.25]},
			"faces": {
				"north": {"uv": [16, 9, 14, 9.5], "texture": "#0", "rotation": 180},
				"south": {"uv": [16, 9, 14, 9.5], "texture": "#0"},
				"up": {"uv": [16, 9, 14, 9.5], "texture": "#0"},
				"down": {"uv": [16, 9, 14, 9.5], "texture": "#0"}
			}
		},
		{
			"from": [9.75, 2.25, 5.5],
			"to": [15.75, 3.25, 6.5],
			"rotation": {"angle": 22.5, "axis": "z", "origin": [11.5, 2.75, 6]},
			"faces": {
				"north": {"uv": [16, 8, 13, 8.5], "texture": "#0", "rotation": 180},
				"south": {"uv": [16, 8, 13, 8.5], "texture": "#0"},
				"up": {"uv": [16, 8, 13, 8.5], "texture": "#0"},
				"down": {"uv": [16, 8, 13, 8.5], "texture": "#0"}
			}
		},
		{
			"from": [9.75, 2.25, 2.5],
			"to": [14.75, 3.25, 3.5],
			"rotation": {"angle": 22.5, "axis": "z", "origin": [10.5, 2.75, 3]},
			"faces": {
				"north": {"uv": [16, 8.5, 13.5, 9], "texture": "#0", "rotation": 180},
				"south": {"uv": [16, 8.5, 13.5, 9], "texture": "#0"},
				"up": {"uv": [16, 8.5, 13.5, 9], "texture": "#0"},
				"down": {"uv": [16, 8.5, 13.5, 9], "texture": "#0"}
			}
		},
		{
			"from": [14.23515, 3.33834, 2.25],
			"to": [20.73515, 4.83834, 3.75],
			"rotation": {"angle": -45, "axis": "z", "origin": [14.23515, 4.83834, 3.25]},
			"faces": {
				"north": {"uv": [11.25, 8.75, 8, 9.5], "texture": "#0", "rotation": 180},
				"east": {"uv": [12.75, 8.75, 12, 9.5], "texture": "#0"},
				"south": {"uv": [11.25, 8.75, 8, 9.5], "texture": "#0"},
				"west": {"uv": [12, 8.75, 11.25, 9.5], "texture": "#0"},
				"up": {"uv": [11.25, 8.75, 8, 9.5], "texture": "#0"},
				"down": {"uv": [11.25, 8.75, 8, 9.5], "texture": "#0"}
			}
		},
		{
			"from": [5.5, 1, 2],
			"to": [10.5, 4, 7],
			"faces": {
				"north": {"uv": [1.75, 1.5, 4.25, 3], "texture": "#0"},
				"east": {"uv": [4.5, 1.5, 1.75, 3], "texture": "#0"},
				"south": {"uv": [0, 0, 2, 4], "texture": "#missing"},
				"west": {"uv": [1.75, 1.5, 4.5, 3], "texture": "#0"},
				"up": {"uv": [1.75, 3, 4.5, 5.5], "texture": "#0", "rotation": 90},
				"down": {"uv": [1.75, 3, 4.5, 5.5], "texture": "#0", "rotation": 270}
			}
		},
		{
			"from": [1.25, 1.25, 8.25],
			"to": [5.25, 2.25, 9.25],
			"rotation": {"angle": -45, "axis": "z", "origin": [5.5, 1.75, 8.75]},
			"faces": {
				"north": {"uv": [14, 9, 16, 9.5], "texture": "#0", "rotation": 180},
				"south": {"uv": [14, 9, 16, 9.5], "texture": "#0"},
				"up": {"uv": [14, 9, 16, 9.5], "texture": "#0"},
				"down": {"uv": [14, 9, 16, 9.5], "texture": "#0"}
			}
		},
		{
			"from": [-5.63948, 4.06931, 8],
			"to": [2.86052, 5.56931, 9.5],
			"rotation": {"angle": 45, "axis": "z", "origin": [1.36052, 5.56931, 9]},
			"faces": {
				"north": {"uv": [8, 8, 12.25, 8.75], "texture": "#0", "rotation": 180},
				"east": {"uv": [11.25, 8.75, 12, 9.5], "texture": "#0"},
				"south": {"uv": [8, 8, 12.25, 8.75], "texture": "#0"},
				"west": {"uv": [12, 8.75, 12.75, 9.5], "texture": "#0"},
				"up": {"uv": [8, 8, 12.25, 8.75], "texture": "#0"},
				"down": {"uv": [8, 8, 12.25, 8.75], "texture": "#0"}
			}
		},
		{
			"from": [0.25, 2.25, 5.5],
			"to": [6.25, 3.25, 6.5],
			"rotation": {"angle": -22.5, "axis": "z", "origin": [4.5, 2.75, 6]},
			"faces": {
				"north": {"uv": [13, 8, 16, 8.5], "texture": "#0", "rotation": 180},
				"south": {"uv": [13, 8, 16, 8.5], "texture": "#0"},
				"up": {"uv": [13, 8, 16, 8.5], "texture": "#0"},
				"down": {"uv": [13, 8, 16, 8.5], "texture": "#0"}
			}
		},
		{
			"from": [-4.73515, 3.33834, 2.25],
			"to": [1.76485, 4.83834, 3.75],
			"rotation": {"angle": 45, "axis": "z", "origin": [1.76485, 4.83834, 3.25]},
			"faces": {
				"north": {"uv": [8, 8.75, 11.25, 9.5], "texture": "#0", "rotation": 180},
				"east": {"uv": [11.25, 8.75, 12, 9.5], "texture": "#0"},
				"south": {"uv": [8, 8.75, 11.25, 9.5], "texture": "#0"},
				"west": {"uv": [11.25, 8.75, 12, 9.5], "texture": "#0"},
				"up": {"uv": [8, 8.75, 11.25, 9.5], "texture": "#0"},
				"down": {"uv": [8, 8.75, 11.25, 9.5], "texture": "#0"}
			}
		},
		{
			"from": [1.25, 2.25, 2.5],
			"to": [6.25, 3.25, 3.5],
			"rotation": {"angle": -22.5, "axis": "z", "origin": [5.5, 2.75, 3]},
			"faces": {
				"north": {"uv": [13.5, 8.5, 16, 9], "texture": "#0", "rotation": 180},
				"south": {"uv": [13.5, 8.5, 16, 9], "texture": "#0"},
				"up": {"uv": [13.5, 8.5, 16, 9], "texture": "#0"},
				"down": {"uv": [13.5, 8.5, 16, 9], "texture": "#0"}
			}
		},
		{
			"from": [8.5, 1.5, 1.5],
			"to": [13.5, 3.5, 2.5],
			"rotation": {"angle": 22.5, "axis": "y", "origin": [10, 2.25, 2]},
			"faces": {
				"north": {"uv": [0.25, 3, 1.25, 5.5], "texture": "#0", "rotation": 90},
				"south": {"uv": [0.25, 3, 1.25, 5.5], "texture": "#0", "rotation": 90},
				"up": {"uv": [1.25, 3, 1.75, 5.5], "texture": "#0", "rotation": 90},
				"down": {"uv": [1.25, 3, 1.75, 5.5], "texture": "#0", "rotation": 90}
			}
		},
		{
			"from": [0.75, 1.25, -2.75],
			"to": [5.75, 3.75, 0.75],
			"rotation": {"angle": 22.5, "axis": "y", "origin": [3.25, 2.5, -1]},
			"faces": {
				"north": {"uv": [8.75, 2.5, 10, 5], "texture": "#0", "rotation": 270},
				"east": {"uv": [14.25, 2.25, 16, 3.5], "texture": "#0"},
				"south": {"uv": [8.75, 5, 10, 7.5], "texture": "#0", "rotation": 270},
				"west": {"uv": [14.25, 2.25, 16, 3.5], "texture": "#0", "rotation": 180},
				"up": {"uv": [14.25, 6.75, 16, 4.25], "texture": "#0", "rotation": 90},
				"down": {"uv": [14.25, 4.25, 16, 6.75], "texture": "#0", "rotation": 270}
			}
		},
		{
			"from": [10.25, 1.25, -2.75],
			"to": [15.25, 3.75, 0.75],
			"rotation": {"angle": -22.5, "axis": "y", "origin": [12.75, 2.5, -1]},
			"faces": {
				"north": {"uv": [8.75, 2.5, 10, 5], "texture": "#0", "rotation": 90},
				"east": {"uv": [14.25, 2.25, 16, 3.5], "texture": "#0"},
				"south": {"uv": [8.75, 5, 10, 7.5], "texture": "#0", "rotation": 90},
				"west": {"uv": [14.25, 2.25, 16, 3.5], "texture": "#0", "rotation": 180},
				"up": {"uv": [14.25, 4.25, 16, 6.75], "texture": "#0", "rotation": 90},
				"down": {"uv": [14.25, 6.75, 16, 4.25], "texture": "#0", "rotation": 270}
			}
		},
		{
			"from": [4.75, 1, 7],
			"to": [11.25, 6, 14],
			"faces": {
				"north": {"uv": [4.5, 1.5, 7.75, 4], "texture": "#0"},
				"east": {"uv": [8, 1.5, 4.5, 4], "texture": "#0"},
				"south": {"uv": [4.5, 1.5, 7.75, 4], "texture": "#0"},
				"west": {"uv": [4.5, 1.5, 8, 4], "texture": "#0"},
				"up": {"uv": [4.5, 4, 8, 7.25], "texture": "#0", "rotation": 90},
				"down": {"uv": [4.5, 4, 8, 7.25], "texture": "#0", "rotation": 270}
			}
		},
		{
			"from": [6.75, 3.5, 2.5],
			"to": [7.75, 4.5, 3.5],
			"rotation": {"angle": 22.5, "axis": "x", "origin": [7.25, 4.25, 3]},
			"faces": {
				"north": {"uv": [4.25, 0, 4.75, 0.5], "texture": "#0"},
				"east": {"uv": [4.25, 0, 4.75, 0.5], "texture": "#0"},
				"south": {"uv": [3.75, 0, 4.25, 0.5], "texture": "#0"},
				"west": {"uv": [4.25, 0, 4.75, 0.5], "texture": "#0"},
				"up": {"uv": [3.75, 0, 4.25, 0.5], "texture": "#0"}
			}
		},
		{
			"from": [6, 1, 1],
			"to": [10, 3, 2],
			"faces": {
				"north": {"uv": [8.75, 1.5, 10.75, 2.5], "texture": "#0"},
				"east": {"uv": [9.5, 1.5, 10, 2.5], "texture": "#0"},
				"west": {"uv": [9.5, 1.5, 10, 2.5], "texture": "#0"},
				"up": {"uv": [8.75, 1.5, 10.75, 2], "texture": "#0"},
				"down": {"uv": [8.75, 2, 10.75, 2.5], "texture": "#0"}
			}
		},
		{
			"from": [8.5, -0.25, 0.5],
			"to": [9.5, 3.25, 2],
			"faces": {
				"north": {"uv": [8, 1.5, 8.5, 3.25], "texture": "#0"},
				"east": {"uv": [8, 1.5, 8.75, 3.25], "texture": "#0"},
				"south": {"uv": [8, 1.5, 8.5, 3.25], "texture": "#0"},
				"west": {"uv": [8, 1.5, 8.75, 3.25], "texture": "#0"},
				"up": {"uv": [8, 1.5, 8.5, 2.25], "texture": "#0"},
				"down": {"uv": [8, 1.5, 8.5, 2.25], "texture": "#0"}
			}
		},
		{
			"from": [1.25, 1.5, -6.25],
			"to": [3.75, 3.5, -2.75],
			"rotation": {"angle": 22.5, "axis": "y", "origin": [3.25, 2.5, -1]},
			"faces": {
				"north": {"uv": [14.75, 3.25, 16, 2.25], "texture": "#0"},
				"east": {"uv": [10.25, 4.75, 12, 5.75], "texture": "#0", "rotation": 180},
				"south": {"uv": [0, 10.5, 3.5, 8], "texture": "#0", "rotation": 90},
				"west": {"uv": [14.25, 2.25, 16, 3.25], "texture": "#0", "rotation": 180},
				"up": {"uv": [12.5, 5.75, 14.25, 4.5], "texture": "#0", "rotation": 90},
				"down": {"uv": [12.5, 4.5, 14.25, 5.75], "texture": "#0", "rotation": 270}
			}
		},
		{
			"from": [3.04224, 2, -5.80813],
			"to": [4.54224, 3, -2.80813],
			"rotation": {"angle": 0, "axis": "y", "origin": [3.04224, 2.5, -2.80813]},
			"faces": {
				"north": {"uv": [10.5, 6.25, 11.25, 6.75], "texture": "#0", "rotation": 180},
				"east": {"uv": [10.5, 6.75, 12, 6.25], "texture": "#0"},
				"south": {"uv": [13, 16, 16, 14.5], "texture": "#0", "rotation": 90},
				"west": {"uv": [10.5, 5.75, 12, 6.25], "texture": "#0"},
				"up": {"uv": [12.75, 6.5, 14.25, 5.75], "texture": "#0", "rotation": 90},
				"down": {"uv": [12.75, 5.75, 14.25, 6.5], "texture": "#0", "rotation": 270}
			}
		},
		{
			"from": [12.25, 1.5, -6.25],
			"to": [14.75, 3.5, -2.75],
			"rotation": {"angle": -22.5, "axis": "y", "origin": [12.75, 2.5, -1]},
			"faces": {
				"north": {"uv": [14, 2.25, 15.25, 3.25], "texture": "#0"},
				"east": {"uv": [14.25, 2.25, 16, 3.25], "texture": "#0"},
				"south": {"uv": [0, 8, 3.5, 10.5], "texture": "#0", "rotation": 90},
				"west": {"uv": [10.25, 4.75, 12, 5.75], "texture": "#0"},
				"up": {"uv": [12.5, 4.5, 14.25, 5.75], "texture": "#0", "rotation": 90},
				"down": {"uv": [12.5, 5.75, 14.25, 4.5], "texture": "#0", "rotation": 270}
			}
		},
		{
			"from": [11.45776, 2, -5.80813],
			"to": [12.95776, 3, -2.80813],
			"rotation": {"angle": 0, "axis": "y", "origin": [12.95776, 2.5, -2.80813]},
			"faces": {
				"north": {"uv": [10.5, 6.25, 11.25, 6.75], "texture": "#0"},
				"east": {"uv": [10.5, 5.75, 12, 6.25], "texture": "#0", "rotation": 180},
				"south": {"uv": [13, 14.5, 16, 16], "texture": "#0", "rotation": 90},
				"west": {"uv": [10.5, 6.25, 12, 6.75], "texture": "#0"},
				"up": {"uv": [12.75, 5.75, 14.25, 6.5], "texture": "#0", "rotation": 90},
				"down": {"uv": [12.75, 6.5, 14.25, 5.75], "texture": "#0", "rotation": 270}
			}
		},
		{
			"from": [13.13948, 4.06931, 8],
			"to": [21.63948, 5.56931, 9.5],
			"rotation": {"angle": -45, "axis": "z", "origin": [14.63948, 5.56931, 9]},
			"faces": {
				"north": {"uv": [12.25, 8, 8, 8.75], "texture": "#0", "rotation": 180},
				"east": {"uv": [12.75, 8.75, 12, 9.5], "texture": "#0"},
				"south": {"uv": [12.25, 8, 8, 8.75], "texture": "#0"},
				"west": {"uv": [12, 8.75, 11.25, 9.5], "texture": "#0"},
				"up": {"uv": [12.25, 8, 8, 8.75], "texture": "#0"},
				"down": {"uv": [12.25, 8, 8, 8.75], "texture": "#0"}
			}
		},
		{
			"from": [6.5, -0.25, 0.5],
			"to": [7.5, 3.25, 2],
			"faces": {
				"north": {"uv": [8, 1.5, 8.5, 3.25], "texture": "#0"},
				"east": {"uv": [8, 1.5, 8.75, 3.25], "texture": "#0"},
				"south": {"uv": [8, 1.5, 8.5, 3.25], "texture": "#0"},
				"west": {"uv": [8, 1.5, 8.75, 3.25], "texture": "#0"},
				"up": {"uv": [8, 1.5, 8.5, 2.25], "texture": "#0"},
				"down": {"uv": [8, 1.5, 8.5, 2.25], "texture": "#0"}
			}
		},
		{
			"from": [8.25, 3.5, 2.5],
			"to": [9.25, 4.5, 3.5],
			"rotation": {"angle": 22.5, "axis": "x", "origin": [8.75, 4.25, 3]},
			"faces": {
				"north": {"uv": [4.25, 0, 4.75, 0.5], "texture": "#0"},
				"east": {"uv": [4.25, 0, 4.75, 0.5], "texture": "#0"},
				"south": {"uv": [3.75, 0, 4.25, 0.5], "texture": "#0"},
				"west": {"uv": [4.25, 0, 4.75, 0.5], "texture": "#0"},
				"up": {"uv": [3.75, 0, 4.25, 0.5], "texture": "#0"}
			}
		},
		{
			"from": [-5.73515, 3.33834, 5.25],
			"to": [0.76485, 4.83834, 6.75],
			"rotation": {"angle": 45, "axis": "z", "origin": [0.76485, 4.83834, 6.25]},
			"faces": {
				"north": {"uv": [8, 8.75, 11.25, 9.5], "texture": "#0", "rotation": 180},
				"east": {"uv": [11.25, 8.75, 12, 9.5], "texture": "#0"},
				"south": {"uv": [8, 8.75, 11.25, 9.5], "texture": "#0"},
				"west": {"uv": [11.25, 8.75, 12, 9.5], "texture": "#0"},
				"up": {"uv": [8, 8.75, 11.25, 9.5], "texture": "#0"},
				"down": {"uv": [8, 8.75, 11.25, 9.5], "texture": "#0"}
			}
		},
		{
			"from": [15.23515, 3.33834, 5.25],
			"to": [21.73515, 4.83834, 6.75],
			"rotation": {"angle": -45, "axis": "z", "origin": [15.23515, 4.83834, 6.25]},
			"faces": {
				"north": {"uv": [11.25, 8.75, 8, 9.5], "texture": "#0", "rotation": 180},
				"east": {"uv": [12.75, 8.75, 12, 9.5], "texture": "#0"},
				"south": {"uv": [11.25, 8.75, 8, 9.5], "texture": "#0"},
				"west": {"uv": [12, 8.75, 11.25, 9.5], "texture": "#0"},
				"up": {"uv": [11.25, 8.75, 8, 9.5], "texture": "#0"},
				"down": {"uv": [11.25, 8.75, 8, 9.5], "texture": "#0"}
			}
		},
		{
			"from": [-5.63948, 4.06931, 11.5],
			"to": [2.86052, 5.56931, 13],
			"rotation": {"angle": 45, "axis": "z", "origin": [1.36052, 5.56931, 12.5]},
			"faces": {
				"north": {"uv": [8, 8, 12.25, 8.75], "texture": "#0", "rotation": 180},
				"east": {"uv": [11.25, 8.75, 12, 9.5], "texture": "#0"},
				"south": {"uv": [8, 8, 12.25, 8.75], "texture": "#0"},
				"west": {"uv": [12, 8.75, 12.75, 9.5], "texture": "#0"},
				"up": {"uv": [8, 8, 12.25, 8.75], "texture": "#0"},
				"down": {"uv": [8, 8, 12.25, 8.75], "texture": "#0"}
			}
		},
		{
			"from": [13.13948, 4.06931, 11.5],
			"to": [21.63948, 5.56931, 13],
			"rotation": {"angle": -45, "axis": "z", "origin": [14.63948, 5.56931, 12.5]},
			"faces": {
				"north": {"uv": [12.25, 8, 8, 8.75], "texture": "#0", "rotation": 180},
				"east": {"uv": [12.75, 8.75, 12, 9.5], "texture": "#0"},
				"south": {"uv": [12.25, 8, 8, 8.75], "texture": "#0"},
				"west": {"uv": [12, 8.75, 11.25, 9.5], "texture": "#0"},
				"up": {"uv": [12.25, 8, 8, 8.75], "texture": "#0"},
				"down": {"uv": [12.25, 8, 8, 8.75], "texture": "#0"}
			}
		},
		{
			"from": [1.25, 1.25, 11.75],
			"to": [5.25, 2.25, 12.75],
			"rotation": {"angle": -45, "axis": "z", "origin": [5.5, 1.75, 12.25]},
			"faces": {
				"north": {"uv": [14, 9, 16, 9.5], "texture": "#0", "rotation": 180},
				"south": {"uv": [14, 9, 16, 9.5], "texture": "#0"},
				"up": {"uv": [14, 9, 16, 9.5], "texture": "#0"},
				"down": {"uv": [14, 9, 16, 9.5], "texture": "#0"}
			}
		},
		{
			"from": [10.75, 1.25, 8.25],
			"to": [14.75, 2.25, 9.25],
			"rotation": {"angle": 45, "axis": "z", "origin": [10.5, 1.75, 8.75]},
			"faces": {
				"north": {"uv": [16, 9, 14, 9.5], "texture": "#0", "rotation": 180},
				"south": {"uv": [16, 9, 14, 9.5], "texture": "#0"},
				"up": {"uv": [16, 9, 14, 9.5], "texture": "#0"},
				"down": {"uv": [16, 9, 14, 9.5], "texture": "#0"}
			}
		},
		{
			"from": [2.5, 1.5, 1.5],
			"to": [7.5, 3.5, 2.5],
			"rotation": {"angle": -22.5, "axis": "y", "origin": [6, 2.25, 2]},
			"faces": {
				"north": {"uv": [0.25, 3, 1.25, 5.5], "texture": "#0", "rotation": 90},
				"south": {"uv": [0.25, 3, 1.25, 5.5], "texture": "#0", "rotation": 90},
				"up": {"uv": [1.25, 3, 1.75, 5.5], "texture": "#0", "rotation": 270},
				"down": {"uv": [1.25, 3, 1.75, 5.5], "texture": "#0", "rotation": 270}
			}
		},
		{
			"from": [11.45776, 2, -5.80813],
			"to": [12.95776, 3, -2.80813],
			"rotation": {"angle": -22.5, "axis": "y", "origin": [12.95776, 2.5, -2.80813]},
			"faces": {
				"north": {"uv": [10.5, 7.25, 11.25, 7.75], "texture": "#0"},
				"east": {"uv": [10.5, 6.75, 12, 7.25], "texture": "#0", "rotation": 180},
				"south": {"uv": [13, 14.5, 16, 16], "texture": "#0", "rotation": 90},
				"west": {"uv": [10.5, 7.25, 12, 7.75], "texture": "#0"},
				"up": {"uv": [12.75, 6.75, 14.25, 7.5], "texture": "#0", "rotation": 90},
				"down": {"uv": [12.75, 7.5, 14.25, 6.75], "texture": "#0", "rotation": 270}
			}
		},
		{
			"from": [3.04224, 2, -5.80813],
			"to": [4.54224, 3, -2.80813],
			"rotation": {"angle": 22.5, "axis": "y", "origin": [3.04224, 2.5, -2.80813]},
			"faces": {
				"north": {"uv": [10.5, 7.25, 11.25, 7.75], "texture": "#0", "rotation": 180},
				"east": {"uv": [10.5, 7.75, 12, 7.25], "texture": "#0"},
				"west": {"uv": [10.5, 6.75, 12, 7.25], "texture": "#0"},
				"up": {"uv": [12.75, 7.5, 14.25, 6.75], "texture": "#0", "rotation": 90},
				"down": {"uv": [12.75, 6.75, 14.25, 7.5], "texture": "#0", "rotation": 270}
			}
		},
		{
			"from": [7.5, 12.22465, 4.81337],
			"to": [8.5, 13.22465, 9.81337],
			"rotation": {"angle": -22.5, "axis": "x", "origin": [8, 13.97465, 8.81337]},
			"faces": {
				"north": {"uv": [0, 0, 0.5, 0.5], "texture": "#0"},
				"east": {"uv": [0, 0, 2.5, 0.5], "texture": "#0", "rotation": 180},
				"west": {"uv": [0, 0, 2.5, 0.5], "texture": "#0"},
				"up": {"uv": [0, 0, 2.5, 0.5], "texture": "#0", "rotation": 90},
				"down": {"uv": [0, 0, 2.5, 0.5], "texture": "#0", "rotation": 270}
			}
		},
		{
			"from": [6.5, 12.72465, 6.81337],
			"to": [9.5, 15.22465, 10.81337],
			"rotation": {"angle": -22.5, "axis": "x", "origin": [8, 13.97465, 8.81337]},
			"faces": {
				"north": {"uv": [7.5, 9.5, 9, 11], "texture": "#0"},
				"east": {"uv": [7, 9.5, 9, 11], "texture": "#0"},
				"south": {"uv": [7, 9.5, 8.5, 11], "texture": "#0"},
				"west": {"uv": [7, 9.5, 9, 11], "texture": "#0"},
				"up": {"uv": [7, 9.5, 9, 11], "texture": "#0", "rotation": 90},
				"down": {"uv": [7, 9.5, 9, 11], "texture": "#0"}
			}
		},
		{
			"from": [7.25, 12.96298, 12.56389],
			"to": [8.75, 14.96298, 14.56389],
			"rotation": {"angle": -45, "axis": "x", "origin": [8, 9.96298, 13.31389]},
			"faces": {
				"north": {"uv": [10, 12.25, 11, 13], "texture": "#0", "rotation": 90},
				"east": {"uv": [10.5, 11.75, 11.5, 12.75], "texture": "#0", "rotation": 90},
				"south": {"uv": [10.5, 11.75, 11.5, 12.5], "texture": "#0", "rotation": 90},
				"west": {"uv": [10.5, 11.75, 11.5, 12.75], "texture": "#0", "rotation": 90}
			}
		},
		{
			"from": [6.75, 9.96298, 12.06389],
			"to": [9.25, 12.96298, 15.06389],
			"rotation": {"angle": -45, "axis": "x", "origin": [8, 9.96298, 13.31389]},
			"faces": {
				"north": {"uv": [10.25, 10.25, 11.5, 11.75], "texture": "#0"},
				"east": {"uv": [10, 9.5, 11.5, 11], "texture": "#0"},
				"south": {"uv": [10.25, 9.5, 11.5, 11], "texture": "#0"},
				"west": {"uv": [10, 9.5, 11.5, 11], "texture": "#0"},
				"up": {"uv": [9, 9.5, 10.25, 11], "texture": "#0"},
				"down": {"uv": [9, 10.25, 10.25, 11.75], "texture": "#0"}
			}
		},
		{
			"from": [7.25, 9, 13.75],
			"to": [8.75, 11, 15.25],
			"rotation": {"angle": -22.5, "axis": "x", "origin": [8, 7, 14]},
			"faces": {
				"north": {"uv": [10.25, 12.75, 11.25, 13.5], "texture": "#0", "rotation": 90},
				"east": {"uv": [10.25, 12.75, 11.25, 13.5], "texture": "#0", "rotation": 90},
				"south": {"uv": [10.25, 12.75, 11.25, 13.5], "texture": "#0", "rotation": 90},
				"west": {"uv": [10.25, 12.75, 11.25, 13.5], "texture": "#0", "rotation": 90}
			}
		},
		{
			"from": [6.5, 5.5, 13],
			"to": [9.5, 9, 16],
			"rotation": {"angle": -22.5, "axis": "x", "origin": [8, 7, 14]},
			"faces": {
				"north": {"uv": [9.25, 9.75, 10.75, 11.5], "texture": "#0"},
				"east": {"uv": [9.75, 9.75, 11.25, 11.5], "texture": "#0"},
				"south": {"uv": [9.75, 9.75, 11.25, 11.5], "texture": "#0"},
				"west": {"uv": [9.75, 9.75, 11.25, 11.5], "texture": "#0"},
				"up": {"uv": [9.25, 10, 10.75, 11.5], "texture": "#0"},
				"down": {"uv": [9.5, 10, 11, 11.5], "texture": "#0"}
			}
		},
		{
			"from": [7, 3.5, 12.75],
			"to": [9, 7.5, 15.75],
			"rotation": {"angle": 0, "axis": "x", "origin": [8, 6.5, 14]},
			"faces": {
				"north": {"uv": [10.5, 11.75, 11.5, 13.75], "texture": "#0"},
				"east": {"uv": [10, 11.75, 11.5, 13.75], "texture": "#0"},
				"south": {"uv": [10.5, 11.75, 11.5, 13.75], "texture": "#0"},
				"west": {"uv": [10, 11.75, 11.5, 13.75], "texture": "#0"}
			}
		},
		{
			"from": [5.5, 2, 11.75],
			"to": [10.5, 6.5, 15.75],
			"rotation": {"angle": -22.5, "axis": "x", "origin": [8, 4, 14]},
			"faces": {
				"east": {"uv": [9.5, 9.5, 11.5, 11.75], "texture": "#0"},
				"south": {"uv": [9, 9.5, 11.5, 11.75], "texture": "#0"},
				"west": {"uv": [9.5, 9.5, 11.5, 11.75], "texture": "#0"},
				"up": {"uv": [9, 9.5, 11.5, 11.5], "texture": "#0"},
				"down": {"uv": [9, 9.75, 11.5, 11.75], "texture": "#0"}
			}
		},
		{
			"from": [7.5, 10.22465, 0.81337],
			"to": [8.5, 11.22465, 7.31337],
			"rotation": {"angle": -22.5, "axis": "x", "origin": [8, 11.97465, 6.31337]},
			"faces": {
				"north": {"uv": [0, 0.5, 0.5, 1], "texture": "#0"},
				"east": {"uv": [0, 0.5, 3.25, 1], "texture": "#0", "rotation": 180},
				"west": {"uv": [0, 0.5, 3.25, 1], "texture": "#0"},
				"up": {"uv": [0, 0.5, 3.25, 1], "texture": "#0", "rotation": 90},
				"down": {"uv": [0, 0.5, 3.25, 1], "texture": "#0", "rotation": 270}
			}
		},
		{
			"from": [6.5, 10.72465, 4.31337],
			"to": [9.5, 13.22465, 8.31337],
			"rotation": {"angle": -22.5, "axis": "x", "origin": [8, 11.97465, 6.31337]},
			"faces": {
				"north": {"uv": [12, 9.5, 13.5, 11], "texture": "#0"},
				"east": {"uv": [11.5, 9.5, 13.5, 11], "texture": "#0"},
				"south": {"uv": [11.5, 9.5, 13, 11], "texture": "#0"},
				"west": {"uv": [11.5, 9.5, 13.5, 11], "texture": "#0"},
				"up": {"uv": [11.5, 9.5, 13.5, 11], "texture": "#0", "rotation": 90},
				"down": {"uv": [11.5, 9.5, 13.5, 11], "texture": "#0"}
			}
		},
		{
			"from": [7.25, 10.30397, 7.41224],
			"to": [8.75, 12.30397, 9.41224],
			"rotation": {"angle": 22.5, "axis": "x", "origin": [8, 11.05397, 9.16224]},
			"faces": {
				"east": {"uv": [15, 11.75, 16, 12.75], "texture": "#0", "rotation": 180},
				"west": {"uv": [15, 11.75, 16, 12.75], "texture": "#0"},
				"up": {"uv": [15, 11.75, 16, 12.5], "texture": "#0", "rotation": 90},
				"down": {"uv": [14.5, 12.25, 15.5, 13], "texture": "#0", "rotation": 270}
			}
		},
		{
			"from": [6.75, 8.71298, 9.31389],
			"to": [9.25, 11.71298, 12.31389],
			"rotation": {"angle": 22.5, "axis": "x", "origin": [8, 10.71298, 12.56389]},
			"faces": {
				"north": {"uv": [13.5, 9.5, 14.75, 11], "texture": "#0", "rotation": 180},
				"east": {"uv": [14.5, 9.5, 16, 11], "texture": "#0", "rotation": 90},
				"south": {"uv": [13.5, 10.25, 14.75, 11.75], "texture": "#0"},
				"west": {"uv": [14.5, 9.5, 16, 11], "texture": "#0", "rotation": 270},
				"up": {"uv": [14.75, 9.5, 16, 11], "texture": "#0"},
				"down": {"uv": [14.5, 10.25, 16, 11.75], "texture": "#0", "rotation": 180}
			}
		},
		{
			"from": [7.25, 9.0391, 12.19657],
			"to": [8.75, 11.0391, 13.69657],
			"rotation": {"angle": -45, "axis": "x", "origin": [8, 9.5391, 12.94657]},
			"faces": {
				"north": {"uv": [14.75, 12.75, 15.75, 13.5], "texture": "#0", "rotation": 90},
				"east": {"uv": [14.75, 12.75, 15.75, 13.5], "texture": "#0", "rotation": 90},
				"south": {"uv": [14.75, 12.75, 15.75, 13.5], "texture": "#0", "rotation": 90},
				"west": {"uv": [14.75, 12.75, 15.75, 13.5], "texture": "#0", "rotation": 90}
			}
		},
		{
			"from": [6.5, 6, 12.5],
			"to": [9.5, 9.5, 15.5],
			"rotation": {"angle": -22.5, "axis": "x", "origin": [8, 7.5, 13.5]},
			"faces": {
				"north": {"uv": [13.75, 9.75, 15.25, 11.5], "texture": "#0"},
				"east": {"uv": [14.25, 9.75, 15.75, 11.5], "texture": "#0"},
				"south": {"uv": [13.75, 9.75, 15.25, 11.5], "texture": "#0"},
				"west": {"uv": [14.25, 9.75, 15.75, 11.5], "texture": "#0"},
				"up": {"uv": [14, 10, 15.5, 11.5], "texture": "#0"},
				"down": {"uv": [14, 10, 15.5, 11.5], "texture": "#0"}
			}
		},
		{
			"from": [7, 4, 12.25],
			"to": [9, 8, 15.25],
			"rotation": {"angle": 0, "axis": "x", "origin": [8, 7, 13.5]},
			"faces": {
				"north": {"uv": [15, 11.75, 16, 13.75], "texture": "#0"},
				"east": {"uv": [14.5, 11.75, 16, 13.75], "texture": "#0"},
				"south": {"uv": [15, 11.75, 16, 13.75], "texture": "#0"},
				"west": {"uv": [14.5, 11.75, 16, 13.75], "texture": "#0"}
			}
		},
		{
			"from": [5.5, 2.5, 11.25],
			"to": [10.5, 7, 15.25],
			"rotation": {"angle": -22.5, "axis": "x", "origin": [8, 4.5, 13.5]},
			"faces": {
				"east": {"uv": [14, 9.5, 16, 11.75], "texture": "#0"},
				"south": {"uv": [13.5, 9.5, 16, 11.75], "texture": "#0"},
				"west": {"uv": [14, 9.5, 16, 11.75], "texture": "#0"},
				"up": {"uv": [13.5, 9.5, 16, 11.5], "texture": "#0"},
				"down": {"uv": [13.5, 9.75, 16, 11.75], "texture": "#0"}
			}
		}
	],
	"display": {
		"head": {
			"scale": [3.2, 3.2, 3.2],
			"translation": [0, -17, 0]
		}
	},
	"groups": [0, 1, 2, 3, 4, 5, 6, 7, 8, 9, 10, 11, 12, 13, 14, 15, 16, 17, 18, 19, 20, 21, 22, 23, 24, 25, 26, 27, 28, 29, 30, 31, 32,
		{
			"name": "tail",
			"isOpen": true,
			"shade": true,
			"display": {
				"visibility": true,
				"autouv": true
			},
			"children": [33, 34, 35, 36, 37, 38, 39, 40]
		},
		{
			"name": "tail_2",
			"isOpen": true,
			"shade": true,
			"display": {
				"visibility": true,
				"autouv": true
			},
			"children": [41, 42, 43, 44, 45, 46, 47, 48]
		}
	]
}