{
	"credit": "by Katniss",
	"elements": [
		{
			"from": [5.75, 0, 2.5],
			"to": [10.25, 3, 5],
			"color": 0,
			"faces": {
				"north": {"uv": [0, 0, 4.5, 3], "texture": "#missing"},
				"east": {"uv": [0, 0, 2.5, 3], "texture": "#missing"},
				"south": {"uv": [0, 0, 4.5, 3], "texture": "#missing"},
				"west": {"uv": [0, 0, 2.5, 3], "texture": "#missing"},
				"up": {"uv": [0, 0, 4.5, 2.5], "texture": "#missing"},
				"down": {"uv": [0, 0, 4.5, 2.5], "texture": "#missing"}
			}
		},
		{
			"from": [4.75, 0, 5],
			"to": [11.25, 3.5, 10.5],
			"color": 0,
			"faces": {
				"north": {"uv": [0, 0, 6.5, 3.5], "texture": "#missing"},
				"east": {"uv": [0, 0, 5.5, 3.5], "texture": "#missing"},
				"south": {"uv": [0, 0, 6.5, 3.5], "texture": "#missing"},
				"west": {"uv": [0, 0, 5.5, 3.5], "texture": "#missing"},
				"up": {"uv": [0, 0, 6.5, 5.5], "texture": "#missing"},
				"down": {"uv": [0, 0, 6.5, 5.5], "texture": "#missing"}
			}
		},
		{
			"from": [6.5, 1.25, 10.5],
			"to": [9.5, 3.25, 12],
			"color": 0,
			"faces": {
				"north": {"uv": [0, 0, 3, 2], "texture": "#missing"},
				"east": {"uv": [0, 0, 1.5, 2], "texture": "#missing"},
				"south": {"uv": [0, 0, 3, 2], "texture": "#missing"},
				"west": {"uv": [0, 0, 1.5, 2], "texture": "#missing"},
				"up": {"uv": [0, 0, 3, 1.5], "texture": "#missing"},
				"down": {"uv": [0, 0, 3, 1.5], "texture": "#missing"}
			}
		},
		{
			"from": [5, 0, 11.5],
			"to": [11, 4.5, 14.5],
			"rotation": {"angle": -22.5, "axis": "x", "origin": [8, 2, 10.5]},
			"color": 0,
			"faces": {
				"north": {"uv": [0, 0, 6, 4.5], "texture": "#missing"},
				"east": {"uv": [0, 0, 3, 4.5], "texture": "#missing"},
				"south": {"uv": [0, 0, 6, 4.5], "texture": "#missing"},
				"west": {"uv": [0, 0, 3, 4.5], "texture": "#missing"},
				"up": {"uv": [0, 0, 6, 3], "texture": "#missing"},
				"down": {"uv": [0, 0, 6, 3], "texture": "#missing"}
			}
		},
		{
			"from": [3.5, -0.5, 14.5],
			"to": [12.5, 6, 20.5],
			"rotation": {"angle": -22.5, "axis": "x", "origin": [8, 2, 10.5]},
			"color": 0,
			"faces": {
				"north": {"uv": [0, 0, 9, 6.5], "texture": "#missing"},
				"east": {"uv": [0, 0, 6, 6.5], "texture": "#missing"},
				"south": {"uv": [0, 0, 9, 6.5], "texture": "#missing"},
				"west": {"uv": [0, 0, 6, 6.5], "texture": "#missing"},
				"up": {"uv": [0, 0, 9, 6], "texture": "#missing"},
				"down": {"uv": [0, 0, 9, 6], "texture": "#missing"}
			}
		},
		{
			"from": [4.5, 0.5, 20.5],
			"to": [11.5, 5.5, 23],
			"rotation": {"angle": -22.5, "axis": "x", "origin": [8, 2, 10.5]},
			"color": 0,
			"faces": {
				"north": {"uv": [0, 0, 7, 5], "texture": "#missing"},
				"east": {"uv": [0, 0, 2.5, 5], "texture": "#missing"},
				"south": {"uv": [0, 0, 7, 5], "texture": "#missing"},
				"west": {"uv": [0, 0, 2.5, 5], "texture": "#missing"},
				"up": {"uv": [0, 0, 7, 2.5], "texture": "#missing"},
				"down": {"uv": [0, 0, 7, 2.5], "texture": "#missing"}
			}
		},
		{
			"from": [-5, 0, 6.75],
			"to": [5, 1.5, 8.25],
			"rotation": {"angle": -45, "axis": "z", "origin": [5, 0, 7.5]},
			"color": 2,
			"faces": {
				"north": {"uv": [0, 0, 10, 1.5], "texture": "#missing"},
				"east": {"uv": [0, 0, 1.5, 1.5], "texture": "#missing"},
				"south": {"uv": [0, 0, 10, 1.5], "texture": "#missing"},
				"west": {"uv": [0, 0, 1.5, 1.5], "texture": "#missing"},
				"up": {"uv": [0, 0, 10, 1.5], "texture": "#missing"},
				"down": {"uv": [0, 0, 10, 1.5], "texture": "#missing"}
			}
		},
		{
			"from": [-14.61396, 6.27817, 7],
			"to": [-0.61396, 7.27817, 8],
			"rotation": {"angle": 45, "axis": "z", "origin": [-1.36396, 7.77817, 7.5]},
			"color": 2,
			"faces": {
				"north": {"uv": [0, 0, 14, 1], "texture": "#missing"},
				"east": {"uv": [0, 0, 1, 1], "rotation": 180, "texture": "#missing"},
				"south": {"uv": [0, 0, 14, 1], "texture": "#missing"},
				"west": {"uv": [0, 0, 1, 1], "rotation": 180, "texture": "#missing"},
				"up": {"uv": [0, 0, 14, 1], "rotation": 180, "texture": "#missing"},
				"down": {"uv": [0, 0, 14, 1], "rotation": 180, "texture": "#missing"}
			}
		}
	]
}