{
	"parent": "block/block_head",
	"textures": {
		"0": "_block/spike_trap",
		"1": "_block/spike_trap_top",
		"particle": "_block/spike_trap"
	},
	"elements": [
		{
			"from": [12, -1, 12],
			"to": [14, 15, 14],
			"rotation": {"angle": -22.5, "axis": "y", "origin": [13, 8, 13]},
			"faces": {
				"north": {"uv": [2, 0, 4, 16], "texture": "#0"},
				"east": {"uv": [2, 0, 4, 16], "texture": "#0"},
				"south": {"uv": [12, 0, 14, 16], "texture": "#0"},
				"west": {"uv": [12, 0, 14, 16], "texture": "#0"},
				"up": {"uv": [12, 12, 14, 14], "texture": "#1"}
			}
		},
		{
			"from": [12, 0, 7],
			"to": [14, 16, 9],
			"rotation": {"angle": -45, "axis": "y", "origin": [13, 8, 8]},
			"faces": {
				"north": {"uv": [2, 0, 4, 16], "texture": "#0"},
				"east": {"uv": [7, 0, 9, 16], "texture": "#0"},
				"south": {"uv": [12, 0, 14, 16], "texture": "#0"},
				"west": {"uv": [7, 0, 9, 16], "texture": "#0"},
				"up": {"uv": [12, 7, 14, 9], "texture": "#1"}
			}
		},
		{
			"from": [12, -1, 2],
			"to": [14, 15, 4],
			"rotation": {"angle": -22.5, "axis": "y", "origin": [13, 8, 3]},
			"faces": {
				"north": {"uv": [2, 0, 4, 16], "texture": "#0"},
				"east": {"uv": [12, 0, 14, 16], "texture": "#0"},
				"south": {"uv": [12, 0, 14, 16], "texture": "#0"},
				"west": {"uv": [2, 0, 4, 16], "texture": "#0"},
				"up": {"uv": [12, 2, 14, 4], "texture": "#1"}
			}
		},
		{
			"from": [2, 0, 12],
			"to": [4, 16, 14],
			"rotation": {"angle": 0, "axis": "x", "origin": [3, 8, 13]},
			"faces": {
				"north": {"uv": [12, 0, 14, 16], "texture": "#0"},
				"east": {"uv": [2, 0, 4, 16], "texture": "#0"},
				"south": {"uv": [2, 0, 4, 16], "texture": "#0"},
				"west": {"uv": [12, 0, 14, 16], "texture": "#0"},
				"up": {"uv": [2, 12, 4, 14], "texture": "#1"}
			}
		},
		{
			"from": [2, -1, 7],
			"to": [4, 15, 9],
			"rotation": {"angle": -22.5, "axis": "y", "origin": [3, 8, 8]},
			"faces": {
				"north": {"uv": [12, 0, 14, 16], "texture": "#0"},
				"east": {"uv": [7, 0, 9, 16], "texture": "#0"},
				"south": {"uv": [2, 0, 4, 16], "texture": "#0"},
				"west": {"uv": [7, 0, 9, 16], "texture": "#0"},
				"up": {"uv": [2, 7, 4, 9], "texture": "#1"}
			}
		},
		{
			"from": [2, -2, 2],
			"to": [4, 14, 4],
			"rotation": {"angle": 0, "axis": "y", "origin": [3, 6, 3]},
			"faces": {
				"north": {"uv": [12, 0, 14, 16], "texture": "#0"},
				"east": {"uv": [12, 0, 14, 16], "texture": "#0"},
				"south": {"uv": [2, 0, 4, 16], "texture": "#0"},
				"west": {"uv": [2, 0, 4, 16], "texture": "#0"},
				"up": {"uv": [2, 2, 4, 4], "texture": "#1"}
			}
		},
		{
			"from": [7, -1, 12],
			"to": [9, 15, 14],
			"rotation": {"angle": 22.5, "axis": "y", "origin": [8, 8, 13]},
			"faces": {
				"north": {"uv": [7, 0, 9, 16], "texture": "#0"},
				"east": {"uv": [2, 0, 4, 16], "texture": "#0"},
				"south": {"uv": [7, 0, 9, 16], "texture": "#0"},
				"west": {"uv": [12, 0, 14, 16], "texture": "#0"},
				"up": {"uv": [7, 12, 9, 14], "texture": "#1"}
			}
		},
		{
			"from": [7, 0, 2],
			"to": [9, 16, 4],
			"rotation": {"angle": 45, "axis": "y", "origin": [8, 8, 3]},
			"faces": {
				"north": {"uv": [7, 0, 9, 16], "texture": "#0"},
				"east": {"uv": [12, 0, 14, 16], "texture": "#0"},
				"south": {"uv": [7, 0, 9, 16], "texture": "#0"},
				"west": {"uv": [2, 0, 4, 16], "texture": "#0"},
				"up": {"uv": [7, 2, 9, 4], "texture": "#1"}
			}
		},
		{
			"from": [7, -2, 7],
			"to": [9, 14, 9],
			"rotation": {"angle": 0, "axis": "y", "origin": [8, 6, 8]},
			"faces": {
				"north": {"uv": [7, 0, 9, 16], "texture": "#0"},
				"east": {"uv": [7, 0, 9, 16], "texture": "#0"},
				"south": {"uv": [7, 0, 9, 16], "texture": "#0"},
				"west": {"uv": [7, 0, 9, 16], "texture": "#0"},
				"up": {"uv": [7, 7, 9, 9], "texture": "#1"}
			}
		}
	]
}