{
	"parent": "internal:main_quests/qpdaughter_in_distress/3",
    "display": {
        "title": {
            "text": "                                                                                "
        },
        "description": [
			"",
            {"text": "Escort the daughter back to the village leader", "color": "yellow", "bold": true}
        ],
        "icon": {
            "item": "minecraft:leather_boots"
        },
        "frame": "task",
        "show_toast": false,
        "announce_to_chat": false,
        "hidden": true,
        "background": "minecraft:textures/gui/advancements/backgrounds/stone.png"
    },
    "criteria": {
        "x": {
            "trigger": "minecraft:impossible"
        }
    }
}