{"stats":{"minecraft:custom":{"minecraft:interact_with_crafting_table":3,"minecraft:pot_flower":1,"minecraft:leave_game":2,"minecraft:time_since_death":439374,"minecraft:time_since_rest":439374,"minecraft:sprint_one_cm":3529,"minecraft:walk_one_cm":27722,"minecraft:drop":6,"minecraft:fly_one_cm":2989891,"minecraft:crouch_one_cm":2396,"minecraft:play_time":439374,"minecraft:sneak_time":19515,"minecraft:jump":114,"minecraft:walk_on_water_one_cm":483,"minecraft:total_world_time":444827},"minecraft:dropped":{"minecraft:orange_tulip":2,"minecraft:cobblestone":2,"minecraft:cobblestone_stairs":1,"minecraft:dark_oak_fence":1},"minecraft:picked_up":{"minecraft:feather":3,"minecraft:chicken":2,"minecraft:orange_tulip":1,"minecraft:egg":2,"minecraft:dandelion":4,"minecraft:stone_button":1,"minecraft:brown_banner":5,"minecraft:mutton":4,"minecraft:white_wool":4,"minecraft:cobblestone":1},"minecraft:used":{"minecraft:oak_trapdoor":111,"minecraft:oak_fence":41,"minecraft:dark_oak_stairs":37,"minecraft:jack_o_lantern":48,"minecraft:iron_bars":5,"minecraft:cobblestone_stairs":184,"minecraft:dead_bush":15,"minecraft:spruce_door":6,"minecraft:light_gray_stained_glass_pane":258,"minecraft:flint_and_steel":2,"minecraft:armor_stand":3,"minecraft:gray_carpet":13,"minecraft:spruce_slab":218,"minecraft:polished_andesite":7,"minecraft:oak_planks":29,"minecraft:ladder":25,"minecraft:oak_sign":8,"minecraft:spruce_planks":1414,"minecraft:chest":6,"minecraft:leather_chestplate":1,"minecraft:stone":3,"minecraft:cobblestone_slab":299,"minecraft:spruce_fence_gate":3,"minecraft:player_head":46,"minecraft:oak_leaves":252,"minecraft:torch":11,"minecraft:mossy_cobblestone":1,"minecraft:terracotta":7,"minecraft:white_carpet":6,"minecraft:oak_slab":192,"minecraft:crafting_table":41,"minecraft:spruce_stairs":268,"minecraft:brown_banner":14,"minecraft:cobblestone_wall":56,"minecraft:painting":129,"minecraft:spruce_fence":93,"minecraft:spruce_log":13,"minecraft:dark_oak_door":2,"minecraft:oak_fence_gate":2,"minecraft:oak_log":686,"minecraft:stone_brick_slab":1226,"minecraft:dark_oak_planks":975,"minecraft:brown_terracotta":12,"minecraft:flower_pot":1,"minecraft:cyan_terracotta":258,"minecraft:black_wool":25,"minecraft:bookshelf":23,"minecraft:light_gray_stained_glass":30,"minecraft:red_wool":131,"minecraft:spruce_wood":1,"minecraft:lantern":17,"minecraft:grass_block":35,"minecraft:oak_stairs":25,"minecraft:brown_wool":16,"minecraft:stone_button":31,"minecraft:dark_oak_slab":1047,"minecraft:polished_granite":36,"minecraft:stone_brick_stairs":1044,"minecraft:stone_bricks":1970,"minecraft:item_frame":1,"minecraft:glowstone":8,"minecraft:cobblestone":1451,"minecraft:brown_carpet":28,"minecraft:furnace":2,"minecraft:dark_oak_fence":1,"minecraft:chain":1,"minecraft:smooth_stone_slab":2,"minecraft:gray_wool":47,"minecraft:cobweb":52}},"DataVersion":2865}