{"stats":{"minecraft:custom":{"minecraft:time_since_rest":29363,"minecraft:sprint_one_cm":180,"minecraft:walk_one_cm":14559,"minecraft:fly_one_cm":210011,"minecraft:interact_with_crafting_table":1,"minecraft:crouch_one_cm":475,"minecraft:play_one_minute":29363,"minecraft:sneak_time":893,"minecraft:jump":20,"minecraft:leave_game":2,"minecraft:time_since_death":29363,"minecraft:climb_one_cm":407},"minecraft:used":{"minecraft:deepslate_tiles":2,"minecraft:netherite_block":6,"minecraft:jack_o_lantern":2,"minecraft:iron_bars":5,"minecraft:coal_ore":13,"minecraft:cobblestone_stairs":112,"minecraft:bookshelf":1,"minecraft:polished_deepslate":60,"minecraft:spruce_door":3,"minecraft:dead_bush":4,"minecraft:flint_and_steel":3,"minecraft:command_block":1,"minecraft:carved_pumpkin":1,"minecraft:lantern":1,"minecraft:polished_blackstone":1,"minecraft:ladder":5,"minecraft:polished_deepslate_wall":6,"minecraft:blackstone":1,"minecraft:spruce_planks":23,"minecraft:stone":13,"minecraft:spruce_trapdoor":3,"minecraft:gravel":10,"minecraft:deepslate":87,"minecraft:grass":19,"minecraft:cobblestone_slab":7,"minecraft:player_head":4,"minecraft:deepslate_bricks":38,"minecraft:item_frame":2,"minecraft:smooth_basalt":25,"minecraft:polished_blackstone_bricks":1,"minecraft:basalt":3,"minecraft:raw_copper_block":2,"minecraft:cobblestone":18,"minecraft:stripped_dark_oak_log":26,"minecraft:crafting_table":5,"minecraft:spruce_stairs":6,"minecraft:deepslate_coal_ore":2,"minecraft:chain":1,"minecraft:black_candle":10,"minecraft:dripstone_block":7,"minecraft:tuff":32,"minecraft:coarse_dirt":69,"minecraft:cobbled_deepslate":86,"minecraft:cobbled_deepslate_stairs":46,"minecraft:pumpkin":2}},"DataVersion":2709}