{"stats":{"minecraft:mined":{"minecraft:dead_bush":1,"minecraft:grass":102},"minecraft:used":{"minecraft:calcite":8,"minecraft:oak_fence":17,"minecraft:dark_oak_stairs":677,"minecraft:water_bucket":61,"minecraft:diorite":32,"minecraft:iron_bars":17,"minecraft:cobblestone_stairs":250,"minecraft:spruce_door":6,"minecraft:flint_and_steel":2,"minecraft:dead_bush":27,"minecraft:birch_leaves":18,"minecraft:redstone":7,"minecraft:spruce_slab":339,"minecraft:polished_andesite":10,"minecraft:poppy":2,"minecraft:ladder":12,"minecraft:light_gray_carpet":36,"minecraft:oak_sign":12,"minecraft:orange_tulip":2,"minecraft:white_concrete_powder":116,"minecraft:chest":11,"minecraft:spruce_planks":1362,"minecraft:sandstone":5,"minecraft:stone":434,"minecraft:sugar_cane":62,"minecraft:blue_bed":1,"minecraft:cobblestone_slab":315,"minecraft:grass":129,"minecraft:quartz_stairs":7,"minecraft:green_bed":13,"minecraft:spruce_fence_gate":82,"minecraft:player_head":76,"minecraft:cracked_stone_bricks":21,"minecraft:oak_leaves":439,"minecraft:oak_door":19,"minecraft:debug_stick":21,"minecraft:mossy_cobblestone":3,"minecraft:dirt":53,"minecraft:sand":8,"minecraft:hopper":4,"minecraft:oak_slab":171,"minecraft:crafting_table":88,"minecraft:red_bed":6,"minecraft:spruce_stairs":770,"minecraft:black_banner":4,"minecraft:cobblestone_wall":96,"minecraft:dark_oak_fence_gate":24,"minecraft:dripstone_block":24,"minecraft:painting":82,"minecraft:tuff":27,"minecraft:glow_lichen":67,"minecraft:spruce_fence":328,"minecraft:granite":5,"minecraft:dark_oak_door":7,"minecraft:redstone_torch":6,"minecraft:oak_log":1220,"minecraft:dark_oak_planks":97,"minecraft:lever":18,"minecraft:wooden_hoe":103,"minecraft:flower_pot":4,"minecraft:black_wool":102,"minecraft:bookshelf":39,"minecraft:lantern":45,"minecraft:grass_block":508,"minecraft:oak_stairs":140,"minecraft:barrier":1,"minecraft:stone_button":111,"minecraft:spruce_trapdoor":167,"minecraft:gray_concrete_powder":49,"minecraft:smooth_quartz":248,"minecraft:iron_door":8,"minecraft:deepslate":2,"minecraft:gravel":444,"minecraft:stone_brick_stairs":9,"minecraft:stone_bricks":138,"minecraft:item_frame":30,"minecraft:basalt":103,"minecraft:glowstone":1,"minecraft:cobblestone":987,"minecraft:iron_trapdoor":2,"minecraft:soul_soil":1,"minecraft:furnace":10,"minecraft:oak_sapling":79,"minecraft:dark_oak_fence":30,"minecraft:red_banner":2,"minecraft:andesite":1,"minecraft:birch_log":2,"minecraft:deepslate_coal_ore":18,"minecraft:chain":1,"minecraft:glass_pane":98,"minecraft:coarse_dirt":243,"minecraft:dandelion":4,"minecraft:bone_meal":206,"minecraft:cobweb":33,"minecraft:gray_stained_glass":9},"minecraft:picked_up":{"minecraft:lantern":3,"minecraft:item_frame":1,"minecraft:oak_sign":1,"minecraft:apple":1,"minecraft:wheat_seeds":32,"minecraft:poppy":3,"minecraft:birch_sapling":3,"minecraft:stick":12,"minecraft:dandelion":2,"minecraft:stone_button":7,"minecraft:spruce_door":1,"minecraft:painting":2,"minecraft:oak_sapling":4},"minecraft:custom":{"minecraft:interact_with_crafting_table":2,"minecraft:leave_game":8,"minecraft:time_since_death":376695,"minecraft:climb_one_cm":2925,"minecraft:time_since_rest":376695,"minecraft:walk_one_cm":449756,"minecraft:sprint_one_cm":42814,"minecraft:fly_one_cm":2824550,"minecraft:open_chest":2,"minecraft:crouch_one_cm":10530,"minecraft:play_time":376695,"minecraft:sneak_time":19530,"minecraft:walk_under_water_one_cm":9397,"minecraft:jump":525,"minecraft:walk_on_water_one_cm":16996,"minecraft:total_world_time":400057}},"DataVersion":2865}