{"stats":{"minecraft:dropped":{"minecraft:leather_helmet":1},"minecraft:used":{"minecraft:calcite":8,"minecraft:oak_fence":19,"minecraft:dark_oak_stairs":677,"minecraft:water_bucket":63,"minecraft:diorite":35,"minecraft:iron_bars":17,"minecraft:cobblestone_stairs":337,"minecraft:spruce_door":12,"minecraft:flint_and_steel":2,"minecraft:dead_bush":42,"minecraft:birch_leaves":19,"minecraft:polished_andesite":52,"minecraft:spruce_slab":385,"minecraft:dispenser":4,"minecraft:redstone":27,"minecraft:oak_planks":11,"minecraft:poppy":2,"minecraft:ladder":17,"minecraft:oak_sign":73,"minecraft:light_gray_carpet":37,"minecraft:orange_tulip":2,"minecraft:white_concrete_powder":116,"minecraft:spruce_planks":1386,"minecraft:chest":25,"minecraft:sandstone":5,"minecraft:stone":631,"minecraft:redstone_block":10,"minecraft:sugar_cane":62,"minecraft:green_bed":25,"minecraft:cobblestone_slab":425,"minecraft:blue_bed":1,"minecraft:quartz_stairs":7,"minecraft:grass":207,"minecraft:spruce_fence_gate":91,"minecraft:player_head":97,"minecraft:gold_ore":1,"minecraft:cracked_stone_bricks":32,"minecraft:oak_leaves":493,"minecraft:oak_door":19,"minecraft:debug_stick":21,"minecraft:diamond_block":60,"minecraft:mossy_cobblestone":3,"minecraft:dirt":78,"minecraft:sand":8,"minecraft:hopper":4,"minecraft:oak_slab":198,"minecraft:crafting_table":101,"minecraft:red_bed":6,"minecraft:spruce_stairs":792,"minecraft:cobblestone_wall":109,"minecraft:black_banner":19,"minecraft:dark_oak_fence_gate":24,"minecraft:dripstone_block":24,"minecraft:tuff":27,"minecraft:painting":83,"minecraft:glow_lichen":73,"minecraft:spruce_fence":469,"minecraft:granite":13,"minecraft:dark_oak_door":10,"minecraft:redstone_torch":6,"minecraft:oak_log":1341,"minecraft:glass":1,"minecraft:dark_oak_planks":97,"minecraft:flower_pot":4,"minecraft:lever":20,"minecraft:wooden_hoe":103,"minecraft:black_wool":109,"minecraft:bookshelf":41,"minecraft:command_block":25,"minecraft:red_wool":24,"minecraft:lantern":51,"minecraft:grass_block":599,"minecraft:oak_stairs":153,"minecraft:barrier":24,"minecraft:stone_button":114,"minecraft:gray_concrete_powder":49,"minecraft:spruce_trapdoor":167,"minecraft:smooth_quartz":248,"minecraft:iron_door":8,"minecraft:raw_gold_block":2,"minecraft:deepslate":2,"minecraft:gravel":472,"minecraft:stone_brick_stairs":13,"minecraft:stone_bricks":159,"minecraft:item_frame":33,"minecraft:basalt":103,"minecraft:glowstone":84,"minecraft:repeater":1,"minecraft:cobblestone":1081,"minecraft:iron_trapdoor":2,"minecraft:soul_soil":1,"minecraft:oak_sapling":85,"minecraft:furnace":10,"minecraft:dark_oak_fence":30,"minecraft:andesite":1,"minecraft:deepslate_coal_ore":18,"minecraft:red_banner":11,"minecraft:birch_log":3,"minecraft:chain":2,"minecraft:glass_pane":98,"minecraft:gold_block":3,"minecraft:trapped_chest":2,"minecraft:stone_pressure_plate":13,"minecraft:coarse_dirt":269,"minecraft:dandelion":4,"minecraft:bone_meal":230,"minecraft:hanging_roots":27,"minecraft:gray_stained_glass":9,"minecraft:cobweb":39,"minecraft:pointed_dripstone":11},"minecraft:picked_up":{"minecraft:lantern":3,"minecraft:item_frame":1,"minecraft:oak_sign":2,"minecraft:apple":1,"minecraft:wheat_seeds":33,"minecraft:poppy":3,"minecraft:birch_sapling":3,"minecraft:stick":12,"minecraft:dandelion":2,"minecraft:stone_button":7,"minecraft:pointed_dripstone":1,"minecraft:redstone":2,"minecraft:spruce_door":1,"minecraft:leather_helmet":1,"minecraft:painting":2,"minecraft:oak_sapling":4},"minecraft:mined":{"minecraft:dead_bush":1,"minecraft:grass":102},"minecraft:crafted":{"minecraft:leather_leggings":1,"minecraft:leather_boots":1,"minecraft:leather_helmet":1,"minecraft:leather_chestplate":1},"minecraft:custom":{"minecraft:interact_with_crafting_table":7,"minecraft:leave_game":10,"minecraft:time_since_death":536649,"minecraft:climb_one_cm":3080,"minecraft:time_since_rest":536649,"minecraft:sprint_one_cm":71765,"minecraft:walk_one_cm":589860,"minecraft:trigger_trapped_chest":3,"minecraft:drop":1,"minecraft:fly_one_cm":3434140,"minecraft:open_chest":4,"minecraft:crouch_one_cm":14272,"minecraft:play_time":536649,"minecraft:sneak_time":23810,"minecraft:walk_under_water_one_cm":10789,"minecraft:jump":718,"minecraft:walk_on_water_one_cm":19511,"minecraft:total_world_time":573395}},"DataVersion":2865}