{"stats":{"minecraft:custom":{"minecraft:time_since_rest":38971,"minecraft:crouch_one_cm":628,"minecraft:play_time":38971,"minecraft:sprint_one_cm":2253,"minecraft:walk_one_cm":20891,"minecraft:sneak_time":3534,"minecraft:jump":41,"minecraft:leave_game":1,"minecraft:time_since_death":38971,"minecraft:walk_on_water_one_cm":151,"minecraft:total_world_time":41762,"minecraft:fly_one_cm":721218},"minecraft:used":{"minecraft:oak_log":149,"minecraft:oak_leaves":223,"minecraft:diorite":5,"minecraft:dirt":2,"minecraft:sand":8,"minecraft:cobblestone":444,"minecraft:oak_sapling":30,"minecraft:lantern":9,"minecraft:grass_block":124,"minecraft:spruce_slab":2,"minecraft:spruce_stairs":8,"minecraft:spruce_planks":296,"minecraft:coarse_dirt":30,"minecraft:stone":104,"minecraft:glow_lichen":15,"minecraft:spruce_fence":6,"minecraft:bone_meal":40,"minecraft:grass":10,"minecraft:gravel":139},"minecraft:picked_up":{"minecraft:stick":7,"minecraft:apple":1,"minecraft:wheat_seeds":8,"minecraft:dandelion":2,"minecraft:poppy":2,"minecraft:oak_sapling":2,"minecraft:birch_sapling":2}},"DataVersion":2865}