{"stats":{"minecraft:picked_up":{"minecraft:lantern":3,"minecraft:item_frame":1,"minecraft:apple":1,"minecraft:wheat_seeds":18,"minecraft:poppy":2,"minecraft:birch_sapling":2,"minecraft:stick":8,"minecraft:dandelion":2,"minecraft:stone_button":7,"minecraft:spruce_door":1,"minecraft:painting":1,"minecraft:oak_sapling":4},"minecraft:custom":{"minecraft:leave_game":7,"minecraft:time_since_death":289760,"minecraft:climb_one_cm":2925,"minecraft:time_since_rest":289760,"minecraft:sprint_one_cm":31800,"minecraft:walk_one_cm":383783,"minecraft:fly_one_cm":1991398,"minecraft:open_chest":1,"minecraft:crouch_one_cm":8819,"minecraft:play_time":289760,"minecraft:sneak_time":13931,"minecraft:walk_under_water_one_cm":1163,"minecraft:jump":419,"minecraft:walk_on_water_one_cm":7650,"minecraft:total_world_time":308887},"minecraft:mined":{"minecraft:dead_bush":1,"minecraft:grass":102},"minecraft:used":{"minecraft:calcite":8,"minecraft:oak_fence":4,"minecraft:dark_oak_stairs":677,"minecraft:water_bucket":61,"minecraft:diorite":32,"minecraft:iron_bars":17,"minecraft:cobblestone_stairs":198,"minecraft:spruce_door":6,"minecraft:flint_and_steel":2,"minecraft:dead_bush":27,"minecraft:birch_leaves":18,"minecraft:spruce_slab":167,"minecraft:polished_andesite":10,"minecraft:poppy":2,"minecraft:ladder":12,"minecraft:oak_sign":8,"minecraft:light_gray_carpet":34,"minecraft:orange_tulip":2,"minecraft:white_concrete_powder":116,"minecraft:spruce_planks":1338,"minecraft:chest":11,"minecraft:sandstone":5,"minecraft:stone":181,"minecraft:green_bed":7,"minecraft:blue_bed":1,"minecraft:cobblestone_slab":233,"minecraft:quartz_stairs":7,"minecraft:grass":33,"minecraft:spruce_fence_gate":28,"minecraft:player_head":76,"minecraft:cracked_stone_bricks":21,"minecraft:oak_leaves":359,"minecraft:oak_door":19,"minecraft:debug_stick":21,"minecraft:mossy_cobblestone":3,"minecraft:dirt":9,"minecraft:sand":8,"minecraft:hopper":4,"minecraft:oak_slab":140,"minecraft:crafting_table":73,"minecraft:red_bed":6,"minecraft:spruce_stairs":719,"minecraft:cobblestone_wall":86,"minecraft:dark_oak_fence_gate":24,"minecraft:dripstone_block":24,"minecraft:painting":79,"minecraft:tuff":27,"minecraft:glow_lichen":50,"minecraft:granite":5,"minecraft:spruce_fence":248,"minecraft:redstone_torch":3,"minecraft:oak_log":1039,"minecraft:lever":12,"minecraft:dark_oak_planks":87,"minecraft:flower_pot":4,"minecraft:wooden_hoe":103,"minecraft:bookshelf":39,"minecraft:lantern":32,"minecraft:grass_block":164,"minecraft:oak_stairs":124,"minecraft:stone_button":81,"minecraft:spruce_trapdoor":135,"minecraft:gray_concrete_powder":49,"minecraft:smooth_quartz":248,"minecraft:iron_door":7,"minecraft:deepslate":2,"minecraft:gravel":154,"minecraft:stone_brick_stairs":9,"minecraft:stone_bricks":138,"minecraft:item_frame":27,"minecraft:basalt":101,"minecraft:cobblestone":900,"minecraft:iron_trapdoor":2,"minecraft:soul_soil":1,"minecraft:furnace":10,"minecraft:oak_sapling":55,"minecraft:dark_oak_fence":30,"minecraft:andesite":1,"minecraft:birch_log":2,"minecraft:deepslate_coal_ore":18,"minecraft:chain":1,"minecraft:glass_pane":98,"minecraft:coarse_dirt":144,"minecraft:dandelion":4,"minecraft:bone_meal":106,"minecraft:cobweb":31,"minecraft:gray_stained_glass":9}},"DataVersion":2865}