{"stats":{"minecraft:used":{"minecraft:oak_log":937,"minecraft:dark_oak_planks":47,"minecraft:dark_oak_stairs":524,"minecraft:wooden_hoe":103,"minecraft:diorite":5,"minecraft:cobblestone_stairs":39,"minecraft:bookshelf":5,"minecraft:spruce_door":2,"minecraft:dead_bush":27,"minecraft:lantern":17,"minecraft:grass_block":135,"minecraft:oak_stairs":8,"minecraft:spruce_slab":63,"minecraft:polished_andesite":1,"minecraft:ladder":6,"minecraft:light_gray_carpet":26,"minecraft:oak_sign":1,"minecraft:chest":6,"minecraft:spruce_planks":782,"minecraft:stone":104,"minecraft:spruce_trapdoor":34,"minecraft:gray_concrete_powder":49,"minecraft:smooth_quartz":146,"minecraft:iron_door":4,"minecraft:spruce_fence_gate":1,"minecraft:gravel":142,"minecraft:grass":22,"minecraft:cobblestone_slab":15,"minecraft:player_head":7,"minecraft:stone_brick_stairs":9,"minecraft:stone_bricks":34,"minecraft:oak_door":1,"minecraft:cracked_stone_bricks":21,"minecraft:oak_leaves":343,"minecraft:debug_stick":9,"minecraft:basalt":101,"minecraft:mossy_cobblestone":3,"minecraft:dirt":2,"minecraft:sand":8,"minecraft:cobblestone":727,"minecraft:iron_trapdoor":2,"minecraft:crafting_table":4,"minecraft:oak_slab":5,"minecraft:hopper":2,"minecraft:furnace":4,"minecraft:red_bed":4,"minecraft:oak_sapling":55,"minecraft:spruce_stairs":293,"minecraft:cobblestone_wall":33,"minecraft:deepslate_coal_ore":18,"minecraft:birch_log":2,"minecraft:glass_pane":69,"minecraft:painting":8,"minecraft:dripstone_block":2,"minecraft:tuff":27,"minecraft:glow_lichen":15,"minecraft:coarse_dirt":109,"minecraft:spruce_fence":173,"minecraft:bone_meal":106,"minecraft:cobweb":26,"minecraft:gray_stained_glass":9},"minecraft:picked_up":{"minecraft:stick":8,"minecraft:dandelion":2,"minecraft:lantern":1,"minecraft:apple":1,"minecraft:wheat_seeds":18,"minecraft:poppy":2,"minecraft:oak_sapling":4,"minecraft:birch_sapling":2},"minecraft:mined":{"minecraft:grass":102,"minecraft:dead_bush":1},"minecraft:custom":{"minecraft:time_since_rest":124569,"minecraft:sprint_one_cm":15324,"minecraft:walk_one_cm":49611,"minecraft:fly_one_cm":1334982,"minecraft:crouch_one_cm":1838,"minecraft:play_time":124569,"minecraft:walk_under_water_one_cm":626,"minecraft:sneak_time":7770,"minecraft:jump":132,"minecraft:leave_game":4,"minecraft:time_since_death":124569,"minecraft:walk_on_water_one_cm":2186,"minecraft:total_world_time":130223}},"DataVersion":2865}