{
	"credit": "Made with Blockbench",
	"textures": {
		"0": "item/necrotic_staff",
		"1": "item/necrotic_staff_skull",
		"particle": "item/necrotic_staff"
	},
	"elements": [
		{
			"from": [8, 0.5, 7.5],
			"to": [9, 5.5, 8.5],
			"faces": {
				"north": {"uv": [2.5, 11, 3.5, 16], "texture": "#0"},
				"east": {"uv": [2.5, 11, 3.5, 16], "texture": "#0"},
				"south": {"uv": [2.5, 11, 3.5, 16], "texture": "#0"},
				"west": {"uv": [2.5, 11, 3.5, 16], "texture": "#0"}
			}
		},
		{
			"from": [7, 5.5, 7.25],
			"to": [9.5, 6.5, 8.75],
			"faces": {
				"north": {"uv": [2, 10, 4.5, 11], "texture": "#0"},
				"east": {"uv": [2.5, 10, 4, 11], "texture": "#0"},
				"south": {"uv": [4.5, 10, 2, 11], "texture": "#0"},
				"west": {"uv": [2.5, 10, 4, 11], "texture": "#0"},
				"up": {"uv": [4.5, 10, 2, 10.5], "texture": "#0"},
				"down": {"uv": [4.5, 10.5, 2, 11], "texture": "#0"}
			}
		},
		{
			"from": [7, 0, 7.25],
			"to": [9.5, 0.5, 8.75],
			"faces": {
				"north": {"uv": [7, 0, 9.5, 0.5], "texture": "#0"},
				"east": {"uv": [7.5, 0, 9, 0.5], "texture": "#0"},
				"south": {"uv": [9.5, 0, 7, 0.5], "texture": "#0"},
				"west": {"uv": [7.5, 0, 9, 0.5], "texture": "#0"},
				"up": {"uv": [9.5, 0, 7, 0.5], "texture": "#0"},
				"down": {"uv": [9.5, 0, 7, 0.5], "texture": "#0"}
			}
		},
		{
			"from": [7.5, -1, 7.5],
			"to": [9, 0, 8.5],
			"faces": {
				"north": {"uv": [7.5, 0.5, 9, 1.5], "texture": "#0"},
				"east": {"uv": [7.5, 0.5, 8.5, 1.5], "texture": "#0"},
				"south": {"uv": [9, 0.5, 7.5, 1.5], "texture": "#0"},
				"west": {"uv": [8, 0.5, 9, 1.5], "texture": "#0"},
				"down": {"uv": [7.5, 0.5, 9, 1.5], "texture": "#0"}
			}
		},
		{
			"from": [7.5, -3.5, 7.5],
			"to": [8.5, -1, 8.5],
			"faces": {
				"north": {"uv": [8, 1.5, 9, 4], "texture": "#0"},
				"east": {"uv": [8, 1.5, 9, 4], "texture": "#0"},
				"south": {"uv": [9, 1.5, 8, 4], "texture": "#0"},
				"west": {"uv": [8, 1.5, 9, 4], "texture": "#0"},
				"down": {"uv": [8, 3, 9, 4], "texture": "#0"}
			}
		},
		{
			"from": [8, -5.5, 7.5],
			"to": [9, -3.5, 8.5],
			"faces": {
				"north": {"uv": [7.5, 4, 8.5, 6], "texture": "#0"},
				"east": {"uv": [7.5, 4, 8.5, 6], "texture": "#0"},
				"south": {"uv": [8.5, 4, 7.5, 6], "texture": "#0"},
				"west": {"uv": [7.5, 4, 8.5, 6], "texture": "#0"},
				"up": {"uv": [7.5, 4, 8.5, 5], "texture": "#0"},
				"down": {"uv": [7.5, 5, 8.5, 6], "texture": "#0"}
			}
		},
		{
			"from": [8, -7, 7.5],
			"to": [9, -5.5, 8],
			"faces": {
				"north": {"uv": [7.5, 6, 8.5, 7.5], "texture": "#0"},
				"east": {"uv": [7.5, 6, 8, 7.5], "texture": "#0"},
				"south": {"uv": [8.5, 6, 7.5, 7.5], "texture": "#0"},
				"west": {"uv": [8, 6, 8.5, 7.5], "texture": "#0"},
				"down": {"uv": [7.5, 7, 8.5, 7.5], "texture": "#0"}
			}
		},
		{
			"from": [8, -8, 7.5],
			"to": [8.5, -7, 8],
			"faces": {
				"north": {"uv": [8, 7.5, 8.5, 8.5], "texture": "#0"},
				"east": {"uv": [8, 7.5, 8.5, 8.5], "texture": "#0"},
				"south": {"uv": [8.5, 7.5, 8, 8.5], "texture": "#0"},
				"west": {"uv": [8, 7.5, 8.5, 8.5], "texture": "#0"},
				"up": {"uv": [8, 7.5, 8.5, 8.5], "texture": "#0"},
				"down": {"uv": [8, 8, 8.5, 8.5], "texture": "#0"}
			}
		},
		{
			"from": [7.5, 6.5, 7.5],
			"to": [9, 7.5, 8.5],
			"faces": {
				"north": {"uv": [2.5, 9, 4, 10], "texture": "#0"},
				"east": {"uv": [2.5, 9, 3.5, 10], "texture": "#0"},
				"south": {"uv": [4, 9, 2.5, 10], "texture": "#0"},
				"west": {"uv": [3, 9, 4, 10], "texture": "#0"},
				"up": {"uv": [2.5, 9, 4, 10], "texture": "#0"}
			}
		},
		{
			"from": [8, 7.5, 7],
			"to": [9.5, 9, 8.5],
			"faces": {
				"north": {"uv": [2, 7.5, 3.5, 9], "texture": "#0"},
				"east": {"uv": [2, 7.5, 3.5, 9], "texture": "#0"},
				"south": {"uv": [3.5, 7.5, 2, 9], "texture": "#0"},
				"west": {"uv": [2, 7.5, 3.5, 9], "texture": "#0"},
				"up": {"uv": [2, 7.5, 3.5, 9], "texture": "#0"},
				"down": {"uv": [2, 7.5, 3.5, 9], "texture": "#0"}
			}
		},
		{
			"from": [7.5, 9, 7.5],
			"to": [9, 10, 8.5],
			"faces": {
				"north": {"uv": [2.5, 6.5, 4, 7.5], "texture": "#0"},
				"east": {"uv": [2.5, 6.5, 3.5, 7.5], "texture": "#0"},
				"south": {"uv": [4, 6.5, 2.5, 7.5], "texture": "#0"},
				"west": {"uv": [3, 6.5, 4, 7.5], "texture": "#0"},
				"down": {"uv": [2.5, 6.5, 4, 7.5], "texture": "#0"}
			}
		},
		{
			"from": [6.5, 10, 7.5],
			"to": [9.5, 10.5, 8.5],
			"faces": {
				"north": {"uv": [2, 6, 5, 6.5], "texture": "#0"},
				"east": {"uv": [2, 6, 2.5, 6.5], "texture": "#0"},
				"south": {"uv": [5, 6, 2, 6.5], "texture": "#0"},
				"west": {"uv": [4.5, 6, 5, 6.5], "texture": "#0"},
				"down": {"uv": [5, 6, 2, 6.5], "texture": "#0"}
			}
		},
		{
			"from": [5.5, 10.5, 7.5],
			"to": [10.5, 11, 8.5],
			"faces": {
				"north": {"uv": [1, 5.5, 6, 6], "texture": "#0"},
				"east": {"uv": [1, 5.5, 1.5, 6], "texture": "#0"},
				"south": {"uv": [6, 5.5, 1, 6], "texture": "#0"},
				"west": {"uv": [5.5, 5.5, 6, 6], "texture": "#0"},
				"up": {"uv": [1, 5.5, 6, 6], "texture": "#0"},
				"down": {"uv": [6, 5.5, 1, 6], "texture": "#0"}
			}
		},
		{
			"from": [6.25, 11.25, 6.25],
			"to": [9.75, 14.75, 9.75],
			"faces": {
				"north": {"uv": [12, 4, 16, 8], "texture": "#1"},
				"east": {"uv": [8, 4, 12, 8], "texture": "#1"},
				"south": {"uv": [4, 4, 8, 8], "texture": "#1"},
				"west": {"uv": [0, 4, 4, 8], "texture": "#1"},
				"up": {"uv": [4, 0, 8, 4], "rotation": 180, "texture": "#1"},
				"down": {"uv": [8, 0, 12, 4], "rotation": 180, "texture": "#1"}
			}
		},
		{
			"from": [5, 11, 7.5],
			"to": [7, 11.5, 8.5],
			"faces": {
				"north": {"uv": [4.5, 5, 6.5, 5.5], "texture": "#0"},
				"east": {"uv": [6, 5, 6.5, 5.5], "texture": "#0"},
				"south": {"uv": [6.5, 5, 4.5, 5.5], "texture": "#0"},
				"west": {"uv": [6, 4.5, 6.5, 5.5], "texture": "#0"},
				"up": {"uv": [6.5, 5, 4.5, 5.5], "texture": "#0"},
				"down": {"uv": [6.5, 5, 4.5, 5.5], "texture": "#0"}
			}
		},
		{
			"from": [5, 11.5, 7.5],
			"to": [6, 12, 8.5],
			"faces": {
				"north": {"uv": [5.5, 4.5, 6.5, 5], "texture": "#0"},
				"east": {"uv": [5.5, 4.5, 6, 5], "texture": "#0"},
				"south": {"uv": [6.5, 4.5, 5.5, 5], "texture": "#0"},
				"west": {"uv": [6, 4.5, 6.5, 5], "texture": "#0"},
				"up": {"uv": [5.5, 4.5, 6.5, 5], "texture": "#0"},
				"down": {"uv": [5.5, 4.5, 6.5, 5], "texture": "#0"}
			}
		},
		{
			"from": [4.5, 12, 7.5],
			"to": [6, 12.5, 8.5],
			"faces": {
				"north": {"uv": [5.5, 4, 7, 4.5], "texture": "#0"},
				"east": {"uv": [5.5, 4, 6, 4.5], "texture": "#0"},
				"south": {"uv": [7, 4, 5.5, 4.5], "texture": "#0"},
				"west": {"uv": [6.5, 4, 7, 4.5], "texture": "#0"},
				"up": {"uv": [7, 4, 5.5, 4.5], "texture": "#0"},
				"down": {"uv": [7, 4, 5.5, 4.5], "texture": "#0"}
			}
		},
		{
			"from": [4.5, 12.5, 7.5],
			"to": [5.5, 14.5, 8.5],
			"faces": {
				"north": {"uv": [6, 2, 7, 4], "texture": "#0"},
				"east": {"uv": [6, 2, 6.5, 4], "texture": "#0"},
				"south": {"uv": [7, 2, 6, 4], "texture": "#0"},
				"west": {"uv": [6.5, 2, 7, 4], "texture": "#0"}
			}
		},
		{
			"from": [9, 11, 7.5],
			"to": [11, 11.5, 8.5],
			"faces": {
				"north": {"uv": [0.5, 5, 2.5, 5.5], "texture": "#0"},
				"east": {"uv": [0.5, 5, 1, 5.5], "texture": "#0"},
				"south": {"uv": [2.5, 5, 0.5, 5.5], "texture": "#0"},
				"west": {"uv": [2, 5, 2.5, 5.5], "texture": "#0"},
				"up": {"uv": [2.5, 5, 0.5, 5.5], "texture": "#0"},
				"down": {"uv": [2.5, 5, 0.5, 5.5], "texture": "#0"}
			}
		},
		{
			"from": [10, 11.5, 7.5],
			"to": [11, 12, 8.5],
			"faces": {
				"north": {"uv": [0.5, 4.5, 1.5, 5], "texture": "#0"},
				"east": {"uv": [0.5, 4.5, 1, 5], "texture": "#0"},
				"south": {"uv": [1.5, 4.5, 0.5, 5], "texture": "#0"},
				"west": {"uv": [1, 4.5, 1.5, 5], "texture": "#0"},
				"up": {"uv": [0.5, 4.5, 1.5, 5], "texture": "#0"},
				"down": {"uv": [0.5, 4.5, 1.5, 5], "texture": "#0"}
			}
		},
		{
			"from": [10, 12, 7.5],
			"to": [11.5, 12.5, 8.5],
			"faces": {
				"north": {"uv": [0, 4, 1.5, 4.5], "texture": "#0"},
				"east": {"uv": [0, 4, 0.5, 4.5], "texture": "#0"},
				"south": {"uv": [1.5, 4, 0, 4.5], "texture": "#0"},
				"west": {"uv": [1, 4, 1.5, 4.5], "texture": "#0"},
				"up": {"uv": [1.5, 4, 0, 4.5], "texture": "#0"},
				"down": {"uv": [1.5, 4, 0, 4.5], "texture": "#0"}
			}
		},
		{
			"from": [10.5, 12.5, 7.5],
			"to": [11.5, 14, 8.5],
			"faces": {
				"north": {"uv": [0, 2.5, 1, 4], "texture": "#0"},
				"east": {"uv": [0, 2.5, 0.5, 4], "texture": "#0"},
				"south": {"uv": [1, 2.5, 0, 4], "texture": "#0"},
				"west": {"uv": [0.5, 2.5, 1, 4], "texture": "#0"},
				"up": {"uv": [1, 2.5, 0, 3], "texture": "#0"}
			}
		},
		{
			"from": [4.5, 14.5, 7.5],
			"to": [6, 15, 8.5],
			"faces": {
				"north": {"uv": [5.5, 1.5, 7, 2], "texture": "#0"},
				"east": {"uv": [5.5, 1.5, 6, 2], "texture": "#0"},
				"south": {"uv": [7, 1.5, 5.5, 2], "texture": "#0"},
				"west": {"uv": [6.5, 1.5, 7, 2], "texture": "#0"},
				"up": {"uv": [7, 1.5, 5.5, 2], "texture": "#0"},
				"down": {"uv": [7, 1.5, 5.5, 2], "texture": "#0"}
			}
		},
		{
			"from": [5, 15, 7.5],
			"to": [6, 15.5, 8.5],
			"faces": {
				"north": {"uv": [5.5, 1, 6.5, 1.5], "texture": "#0"},
				"east": {"uv": [5.5, 1, 6, 1.5], "texture": "#0"},
				"south": {"uv": [6.5, 1, 5.5, 1.5], "texture": "#0"},
				"west": {"uv": [6, 1, 6.5, 1.5], "texture": "#0"},
				"up": {"uv": [5.5, 1, 6.5, 1.5], "texture": "#0"},
				"down": {"uv": [5.5, 1, 6.5, 1.5], "texture": "#0"}
			}
		},
		{
			"from": [5, 15.5, 7.5],
			"to": [6.5, 16, 8.5],
			"faces": {
				"north": {"uv": [5, 0.5, 6.5, 1], "texture": "#0"},
				"east": {"uv": [5, 0.5, 5.5, 1], "texture": "#0"},
				"south": {"uv": [6.5, 0.5, 5, 1], "texture": "#0"},
				"west": {"uv": [6, 0.5, 6.5, 1], "texture": "#0"},
				"up": {"uv": [6.5, 0.5, 5, 1], "texture": "#0"},
				"down": {"uv": [6.5, 0.5, 5, 1], "texture": "#0"}
			}
		},
		{
			"from": [5.5, 16, 7.5],
			"to": [6.5, 16.5, 8.5],
			"faces": {
				"north": {"uv": [5, 0, 6, 0.5], "texture": "#0"},
				"east": {"uv": [5, 0, 5.5, 0.5], "texture": "#0"},
				"south": {"uv": [6, 0, 5, 0.5], "texture": "#0"},
				"west": {"uv": [5.5, 0, 6, 0.5], "texture": "#0"},
				"up": {"uv": [6, 0, 5, 0.5], "texture": "#0"},
				"down": {"uv": [5, 0, 6, 0.5], "texture": "#0"}
			}
		},
		{
			"from": [5.5, 13, 7.75],
			"to": [10.5, 13.5, 8.25],
			"faces": {
				"north": {"uv": [1, 3, 6, 3.5], "texture": "#0"},
				"east": {"uv": [1, 3, 6, 3.5], "texture": "#0"},
				"south": {"uv": [6, 3, 1, 3.5], "texture": "#0"},
				"west": {"uv": [1, 3, 6, 3.5], "texture": "#0"},
				"up": {"uv": [6, 3, 1, 3.5], "texture": "#0"},
				"down": {"uv": [6, 3, 1, 3.5], "texture": "#0"}
			}
		},
		{
			"from": [5.5, -3.5, 8],
			"to": [7.5, 6.5, 8],
			"faces": {
				"north": {"uv": [14, 0, 16, 10], "texture": "#0"},
				"south": {"uv": [16, 0, 14, 10], "texture": "#0"}
			}
		}
	],
	"display": {
		"thirdperson_righthand": {
			"scale": [1.5, 1.5, 1.5],
			"rotation": [0, -90, 0],
			"translation": [0, 6, 1.5]
		},
		"gui": {
			"rotation": [-35, -22, -45],
			"translation": [2.5, 3, 0]
		},
		"ground": {
			"scale": [0.75, 0.75, 0.75],
			"rotation": [0, 0, 60],
			"translation": [1, -0.5, 0]
		},
		"fixed": {
			"scale": [1.5, 1.5, 1.5],
			"translation": [0, -1.5, 0]
		},
		"firstperson_righthand": {
			"rotation": [-32, -90, 0],
			"translation": [0, 4.5, 1.5]
		},
		"thirdperson_lefthand": {
			"scale": [1.5, 1.5, 1.5],
			"rotation": [0, 90, 0],
			"translation": [0, 6, 1.5]
		},
		"firstperson_lefthand": {
			"rotation": [-32, 90, 0],
			"translation": [0, 4.5, 1.5]
		}
	}
}