{
	"credit": "Made with Blockbench",
	"textures": {
		"0": "item/sapphire_staff",
		"particle": "item/sapphire_staff"
	},
	"elements": [
		{
			"from": [7.5, 1.5, 7.5],
			"to": [8.5, 11, 8.5],
			"faces": {
				"north": {"uv": [6, 0, 7, 9.5], "texture": "#0"},
				"east": {"uv": [6, 0, 7, 9.5], "texture": "#0"},
				"south": {"uv": [6, 0, 7, 9.5], "texture": "#0"},
				"west": {"uv": [6, 0, 7, 9.5], "texture": "#0"}
			}
		},
		{
			"from": [7.75, 0, 7.75],
			"to": [8.25, 1, 8.25],
			"faces": {
				"north": {"uv": [4.5, 7, 5, 8], "texture": "#0"},
				"east": {"uv": [4.5, 7, 5, 8], "texture": "#0"},
				"south": {"uv": [4.5, 7, 5, 8], "texture": "#0"},
				"west": {"uv": [4.5, 7, 5, 8], "texture": "#0"},
				"down": {"uv": [4.5, 7.5, 5, 8], "texture": "#0"}
			}
		},
		{
			"from": [7.25, 11, 7.5],
			"to": [8.75, 11.5, 8.5],
			"faces": {
				"north": {"uv": [4, 5.5, 5.5, 6], "texture": "#0"},
				"east": {"uv": [3, 5.5, 4, 6], "texture": "#0"},
				"south": {"uv": [4, 5.5, 5.5, 6], "texture": "#0"},
				"west": {"uv": [3, 5.5, 4, 6], "texture": "#0"},
				"up": {"uv": [4, 5.5, 5.5, 6], "texture": "#0"},
				"down": {"uv": [4, 5.5, 5.5, 6], "texture": "#0"}
			}
		},
		{
			"from": [6.75, 13, 7.75],
			"to": [9.25, 16, 8.25],
			"faces": {
				"north": {"uv": [3, 0, 5.5, 3], "texture": "#0"},
				"east": {"uv": [3, 0, 3.5, 3], "texture": "#0"},
				"south": {"uv": [3, 0, 5.5, 3], "texture": "#0"},
				"west": {"uv": [5, 0, 5.5, 3], "texture": "#0"},
				"up": {"uv": [3, 0, 5.5, 0.5], "texture": "#0"},
				"down": {"uv": [3, 2.5, 5.5, 3], "texture": "#0"}
			}
		},
		{
			"from": [7.25, 14.5, 7.25],
			"to": [8.75, 18, 8.75],
			"rotation": {"angle": 45, "axis": "y", "origin": [8, 15.75, 8]},
			"faces": {
				"north": {"uv": [1.5, 0, 3, 3.5], "texture": "#0"},
				"east": {"uv": [0, 0, 1.5, 3.5], "texture": "#0"},
				"south": {"uv": [1.5, 0, 3, 3.5], "texture": "#0"},
				"west": {"uv": [0, 0, 1.5, 3.5], "texture": "#0"},
				"up": {"uv": [0, 3.5, 1.5, 5], "texture": "#0"},
				"down": {"uv": [0, 3.5, 1.5, 5], "texture": "#0"}
			}
		},
		{
			"from": [7.75, 13, 6.75],
			"to": [8.25, 16, 9.25],
			"faces": {
				"north": {"uv": [3, 0, 3.5, 3], "texture": "#0"},
				"east": {"uv": [3, 0, 5.5, 3], "texture": "#0"},
				"south": {"uv": [5, 0, 5.5, 3], "texture": "#0"},
				"west": {"uv": [3, 0, 5.5, 3], "texture": "#0"},
				"up": {"uv": [3, 0, 5.5, 0.5], "texture": "#0"},
				"down": {"uv": [3, 2.5, 5.5, 3], "texture": "#0"}
			}
		},
		{
			"from": [7.5, 11.5, 7.5],
			"to": [8.5, 14, 8.5],
			"faces": {
				"north": {"uv": [4, 3, 5, 5.5], "texture": "#0"},
				"east": {"uv": [4, 3, 5, 5.5], "texture": "#0"},
				"south": {"uv": [4, 3, 5, 5.5], "texture": "#0"},
				"west": {"uv": [4, 3, 5, 5.5], "texture": "#0"},
				"up": {"uv": [4.5, 3, 5, 3.5], "texture": "#0"}
			}
		},
		{
			"from": [7.25, 1, 7.5],
			"to": [8.75, 1.5, 8.5],
			"faces": {
				"north": {"uv": [4, 6.5, 5.5, 7], "texture": "#0"},
				"east": {"uv": [3, 6.5, 4, 7], "texture": "#0"},
				"south": {"uv": [4, 6.5, 5.5, 7], "texture": "#0"},
				"west": {"uv": [3, 6.5, 4, 7], "texture": "#0"},
				"up": {"uv": [4, 6.5, 5.5, 7], "texture": "#0"},
				"down": {"uv": [4, 6.5, 5.5, 7], "texture": "#0"}
			}
		},
		{
			"from": [7.75, 12.5, 7.25],
			"to": [8.25, 13, 8.75],
			"faces": {
				"north": {"uv": [3.5, 4, 5, 4.5], "texture": "#0"},
				"east": {"uv": [3.5, 4, 5, 4.5], "texture": "#0"},
				"south": {"uv": [3.5, 4, 5, 4.5], "texture": "#0"},
				"west": {"uv": [3.5, 4, 5, 4.5], "texture": "#0"},
				"down": {"uv": [3.5, 4, 5, 4.5], "texture": "#0"}
			}
		},
		{
			"from": [7.25, 12.5, 7.75],
			"to": [8.75, 13, 8.25],
			"faces": {
				"north": {"uv": [3.5, 4, 5, 4.5], "texture": "#0"},
				"east": {"uv": [3.5, 4, 5, 4.5], "texture": "#0"},
				"south": {"uv": [3.5, 4, 5, 4.5], "texture": "#0"},
				"west": {"uv": [3.5, 4, 5, 4.5], "texture": "#0"},
				"down": {"uv": [3.5, 4, 5, 4.5], "texture": "#0"}
			}
		}
	],
	"display": {
		"thirdperson_righthand": {
			"scale": [1.5, 1.5, 1.5],
			"rotation": [0, 90, 0],
			"translation": [0, 2, 1.5]
		},
		"gui": {
			"rotation": [-35, -22, -45],
			"translation": [-0.5, -1, 0]
		},
		"ground": {
			"scale": [0.75, 0.75, 0.75],
			"rotation": [0, 0, 60],
			"translation": [1, -0.5, 0]
		},
		"fixed": {
			"scale": [1.5, 1.5, 1.5],
			"translation": [0, -1.5, 0]
		},
		"firstperson_righthand": {
			"rotation": [-32, 90, 0],
			"translation": [0, 3, 1.5]
		},
		"thirdperson_lefthand": {
			"scale": [1.5, 1.5, 1.5],
			"rotation": [0, -90, 0],
			"translation": [0, 2, 1.5]
		},
		"firstperson_lefthand": {
			"rotation": [-32, -90, 0],
			"translation": [0, 3, 1.5]
		}
	}
}