{
	"textures": {
		"0": "models/armor/obsidian_bascinet",
		"particle": "models/armor/obsidian_bascinet"
	},
	"elements": [
		{
			"from": [0, 0, 0],
			"to": [16, 16, 0],
			"faces": {
				"north": {"uv": [4, 4, 8, 8], "texture": "#0"},
				"south": {"uv": [8, 4, 4, 8], "texture": "#0"}
			}
		},
		{
			"from": [0, 0, 16],
			"to": [16, 16, 16],
			"faces": {
				"north": {"uv": [16, 4, 12, 8], "texture": "#0"},
				"south": {"uv": [12, 4, 16, 8], "texture": "#0"}
			}
		},
		{
			"from": [0, 0, 0],
			"to": [0, 16, 16],
			"faces": {
				"east": {"uv": [12, 4, 8, 8], "texture": "#0"},
				"west": {"uv": [8, 4, 12, 8], "texture": "#0"}
			}
		},
		{
			"from": [16, 0, 0],
			"to": [16, 16, 16],
			"faces": {
				"east": {"uv": [0, 4, 4, 8], "texture": "#0"},
				"west": {"uv": [4, 4, 0, 8], "texture": "#0"}
			}
		},
		{
			"from": [0, 16, 0],
			"to": [16, 16, 16],
			"faces": {
				"up": {"uv": [8, 0, 4, 4], "texture": "#0", "rotation": 90},
				"down": {"uv": [8, 0, 4, 4], "texture": "#0"}
			}
		},
		{
			"from": [0, 16, 0],
			"to": [16, 22, 0],
			"faces": {
				"north": {"uv": [4, 8, 8, 9.5], "texture": "#0"},
				"south": {"uv": [8, 8, 4, 9.5], "texture": "#0"}
			}
		},
		{
			"from": [16, 8, 4],
			"to": [22, 14, 10],
			"faces": {
				"north": {"uv": [0, 11.5, 1.5, 13], "texture": "#0"},
				"east": {"uv": [6.5, 11.5, 8, 13], "texture": "#0"},
				"south": {"uv": [1.5, 11.5, 0, 13], "texture": "#0"},
				"up": {"uv": [13.5, 12, 12, 10.5], "texture": "#0"},
				"down": {"uv": [13.5, 10.5, 12, 12], "texture": "#0"}
			}
		},
		{
			"from": [16, 16, 0],
			"to": [16, 22, 16],
			"faces": {
				"east": {"uv": [0, 8, 4, 9.5], "texture": "#0"},
				"west": {"uv": [4, 8, 0, 9.5], "texture": "#0"}
			}
		},
		{
			"from": [0, 16, 0],
			"to": [0, 22, 16],
			"faces": {
				"east": {"uv": [12, 8, 8, 9.5], "texture": "#0"},
				"west": {"uv": [8, 8, 12, 9.5], "texture": "#0"}
			}
		},
		{
			"from": [0, 16, 16],
			"to": [16, 22, 16],
			"faces": {
				"north": {"uv": [16, 8, 12, 9.5], "texture": "#0"},
				"south": {"uv": [12, 8, 16, 9.5], "texture": "#0"}
			}
		},
		{
			"from": [18, 12, -2],
			"to": [22, 16, 0],
			"faces": {
				"north": {"uv": [0, 0, 4, 4], "texture": "#missing"},
				"east": {"uv": [9, 11, 9.5, 12], "texture": "#0"},
				"west": {"uv": [9.5, 11, 9, 12], "texture": "#0"},
				"up": {"uv": [13, 13.5, 12, 13], "texture": "#0"},
				"down": {"uv": [13, 13, 12, 13.5], "texture": "#0"}
			}
		},
		{
			"from": [18, 14, -6],
			"to": [22, 18, -4],
			"faces": {
				"north": {"uv": [0, 10.5, 1, 11.5], "texture": "#0"},
				"east": {"uv": [10, 10.5, 10.5, 11.5], "texture": "#0"},
				"south": {"uv": [1, 10.5, 0, 11.5], "texture": "#0"},
				"west": {"uv": [10.5, 10.5, 10, 11.5], "texture": "#0"},
				"up": {"uv": [13, 14.5, 12, 14], "texture": "#0"},
				"down": {"uv": [13, 14, 12, 14.5], "texture": "#0"}
			}
		},
		{
			"from": [14, 16, -6],
			"to": [18, 20, -4],
			"faces": {
				"north": {"uv": [1, 10, 2, 11], "texture": "#0"},
				"east": {"uv": [10, 10, 10.5, 11], "texture": "#0"},
				"south": {"uv": [2, 10, 1, 11], "texture": "#0"},
				"west": {"uv": [10.5, 10, 10, 11], "texture": "#0"},
				"up": {"uv": [14, 14.5, 13, 14], "texture": "#0"},
				"down": {"uv": [14, 14, 13, 14.5], "texture": "#0"}
			}
		},
		{
			"from": [18, 10, 0],
			"to": [22, 16, 4],
			"faces": {
				"north": {"uv": [0, 11, 1, 12.5], "texture": "#0"},
				"east": {"uv": [8, 11, 9, 12.5], "texture": "#0"},
				"south": {"uv": [1, 11, 0, 12.5], "texture": "#0"},
				"west": {"uv": [9, 11, 8, 12.5], "texture": "#0"},
				"up": {"uv": [13, 13, 12, 12], "texture": "#0"},
				"down": {"uv": [13, 12, 12, 13], "texture": "#0"}
			}
		},
		{
			"from": [18, 12, -4],
			"to": [22, 18, -2],
			"faces": {
				"north": {"uv": [0, 10.5, 1, 12], "texture": "#0"},
				"east": {"uv": [9.5, 10.5, 10, 12], "texture": "#0"},
				"south": {"uv": [1, 10.5, 0, 12], "texture": "#0"},
				"west": {"uv": [10, 10.5, 9.5, 12], "texture": "#0"},
				"up": {"uv": [13, 14, 12, 13.5], "texture": "#0"},
				"down": {"uv": [13, 13.5, 12, 14], "texture": "#0"}
			}
		},
		{
			"from": [12, 18, -6],
			"to": [14, 22, -4],
			"faces": {
				"north": {"uv": [2, 9.5, 2.5, 10.5], "texture": "#0"},
				"east": {"uv": [10, 9.5, 10.5, 10.5], "texture": "#0"},
				"south": {"uv": [2.5, 9.5, 2, 10.5], "texture": "#0"},
				"west": {"uv": [10.5, 9.5, 10, 10.5], "texture": "#0"},
				"up": {"uv": [14.5, 14.5, 14, 14], "texture": "#0"},
				"down": {"uv": [14.5, 14, 14, 14.5], "texture": "#0"}
			}
		},
		{
			"from": [-6, 8, 4],
			"to": [0, 14, 10],
			"faces": {
				"north": {"uv": [1.5, 11.5, 0, 13], "texture": "#0"},
				"south": {"uv": [0, 11.5, 1.5, 13], "texture": "#0"},
				"west": {"uv": [8, 11.5, 6.5, 13], "texture": "#0"},
				"up": {"uv": [12, 12, 13.5, 10.5], "texture": "#0"},
				"down": {"uv": [12, 10.5, 13.5, 12], "texture": "#0"}
			}
		},
		{
			"from": [-6, 10, 0],
			"to": [-2, 16, 4],
			"faces": {
				"north": {"uv": [1, 11, 0, 12.5], "texture": "#0"},
				"east": {"uv": [8, 11, 9, 12.5], "texture": "#0"},
				"south": {"uv": [0, 11, 1, 12.5], "texture": "#0"},
				"west": {"uv": [9, 11, 8, 12.5], "texture": "#0"},
				"up": {"uv": [12, 13, 13, 12], "texture": "#0"},
				"down": {"uv": [12, 12, 13, 13], "texture": "#0"}
			}
		},
		{
			"from": [-6, 12, -4],
			"to": [-2, 18, -2],
			"faces": {
				"north": {"uv": [1, 10.5, 0, 12], "texture": "#0"},
				"east": {"uv": [9.5, 10.5, 10, 12], "texture": "#0"},
				"south": {"uv": [0, 10.5, 1, 12], "texture": "#0"},
				"west": {"uv": [10, 10.5, 9.5, 12], "texture": "#0"},
				"up": {"uv": [12, 14, 13, 13.5], "texture": "#0"},
				"down": {"uv": [12, 13.5, 13, 14], "texture": "#0"}
			}
		},
		{
			"from": [-6, 12, -2],
			"to": [-2, 16, 0],
			"faces": {
				"north": {"uv": [0, 0, 4, 4], "texture": "#missing"},
				"east": {"uv": [9, 11, 9.5, 12], "texture": "#0"},
				"west": {"uv": [9.5, 11, 9, 12], "texture": "#0"},
				"up": {"uv": [12, 13.5, 13, 13], "texture": "#0"},
				"down": {"uv": [12, 13, 13, 13.5], "texture": "#0"}
			}
		},
		{
			"from": [-6, 14, -6],
			"to": [-2, 18, -4],
			"faces": {
				"north": {"uv": [1, 10.5, 0, 11.5], "texture": "#0"},
				"east": {"uv": [10, 10.5, 10.5, 11.5], "texture": "#0"},
				"south": {"uv": [0, 10.5, 1, 11.5], "texture": "#0"},
				"west": {"uv": [10.5, 10.5, 10, 11.5], "texture": "#0"},
				"up": {"uv": [12, 14.5, 13, 14], "texture": "#0"},
				"down": {"uv": [12, 14, 13, 14.5], "texture": "#0"}
			}
		},
		{
			"from": [-2, 16, -6],
			"to": [2, 20, -4],
			"faces": {
				"north": {"uv": [2, 10, 1, 11], "texture": "#0"},
				"east": {"uv": [10, 10, 10.5, 11], "texture": "#0"},
				"south": {"uv": [1, 10, 2, 11], "texture": "#0"},
				"west": {"uv": [10.5, 10, 10, 11], "texture": "#0"},
				"up": {"uv": [13, 14.5, 14, 14], "texture": "#0"},
				"down": {"uv": [13, 14, 14, 14.5], "texture": "#0"}
			}
		},
		{
			"from": [2, 18, -6],
			"to": [4, 22, -4],
			"faces": {
				"north": {"uv": [2.5, 9.5, 2, 10.5], "texture": "#0"},
				"east": {"uv": [10, 9.5, 10.5, 10.5], "texture": "#0"},
				"south": {"uv": [2, 9.5, 2.5, 10.5], "texture": "#0"},
				"west": {"uv": [10.5, 9.5, 10, 10.5], "texture": "#0"},
				"up": {"uv": [14, 14.5, 14.5, 14], "texture": "#0"},
				"down": {"uv": [14, 14, 14.5, 14.5], "texture": "#0"}
			}
		}
	]
}