{"stats":{"minecraft:used":{"minecraft:calcite":56,"minecraft:diorite":3,"minecraft:writable_book":1,"minecraft:iron_ore":8,"minecraft:yellow_shulker_box":1,"minecraft:spruce_slab":4,"minecraft:oak_sign":68,"minecraft:chest":290,"minecraft:stone":175,"minecraft:player_head":92,"minecraft:oak_leaves":1,"minecraft:torch":35,"minecraft:diamond_block":8,"minecraft:dirt":6,"minecraft:anvil":2,"minecraft:granite":1,"minecraft:oak_log":13,"minecraft:glass":1,"minecraft:stone_brick_slab":2,"minecraft:netherite_block":4,"minecraft:command_block":64,"minecraft:grass_block":13,"minecraft:warped_nylium":15,"minecraft:polished_granite":14,"minecraft:deepslate":4,"minecraft:bedrock":24,"minecraft:coal_block":6,"minecraft:cobblestone":6,"minecraft:red_banner":3,"minecraft:andesite":9,"minecraft:gold_block":15},"minecraft:picked_up":{"minecraft:wooden_axe":1,"minecraft:charcoal":1,"minecraft:iron_chestplate":4,"minecraft:yellow_shulker_box":1,"minecraft:leather_chestplate":3,"minecraft:tripwire_hook":3,"minecraft:leather_leggings":1,"minecraft:golden_leggings":1,"minecraft:diamond_sword":4,"minecraft:gold_block":1,"minecraft:potion":4,"minecraft:nether_brick":1,"minecraft:light_gray_dye":1,"minecraft:golden_sword":2,"minecraft:golden_boots":1,"minecraft:brick":1,"minecraft:dragon_breath":1,"minecraft:lapis_block":1,"minecraft:paper":2,"minecraft:elytra":1,"minecraft:iron_axe":1,"minecraft:name_tag":2,"minecraft:wooden_sword":2,"minecraft:flint_and_steel":1,"minecraft:iron_leggings":1,"minecraft:armor_stand":9,"minecraft:leather_boots":2,"minecraft:bone":1,"minecraft:wheat_seeds":2,"minecraft:diamond_leggings":1,"minecraft:gold_nugget":1,"minecraft:iron_ingot":1,"minecraft:written_book":1,"minecraft:player_head":225,"minecraft:iron_nugget":1,"minecraft:poppy":1,"minecraft:diamond_helmet":2,"minecraft:glowstone_dust":1,"minecraft:iron_sword":4,"minecraft:diamond_hoe":1,"minecraft:golden_helmet":1,"minecraft:end_stone":1,"minecraft:torch":3,"minecraft:ink_sac":1,"minecraft:fermented_spider_eye":1,"minecraft:redstone":2,"minecraft:golden_chestplate":2,"minecraft:leather_helmet":2,"minecraft:diamond_shovel":2,"minecraft:stone_sword":1,"minecraft:rotten_flesh":1,"minecraft:command_block":1,"minecraft:diamond_chestplate":2,"minecraft:lever":192,"minecraft:shears":1,"minecraft:chainmail_leggings":1,"minecraft:diamond_boots":2,"minecraft:diamond_axe":3,"minecraft:golden_apple":1,"minecraft:chainmail_helmet":1,"minecraft:gold_ingot":1,"minecraft:emerald":1,"minecraft:diamond_pickaxe":4,"minecraft:sunflower":1},"minecraft:dropped":{"minecraft:command_block":1},"minecraft:custom":{"minecraft:interact_with_anvil":5,"minecraft:open_shulker_box":1,"minecraft:leave_game":7,"minecraft:time_since_death":203862,"minecraft:time_since_rest":203862,"minecraft:sprint_one_cm":944,"minecraft:walk_one_cm":28788,"minecraft:drop":1,"minecraft:damage_dealt":18,"minecraft:fly_one_cm":191830,"minecraft:open_chest":835,"minecraft:crouch_one_cm":934,"minecraft:play_time":203862,"minecraft:sneak_time":948,"minecraft:jump":80,"minecraft:walk_on_water_one_cm":1211,"minecraft:total_world_time":119323}},"DataVersion":2730}