{"stats":{"minecraft:custom":{"minecraft:time_since_rest":188961,"minecraft:sprint_one_cm":754,"minecraft:walk_one_cm":20753,"minecraft:interact_with_anvil":5,"minecraft:drop":1,"minecraft:damage_dealt":18,"minecraft:fly_one_cm":159636,"minecraft:open_chest":766,"minecraft:crouch_one_cm":829,"minecraft:play_time":188961,"minecraft:open_shulker_box":1,"minecraft:sneak_time":752,"minecraft:jump":60,"minecraft:leave_game":6,"minecraft:time_since_death":188961,"minecraft:walk_on_water_one_cm":1040,"minecraft:total_world_time":103985},"minecraft:dropped":{"minecraft:command_block":1},"minecraft:used":{"minecraft:calcite":56,"minecraft:oak_log":12,"minecraft:glass":1,"minecraft:stone_brick_slab":2,"minecraft:netherite_block":4,"minecraft:diorite":3,"minecraft:writable_book":1,"minecraft:iron_ore":8,"minecraft:command_block":64,"minecraft:grass_block":10,"minecraft:yellow_shulker_box":1,"minecraft:spruce_slab":4,"minecraft:oak_sign":65,"minecraft:warped_nylium":15,"minecraft:chest":255,"minecraft:polished_granite":14,"minecraft:stone":138,"minecraft:deepslate":4,"minecraft:player_head":92,"minecraft:bedrock":24,"minecraft:torch":33,"minecraft:coal_block":4,"minecraft:dirt":2,"minecraft:cobblestone":6,"minecraft:anvil":2,"minecraft:red_banner":3,"minecraft:andesite":3,"minecraft:gold_block":15,"minecraft:granite":1},"minecraft:picked_up":{"minecraft:yellow_shulker_box":1,"minecraft:torch":2,"minecraft:command_block":1,"minecraft:wheat_seeds":1,"minecraft:player_head":118}},"DataVersion":2730}