{"stats":{"minecraft:used":{"minecraft:calcite":27,"minecraft:oak_log":12,"minecraft:bedrock":5,"minecraft:netherite_block":4,"minecraft:torch":25,"minecraft:iron_ore":8,"minecraft:anvil":2,"minecraft:cobblestone":6,"minecraft:command_block":63,"minecraft:grass_block":1,"minecraft:spruce_slab":4,"minecraft:oak_sign":25,"minecraft:chest":199,"minecraft:polished_granite":11,"minecraft:stone":76,"minecraft:granite":1,"minecraft:deepslate":4,"minecraft:player_head":73},"minecraft:dropped":{"minecraft:command_block":1},"minecraft:picked_up":{"minecraft:command_block":1,"minecraft:wheat_seeds":1,"minecraft:player_head":68},"minecraft:custom":{"minecraft:time_since_rest":125807,"minecraft:open_chest":411,"minecraft:crouch_one_cm":362,"minecraft:sprint_one_cm":484,"minecraft:play_time":125807,"minecraft:walk_one_cm":11513,"minecraft:sneak_time":357,"minecraft:interact_with_anvil":5,"minecraft:drop":1,"minecraft:jump":37,"minecraft:damage_dealt":18,"minecraft:leave_game":3,"minecraft:walk_on_water_one_cm":687,"minecraft:time_since_death":125807,"minecraft:total_world_time":36687,"minecraft:fly_one_cm":124152}},"DataVersion":2730}