{
    "DialogShowWheel": 0b,
    "AvailabilityQuestId": -1,
    "Options": [
        {
            "OptionSlot": 0,
            "Option": {
                "DialogCommand": "",
                "Dialog": -1,
                "Title": "Ruszać gdzie? Nawet nie wiem gdzie to jest... Poza tym nawet jak tam dotrę to nie mam broni.",
                "DialogColor": 16777215,
                "OptionType": 1
            }
        }
    ],
    "DialogHideNPC": 0b,
    "AvailabilityFactionStance": 0,
    "DialogId": 23,
    "AvailabilityQuest": 0,
    "AvailabilityDialog4": 0,
    "AvailabilityDialog3": 0,
    "AvailabilityQuest2": 0,
    "AvailabilityQuest3": 0,
    "AvailabilityQuest4": 0,
    "ModRev": 18,
    "DecreaseFaction1Points": 0b,
    "DialogQuest": -1,
    "AvailabilityDialog2": 0,
    "OptionFactions1": -1,
    "AvailabilityDayTime": 0,
    "OptionFactions2": -1,
    "AvailabilityFaction2Id": -1,
    "OptionFaction1Points": 100,
    "DialogDisableEsc": 0b,
    "AvailabilityFaction": 0,
    "DialogTitle": "start-i-j-z-acc",
    "AvailabilityDialog": 0,
    "AvailabilityFaction2": 0,
    "AvailabilityFactionId": -1,
    "AvailabilityFaction2Stance": 0,
    "DialogCommand": "",
    "AvailabilityDialogId": -1,
    "OptionFaction2Points": 100,
    "DialogText": "Im szybciej tym lepiej. Ruszaj od razu, dołączę do Ciebie jak już znajdziesz kryptę.",
    "AvailabilityQuest4Id": -1,
    "AvailabilityQuest3Id": -1,
    "AvailabilityQuest2Id": -1,
    "AvailabilityDialog2Id": -1,
    "AvailabilityDialog3Id": -1,
    "AvailabilityDialog4Id": -1,
    "AvailabilityMinPlayerLevel": 0,
    "DecreaseFaction2Points": 0b,
    "DialogMail": {
        "Sender": "",
        "BeenRead": 0b,
        "Message": {
        },
        "MailItems": [
        ],
        "MailQuest": -1,
        "TimePast": 1514463387066L,
        "Time": 0L,
        "Subject": ""
    }
}
