{
	"pools":
	[
		{
			"rolls": 1,
			"entries":
			[
				{
					"type": "item",
					"name": "minecraft:gold_nugget",
					"functions":
					[
						{
							"function": "set_name",
							"name": { "italic": false, "text": "Gold Coins", "color": "dark_purple", "bold": true }
						},
						{
							"function": "set_lore",
							"lore":
							[
								{ "italic": false, "text": "<> Exactly ¤1", "color": "dark_purple" },
								{ "italic": false, "text": "- Money.", "color": "light_purple" }
							]
						},
						{
							"function": "set_nbt",
							"tag": "{HideFlags:2147483647,Unbreakable:1}"
						},
						{
							"function": "set_enchantments",
							"enchantments": 
							{
								"unbreaking": 1
							}
						},
						{
							"function": "set_nbt",
							"tag": "{ItemId:30,CustomModelData:30}"
						}
					]
				}
			]
		}
	]
}