{
	"pools":
	[
		{
			"rolls": 1,
			"entries":
			[
				{
					"type": "item",
					"name": "minecraft:paper",
					"functions":
					[
						{
							"function": "set_name",
							"name": { "italic": false, "text": "Note", "color": "gray", "bold": true }
						},
						{
							"function": "set_lore",
							"lore":
							[
								{ "italic": true, "text": "Deep within these ancient halls,", "color": "white" },
								{ "italic": true, "text": "Amidst the ruins and the walls,", "color": "white" },
								{ "italic": true, "text": "A hidden figure waits unseen,", "color": "white" },
								{ "italic": true, "text": "Patiently observing every scene,", "color": "white" },
								{ "italic": false, "text": "" },
								{ "italic": true, "text": "But to find this sage of old,", "color": "white" },
								{ "italic": true, "text": "One must be daring, brave and bold,", "color": "white" },
								{ "italic": true, "text": "And climb the heights that others fear,", "color": "white" },
								{ "italic": true, "text": "To seek the knowledge that lies near,", "color": "white" },
								{ "italic": false, "text": "" },
								{ "italic": true, "text": "So heed these words, and do not falter,", "color": "white" },
								{ "italic": true, "text": "For the path ahead is steep and alter,", "color": "white" },
								{ "italic": true, "text": "But if you seek the answers true,", "color": "white" },
								{ "italic": true, "text": "The old man's knowledge waits for you,", "color": "white" },
								{ "italic": false, "text": "" }
							]
						},
						{
							"function": "set_nbt",
							"tag": "{HideFlags:2147483647,Unbreakable:1}"
						},
						{
							"function": "set_nbt",
							"tag": "{ItemId:200,CustomModelData:200}"
						}
					]
				}
			]
		}
	]
}