{
	"pools":
	[
		{
			"rolls": 1,
			"entries":
			[
				{
					"type": "item",
					"name": "minecraft:leather",
					"functions":
					[
						{
							"function": "set_name",
							"name": { "italic": false, "text": "Tattered Leather", "color": "dark_gray", "bold": true }
						},
						{
							"function": "set_lore",
							"lore":
							[
								{ "italic": false, "text": "- A worn-out piece of leather, who knows how long", "color": "gray" },
								{ "italic": false, "text": "  it's been laying here...", "color": "gray" },
								{ "italic": false, "text": "" }
							]
						},
						{
							"function": "set_nbt",
							"tag": "{HideFlags:2147483647,Unbreakable:1}"
						},
						{
							"function": "set_nbt",
							"tag": "{ItemId:37,CustomModelData:37}"
						}
					]
				}
			]
		}
	]
}