{"stat.chestOpened":6,"stat.useItem.minecraft.bow":13,"stat.walkOneCm":14235,"stat.useItem.minecraft.chest":5,"stat.leaveGame":8,"stat.jump":185,"stat.swimOneCm":5011,"stat.fallOneCm":1017,"stat.drop.minecraft.sapling":1,"stat.crouchOneCm":1875,"stat.useItem.minecraft.written_book":2,"stat.pickup.minecraft.sapling":1,"stat.sprintOneCm":18389,"achievement.exploreAllBiomes":{"value":0,"progress":["Cold Taiga","Mesa","Jungle","Plains","Desert","Taiga","The End","Swampland"]},"achievement.openInventory":24,"stat.damageTaken":10,"stat.flyOneCm":2646604,"stat.drop":1,"stat.playOneMinute":53564,"stat.sneakTime":7365,"stat.damageDealt":10,"stat.timeSinceDeath":53564,"stat.useItem.minecraft.sign":2,"stat.diveOneCm":3951}