{
	"pools":
	[
		{
			"rolls": 1,
			"entries":
			[
				{
					"type": "item",
					"name": "minecraft:bow",
					"functions":
					[
						{
							"function": "set_nbt",
							"tag": "{CustomModelData:0,Damage:0,Unbreakable:1,HideFlags:63,Enchantments:[{id:\"minecraft:power\",lvl:2}]}"
						},{
							"function": "set_name",
							"name": { "text": "NAZWA ŁUKU", "color": "gray", "bold": true, "italic": "false" }
						},{
							"function": "set_lore",
							"lore":
							[
								{ "text": "  PRZYKŁADOWY OPIS ŁUKU", "color": "dark_gray", "italic": false },
								{ "text": "  DRUGA LINIJKA OPISU ŁUKU.", "color": "dark_gray", "italic": false },
								
								{ "text": "" },
								[
									{ "text": "> ", "color": "gray", "italic": false },
									{ "text": "À 3-18", "color": "white" }
								]
							]
						}
					]
				}
			]
		}
	]
}