{
	"pools":
	[
		{
			"rolls": 1,
			"entries":
			[
				{
					"type": "item",
					"name": "minecraft:iron_pickaxe",
					"functions":
					[
						{
							"function": "set_nbt",
							"tag": "{CustomModelData:0,Damage:0,Unbreakable:1,HideFlags:63}"
						},{
							"function": "set_attributes",
							"modifiers":
							[
								{
									"amount": 100.0,
									"slot": "mainhand",
									"name": "Attack Damage",
									"attribute": "generic.attackDamage",
									"operation": "addition"
								},{
									"amount": -1.5,
									"slot": "mainhand",
									"name": "Attack Speed",
									"attribute": "generic.attackSpeed",
									"operation": "addition"
								}
							]
						},{
							"function": "set_name",
							"name": { "text": "NAZWA SZTYLETU", "color": "gray", "bold": true, "italic": "false" }
						},{
							"function": "set_lore",
							"lore":
							[
								{ "text": "  PRZYKŁADOWY OPIS SZTYLETU", "color": "dark_gray", "italic": false },
								{ "text": "  DRUGA LINIJKA OPISU SZTYLETU.", "color": "dark_gray", "italic": false },
								
								{ "text": "" },
								[
									{ "text": "> ", "color": "gray", "italic": false },
									{ "text": "À 100", "color": "white" }
								],
								[
									{ "text": "> ", "color": "gray", "italic": false },
									{ "text": "Æ 1.5", "color": "white" }
								]
							]
						}
					]
				}
			]
		}
	]
}