{
	"pools":
	[
		{
			"rolls": 1,
			"entries":
			[
				{
					"type": "item",
					"name": "minecraft:leather_helmet",
					"functions":
					[
						{
							"function": "set_nbt",
							"tag": "{CustomModelData:1,Damage:0,Unbreakable:1,HideFlags:63}"
						},{
							"function": "set_attributes",
							"modifiers":
							[
								{
									"amount": 1,
									"slot": "head",
									"name": "Armor",
									"attribute": "generic.armor",
									"operation": "addition"
								}
							]
						},{
							"function": "set_name",
							"name": { "text": "Skórzany hełm", "color": "gray", "bold": true, "italic": "false" }
						},{
							"function": "set_lore",
							"lore":
							[
								{ "text": "  Wygodny, ale niezbyt dobrze", "color": "dark_gray", "italic": false },
								{ "text": "  chroni.", "color": "dark_gray", "italic": false },
								
								{ "text": "" },
								[
									{ "text": "> ", "color": "gray", "italic": false },
									{ "text": "Ã 1", "color": "white" }
								]
							]
						}
					]
				}
			]
		}
	]
}