{
	"pools":
	[
		{
			"rolls": 1,
			"entries":
			[
				{
					"type": "item",
					"name": "minecraft:iron_sword",
					"functions":
					[
						{
							"function": "set_nbt",
							"tag": "{CustomModelData:5,Damage:0,Unbreakable:1,HideFlags:63}"
						},{
							"function": "set_attributes",
							"modifiers":
							[
								{
									"amount": 5.5,
									"slot": "mainhand",
									"name": "Attack Damage",
									"attribute": "generic.attackDamage",
									"operation": "addition"
								},{
									"amount": -1.5,
									"slot": "mainhand",
									"name": "Attack Speed",
									"attribute": "generic.attackSpeed",
									"operation": "addition"
								}
							]
						},{
							"function": "set_name",
							"name": { "text": "Sejmitar", "color": "gray", "bold": true, "italic": "false" }
						},{
							"function": "set_lore",
							"lore":
							[
								{ "text": "  Dobrze wyważony, ostry i", "color": "dark_gray", "italic": false },
								{ "text": "  diabelnie szybki. Idealny do", "color": "dark_gray", "italic": false },
								{ "text": "  precyzyjnych cięć.", "color": "dark_gray", "italic": false },
								
								{ "text": "" },
								[
									{ "text": "> ", "color": "gray", "italic": false },
									{ "text": "À 5.5", "color": "white" }
								],
								[
									{ "text": "> ", "color": "gray", "italic": false },
									{ "text": "Æ 1.5", "color": "white" }
								]
							]
						}
					]
				}
			]
		}
	]
}