{"stats":{"minecraft:dropped":{"minecraft:orange_tulip":2,"minecraft:cobblestone":2},"minecraft:used":{"minecraft:oak_log":684,"minecraft:oak_trapdoor":98,"minecraft:oak_fence":18,"minecraft:dark_oak_stairs":33,"minecraft:brown_terracotta":12,"minecraft:dark_oak_planks":328,"minecraft:flower_pot":1,"minecraft:jack_o_lantern":48,"minecraft:iron_bars":5,"minecraft:cobblestone_stairs":117,"minecraft:bookshelf":23,"minecraft:armor_stand":3,"minecraft:spruce_door":6,"minecraft:light_gray_stained_glass_pane":66,"minecraft:dead_bush":15,"minecraft:red_wool":124,"minecraft:spruce_wood":1,"minecraft:lantern":8,"minecraft:grass_block":35,"minecraft:oak_stairs":23,"minecraft:spruce_slab":216,"minecraft:gray_carpet":13,"minecraft:brown_wool":16,"minecraft:ladder":25,"minecraft:stone_button":28,"minecraft:oak_sign":8,"minecraft:chest":5,"minecraft:spruce_planks":1399,"minecraft:leather_chestplate":1,"minecraft:stone":2,"minecraft:dark_oak_slab":197,"minecraft:polished_granite":36,"minecraft:cobblestone_slab":249,"minecraft:spruce_fence_gate":3,"minecraft:player_head":46,"minecraft:item_frame":1,"minecraft:oak_leaves":252,"minecraft:brown_carpet":28,"minecraft:cobblestone":385,"minecraft:terracotta":7,"minecraft:white_carpet":6,"minecraft:oak_slab":191,"minecraft:crafting_table":24,"minecraft:furnace":2,"minecraft:spruce_stairs":245,"minecraft:cobblestone_wall":17,"minecraft:smooth_stone_slab":2,"minecraft:painting":129,"minecraft:spruce_fence":87,"minecraft:spruce_log":13,"minecraft:dark_oak_door":2,"minecraft:cobweb":52},"minecraft:picked_up":{"minecraft:dandelion":4,"minecraft:orange_tulip":1,"minecraft:cobblestone":1},"minecraft:custom":{"minecraft:time_since_rest":231038,"minecraft:sprint_one_cm":968,"minecraft:walk_one_cm":17211,"minecraft:drop":4,"minecraft:interact_with_crafting_table":2,"minecraft:fly_one_cm":1610201,"minecraft:crouch_one_cm":707,"minecraft:play_time":231038,"minecraft:sneak_time":8186,"minecraft:pot_flower":1,"minecraft:jump":41,"minecraft:leave_game":1,"minecraft:walk_on_water_one_cm":483,"minecraft:time_since_death":231038,"minecraft:total_world_time":235258}},"DataVersion":2865}