{
    "CompleterNpc": "Anton",
    "NextQuestId": -1,
    "RandomReward": 0b,
    "QuestRepeat": 0,
    "QuestCompletion": 1,
    "Title": "Obrona domu",
    "Text": "Zombie przyszły pod dom. Musze coś z tym zrobić...",
    "QuestFactionPoints": {
        "DecreaseFaction1Points": 0b,
        "OptionFaction2Points": 100,
        "OptionFactions1": -1,
        "OptionFactions2": -1,
        "OptionFaction1Points": 100,
        "DecreaseFaction2Points": 0b
    },
    "RewardExp": 10,
    "QuestCommand": "",
    "QuestDialogs": [
        {
            "Value": 2,
            "Slot": "Zombie"
        },
        {
            "Value": 3,
            "Slot": "Nieumarly"
        },
        {
            "Value": 1,
            "Slot": "Ciezki Zombie"
        }
    ],
    "ModRev": 18,
    "Type": 2,
    "QuestMail": {
        "Sender": "",
        "BeenRead": 0b,
        "Message": {
        },
        "MailItems": [
        ],
        "MailQuest": -1,
        "TimePast": 1514576202687L,
        "Time": 0L,
        "Subject": ""
    },
    "Rewards": {
        "NpcMiscInv": [
            {
                "Slot": 0b,
                "id": "minecraft:chorus_fruit_popped",
                "Count": 10b,
                "tag": {
                    "display": {
                        "Lore": [
                            "§8Mozna za nia kupic przedmioty."
                        ],
                        "Name": "§6§lMiedziana moneta"
                    }
                },
                "Damage": 0s
            }
        ]
    },
    "CompleteText": "Brawo: Udało Ci się ukończyć quest \"Obrona domu\".OTRZYMANO:+ 10 exp- 10x Miedziana moneta",
    "NextQuestTitle": ""
}
