{
    "CompleterNpc": "Ojciec",
    "NextQuestId": -1,
    "RandomReward": 0b,
    "QuestRepeat": 0,
    "QuestCompletion": 1,
    "Title": "Wróc do ojca",
    "Text": "Na szczęście z Dawidem wszystko ok, teraz tylko powiedzieć ojcu...",
    "QuestFactionPoints": {
        "DecreaseFaction1Points": 0b,
        "OptionFaction2Points": 100,
        "OptionFactions1": -1,
        "OptionFactions2": -1,
        "OptionFaction1Points": 100,
        "DecreaseFaction2Points": 0b
    },
    "RewardExp": 15,
    "QuestCommand": "",
    "QuestDialogs": [
        {
            "Integer": 15,
            "Slot": 0
        }
    ],
    "ModRev": 18,
    "Type": 1,
    "QuestMail": {
        "Sender": "",
        "BeenRead": 0b,
        "Message": {
        },
        "MailItems": [
        ],
        "MailQuest": -1,
        "TimePast": 1514576207337L,
        "Time": 0L,
        "Subject": ""
    },
    "Rewards": {
        "NpcMiscInv": [
            {
                "Slot": 0b,
                "id": "minecraft:chorus_fruit_popped",
                "Count": 7b,
                "tag": {
                    "display": {
                        "Lore": [
                            "§8Mozna za nia kupic przedmioty."
                        ],
                        "Name": "§6§lMiedziana moneta"
                    }
                },
                "Damage": 0s
            }
        ]
    },
    "CompleteText": "Brawo: Udało Ci się ukończyć quest \"Dawid\".OTRZYMANO:+ 15 exp- 7x Miedziana moneta",
    "NextQuestTitle": ""
}
