{
    "CompleterNpc": "Maltorn",
    "NextQuestId": -1,
    "QuestLocation3": "",
    "RandomReward": 0b,
    "QuestLocation2": "",
    "QuestRepeat": 0,
    "QuestCompletion": 1,
    "Title": "Znajdz krypte",
    "Text": "Maltorn chciał, żebym znalazł kryptę, Zain Nox wskrzesza tam umarłych, którzy potem napadają na okoliczne domostwa. To stamtąd przyszły zombie, które napadły na nas.",
    "QuestFactionPoints": {
        "DecreaseFaction1Points": 0b,
        "OptionFaction2Points": 100,
        "OptionFactions1": -1,
        "OptionFactions2": -1,
        "OptionFaction1Points": 100,
        "DecreaseFaction2Points": 0b
    },
    "RewardExp": 0,
    "QuestCommand": "",
    "ModRev": 18,
    "Type": 3,
    "QuestMail": {
        "Sender": "",
        "BeenRead": 0b,
        "Message": {
        },
        "MailItems": [
        ],
        "MailQuest": -1,
        "TimePast": 1514463942016L,
        "Time": 0L,
        "Subject": ""
    },
    "Rewards": {
        "NpcMiscInv": [
        ]
    },
    "CompleteText": "",
    "NextQuestTitle": "",
    "QuestLocation": "Krypta"
}
