{
  "minecraft:recipes/decorations/red_banner": {
    "criteria": {
      "has_red_wool": "2021-01-12 14:15:29 +0100"
    },
    "done": true
  },
  "minecraft:recipes/decorations/painting": {
    "criteria": {
      "has_wool": "2021-01-12 14:15:29 +0100"
    },
    "done": true
  },
  "minecraft:recipes/decorations/red_carpet": {
    "criteria": {
      "has_red_wool": "2021-01-12 14:15:29 +0100"
    },
    "done": true
  },
  "minecraft:adventure/adventuring_time": {
    "criteria": {
      "minecraft:jungle_edge": "2021-01-12 14:13:33 +0100",
      "minecraft:forest": "2021-01-12 14:14:31 +0100",
      "minecraft:mountains": "2021-01-12 14:13:36 +0100",
      "minecraft:taiga": "2021-01-12 14:15:54 +0100",
      "minecraft:taiga_hills": "2021-01-12 14:18:12 +0100",
      "minecraft:jungle": "2021-01-12 14:12:58 +0100",
      "minecraft:dark_forest": "2021-01-12 14:15:52 +0100",
      "minecraft:river": "2021-01-12 14:13:35 +0100",
      "minecraft:wooded_mountains": "2021-01-12 14:13:58 +0100",
      "minecraft:stone_shore": "2021-01-12 14:17:49 +0100",
      "minecraft:plains": "2021-01-12 14:14:35 +0100"
    },
    "done": false
  },
  "minecraft:recipes/decorations/red_bed": {
    "criteria": {
      "has_red_wool": "2021-01-12 14:15:29 +0100"
    },
    "done": true
  },
  "DataVersion": 2584
}