{"stat.chestOpened":5,"stat.leaveGame":21,"stat.pickup.minecraft.gravel":1,"stat.craftItem.minecraft.stone_brick_stairs":133,"stat.craftItem.minecraft.wool":311,"stat.jump":312,"stat.swimOneCm":4598,"stat.craftItem.minecraft.stone_pressure_plate":5,"stat.crouchOneCm":5371,"stat.craftItem.minecraft.chest":6,"stat.craftItem.minecraft.torch":18,"achievement.exploreAllBiomes":{"value":0,"progress":["Sunflower Plains","Cold Taiga","ForestHills","Birch Forest","Extreme Hills M","Taiga M","Plains","TaigaHills","FrozenRiver","Ice Plains","River","Forest","Taiga","Extreme Hills","Swampland","Ice Mountains"]},"stat.craftingTableInteraction":11,"stat.craftItem.minecraft.furnace":7,"stat.craftItem.minecraft.flint_and_steel":55,"stat.craftItem.minecraft.cobblestone_wall":31,"stat.craftItem.minecraft.sea_lantern":2,"stat.craftItem.minecraft.glowstone":2,"stat.flyOneCm":3715044,"stat.pickup.minecraft.wheat_seeds":1,"stat.craftItem.minecraft.wooden_slab":116,"stat.craftItem.minecraft.glass":16,"stat.timeSinceDeath":283860,"stat.craftItem.minecraft.oak_stairs":4,"stat.craftItem.minecraft.iron_door":5,"stat.craftItem.minecraft.stone_slab":147,"stat.walkOneCm":187758,"stat.craftItem.minecraft.bed":3,"stat.craftItem.minecraft.stonebrick":1609,"stat.craftItem.minecraft.glass_pane":13,"stat.craftItem.minecraft.redstone_block":26,"stat.craftItem.minecraft.stone_stairs":256,"stat.craftItem.minecraft.crafting_table":11,"stat.useItem.minecraft.lava_bucket":2,"stat.pickup.minecraft.filled_map":1,"stat.pickup.minecraft.sapling":14,"stat.sprintOneCm":40969,"stat.pickup.minecraft.apple":1,"achievement.openInventory":207,"stat.craftItem.minecraft.planks":664,"stat.craftItem.minecraft.stone":62,"stat.craftItem.minecraft.armor_stand":4,"stat.craftItem.minecraft.fence_gate":2,"stat.craftItem.minecraft.dirt":156,"stat.craftItem.minecraft.tnt":5,"stat.craftItem.minecraft.spruce_fence":163,"stat.craftItem.minecraft.wooden_door":5,"stat.craftItem.minecraft.redstone_lamp":24,"stat.craftItem.minecraft.fence":22,"stat.playOneMinute":283860,"stat.craftItem.minecraft.item_frame":138,"stat.sneakTime":12180,"stat.craftItem.minecraft.spruce_stairs":194,"stat.craftItem.minecraft.dye":27,"stat.diveOneCm":1368,"stat.craftItem.minecraft.spruce_door":13}