{"stat.craftItem.minecraft.stone_slab":49,"stat.walkOneCm":246752,"stat.craftItem.minecraft.stonebrick":314,"stat.craftItem.minecraft.sign":2,"stat.leaveGame":2,"stat.craftItem.minecraft.stone_stairs":40,"stat.craftItem.minecraft.stone_brick_stairs":66,"stat.jump":47,"stat.craftItem.minecraft.stone_pressure_plate":1,"stat.crouchOneCm":23009,"stat.sprintOneCm":110157,"achievement.exploreAllBiomes":{"value":0,"progress":["Birch Forest","River","Plains","Taiga","Extreme Hills","Swampland"]},"stat.craftItem.minecraft.stained_hardened_clay":236,"achievement.openInventory":24,"stat.craftItem.minecraft.planks":23,"stat.craftItem.minecraft.stone":16,"stat.craftItem.minecraft.iron_bars":19,"stat.craftItem.minecraft.dirt":38,"stat.craftItem.minecraft.cobblestone_wall":173,"stat.flyOneCm":245,"stat.playOneMinute":38762,"stat.sneakTime":1505,"stat.craftItem.minecraft.emerald_block":9,"stat.timeSinceDeath":38762,"stat.craftItem.minecraft.oak_stairs":21,"stat.craftItem.minecraft.iron_door":3}