{"stats":{"minecraft:custom":{"minecraft:jump":27,"minecraft:open_chest":5,"minecraft:time_since_rest":107753,"minecraft:damage_dealt":10,"minecraft:play_one_minute":107753,"minecraft:crouch_one_cm":79,"minecraft:leave_game":5,"minecraft:sprint_one_cm":4389,"minecraft:time_since_death":107753,"minecraft:walk_on_water_one_cm":103,"minecraft:walk_one_cm":4270,"minecraft:sneak_time":2965,"minecraft:walk_under_water_one_cm":829,"minecraft:talked_to_villager":1,"minecraft:fly_one_cm":4707691}},"DataVersion":2567}