{"stat.chestOpened":65,"stat.craftItem.minecraft.mossy_cobblestone":15,"stat.craftItem.minecraft.sign":23,"stat.pickup.minecraft.sign":1,"stat.leaveGame":25,"stat.craftItem.minecraft.stone_brick_stairs":144,"stat.pickup.minecraft.lapis_block":1,"stat.craftItem.minecraft.wool":362,"stat.jump":1045,"stat.swimOneCm":17530,"stat.climbOneCm":192,"stat.craftItem.minecraft.stone_pressure_plate":4,"stat.craftItem.minecraft.lever":11,"stat.crouchOneCm":432897,"stat.craftItem.minecraft.chest":15,"stat.craftItem.minecraft.torch":61,"achievement.exploreAllBiomes":{"value":0,"progress":["Sunflower Plains","Cold Taiga","ForestHills","Birch Forest","Flower Forest","Extreme Hills M","Plains","Taiga M","TaigaHills","Beach","FrozenRiver","Stone Beach","Extreme Hills+","Ice Plains","Cold Beach","Forest","River","Ocean","Taiga","Extreme Hills","Swampland","Ice Mountains","Deep Ocean"]},"stat.craftItem.minecraft.hopper":3,"stat.craftItem.minecraft.furnace":17,"stat.craftItem.minecraft.lapis_block":20,"stat.craftItem.minecraft.flint_and_steel":120,"stat.craftItem.minecraft.cobblestone_wall":24,"stat.craftItem.minecraft.sea_lantern":2,"stat.pickup.minecraft.dye":1,"stat.craftItem.minecraft.glowstone":13,"stat.flyOneCm":830648,"stat.useItem.minecraft.ender_pearl":7,"stat.pickup.minecraft.emerald_block":1,"stat.craftItem.minecraft.wooden_slab":89,"stat.craftItem.minecraft.stained_glass":10,"stat.craftItem.minecraft.glass":2,"stat.timeSinceDeath":54817,"stat.craftItem.minecraft.oak_stairs":195,"stat.craftItem.minecraft.iron_door":3,"stat.craftItem.minecraft.stone_slab":299,"stat.walkOneCm":2898783,"stat.trappedChestTriggered":2,"stat.craftItem.minecraft.stonebrick":1220,"stat.craftItem.minecraft.glass_pane":3,"stat.craftItem.minecraft.redstone_block":8,"stat.craftItem.minecraft.stone_stairs":84,"stat.craftItem.minecraft.crafting_table":3,"stat.useItem.minecraft.lava_bucket":7,"stat.craftItem.minecraft.stone_button":1,"stat.craftItem.minecraft.redstone":90,"stat.sprintOneCm":2495446,"stat.craftItem.minecraft.prismarine":140,"stat.craftItem.minecraft.stained_hardened_clay":93,"achievement.openInventory":275,"stat.craftItem.minecraft.planks":521,"stat.craftItem.minecraft.stone":405,"stat.craftItem.minecraft.dirt":1236,"stat.craftItem.minecraft.spruce_fence":124,"stat.craftItem.minecraft.redstone_lamp":17,"stat.craftItem.minecraft.fence":98,"stat.pickup.minecraft.spawn_egg":1,"stat.craftItem.minecraft.lead":3,"stat.deaths":2,"stat.useItem.minecraft.writable_book":2,"stat.playOneMinute":416659,"stat.sneakTime":18017,"stat.craftItem.minecraft.dye":140,"stat.craftItem.minecraft.repeater":90,"stat.pickup.minecraft.stone_slab":1,"stat.diveOneCm":64285}