{"stat.chestOpened":3,"stat.pickup.minecraft.spruce_door":2,"stat.useItem.minecraft.stone":64,"stat.leaveGame":8,"stat.jump":203,"stat.swimOneCm":4524,"stat.useItem.minecraft.sand":12,"stat.useItem.minecraft.planks":515,"stat.climbOneCm":494,"stat.crouchOneCm":191765,"stat.useItem.minecraft.dirt":240,"achievement.exploreAllBiomes":{"value":0,"progress":["Sunflower Plains","ForestHills","Extreme Hills M","Forest","River","Plains","Taiga M","Taiga","Extreme Hills","TaigaHills"]},"stat.useItem.minecraft.water_bucket":2,"stat.useItem.minecraft.glass":11,"stat.useItem.minecraft.stone_brick_stairs":3,"stat.dispenserInspected":1,"stat.flyOneCm":186019,"stat.timeSinceDeath":155072,"stat.drop.minecraft.log":1,"stat.useItem.minecraft.wooden_slab":126,"stat.useItem.minecraft.iron_door":6,"stat.walkOneCm":1739153,"stat.trappedChestTriggered":1,"stat.useItem.minecraft.chest":1,"stat.useItem.minecraft.log":114,"stat.useItem.minecraft.oak_stairs":58,"stat.useItem.minecraft.cobblestone":150,"stat.useItem.minecraft.gravel":110,"stat.drop.minecraft.spruce_door":1,"stat.useItem.minecraft.spruce_stairs":259,"stat.useItem.minecraft.spruce_fence":20,"stat.sprintOneCm":617793,"stat.useItem.minecraft.fence":49,"stat.useItem.minecraft.stone_stairs":93,"stat.useItem.minecraft.glass_pane":22,"stat.useItem.minecraft.stone_slab":20,"achievement.openInventory":58,"stat.useItem.minecraft.stonebrick":2,"stat.useItem.minecraft.spruce_door":4,"stat.useItem.minecraft.cobblestone_wall":26,"stat.drop":2,"stat.playOneMinute":155072,"stat.sneakTime":5111,"stat.diveOneCm":330}