{"stat.chestOpened":9,"stat.craftItem.minecraft.mossy_cobblestone":44,"stat.useItem.minecraft.splash_potion":5,"stat.craftItem.minecraft.piston":1,"stat.craftItem.minecraft.sign":9,"stat.craftItem.minecraft.ladder":7,"stat.leaveGame":9,"stat.craftItem.minecraft.stone_brick_stairs":179,"stat.craftItem.minecraft.wool":305,"stat.useItem.minecraft.diamond_sword":26,"stat.jump":270,"stat.swimOneCm":20938,"stat.pickup.minecraft.fence":1,"stat.climbOneCm":1312,"stat.craftItem.minecraft.lever":13,"stat.pickup.minecraft.gunpowder":1,"stat.crouchOneCm":4617,"stat.craftItem.minecraft.chest":25,"stat.craftItem.minecraft.banner":7,"stat.craftItem.minecraft.torch":42,"achievement.exploreAllBiomes":{"value":0,"progress":["Sunflower Plains","ForestHills","Flower Forest","Extreme Hills M","Forest","River","Plains","Taiga M","Taiga"]},"stat.useItem.minecraft.water_bucket":6,"stat.craftingTableInteraction":1,"stat.craftItem.minecraft.furnace":33,"stat.craftItem.minecraft.lapis_block":35,"stat.craftItem.minecraft.flint_and_steel":8,"stat.pickup.minecraft.repeater":1,"stat.pickup.minecraft.anvil":1,"stat.craftItem.minecraft.iron_bars":29,"stat.craftItem.minecraft.trapdoor":11,"stat.craftItem.minecraft.wooden_button":7,"stat.dispenserInspected":1,"stat.craftItem.minecraft.comparator":3,"stat.craftItem.minecraft.cobblestone_wall":78,"stat.craftItem.minecraft.glowstone":8,"stat.flyOneCm":1465161,"stat.craftItem.minecraft.birch_fence":2,"stat.craftItem.minecraft.wooden_slab":283,"stat.killEntity.Villager":5,"stat.damageDealt":1360,"stat.craftItem.minecraft.dispenser":1,"stat.craftItem.minecraft.cauldron":4,"stat.timeSinceDeath":301837,"stat.craftItem.minecraft.anvil":18,"stat.craftItem.minecraft.oak_stairs":271,"stat.cauldronFilled":3,"stat.craftItem.minecraft.iron_door":10,"stat.craftItem.minecraft.stone_slab":52,"stat.walkOneCm":304672,"stat.craftItem.minecraft.bed":10,"stat.craftItem.minecraft.stonebrick":135,"stat.trappedChestTriggered":25,"stat.craftItem.minecraft.glass_pane":34,"stat.craftItem.minecraft.redstone_block":16,"stat.craftItem.minecraft.stone_stairs":334,"stat.craftItem.minecraft.crafting_table":9,"stat.useItem.minecraft.lava_bucket":1,"stat.killEntity.Creeper":1,"stat.talkedToVillager":11,"stat.craftItem.minecraft.redstone":19,"stat.craftItem.minecraft.hay_block":59,"stat.sprintOneCm":33162,"stat.pickup.minecraft.banner":1,"stat.craftItem.minecraft.stained_hardened_clay":9,"achievement.openInventory":277,"stat.craftItem.minecraft.daylight_detector":1,"stat.craftItem.minecraft.planks":830,"stat.craftItem.minecraft.stone":59,"stat.craftItem.minecraft.dirt":473,"stat.killEntity.Spider":1,"stat.craftItem.minecraft.tnt":5,"stat.craftItem.minecraft.spruce_fence":581,"stat.mobKills":7,"stat.craftItem.minecraft.wooden_pressure_plate":14,"stat.craftItem.minecraft.wooden_door":5,"stat.craftItem.minecraft.fence":147,"stat.playOneMinute":301837,"stat.craftItem.minecraft.item_frame":1,"stat.sneakTime":10510,"stat.craftItem.minecraft.spruce_stairs":183,"stat.craftItem.minecraft.dye":19,"stat.craftItem.minecraft.repeater":4,"stat.pickup.minecraft.stone_slab":1,"stat.craftItem.minecraft.tripwire_hook":4,"stat.craftItem.minecraft.trapped_chest":3,"stat.diveOneCm":7771,"stat.craftItem.minecraft.spruce_door":3}