{"stat.chestOpened":6,"stat.craftItem.minecraft.jukebox":1,"stat.walkOneCm":129606,"stat.trappedChestTriggered":2,"stat.craftItem.minecraft.glass_pane":21,"stat.craftItem.minecraft.carpet":4,"stat.craftItem.minecraft.redstone_block":6,"stat.leaveGame":4,"stat.craftItem.minecraft.stone_stairs":11,"stat.craftItem.minecraft.crafting_table":2,"stat.craftItem.minecraft.stone_brick_stairs":69,"stat.talkedToVillager":1,"stat.jump":146,"stat.swimOneCm":3346,"stat.crouchOneCm":2872,"stat.craftItem.minecraft.chest":8,"stat.craftItem.minecraft.torch":27,"stat.sprintOneCm":21766,"achievement.exploreAllBiomes":{"value":0,"progress":["Sunflower Plains","ForestHills","FrozenRiver","Extreme Hills M","Ice Plains","Forest","River","Plains","Taiga M","Taiga"]},"stat.craftingTableInteraction":1,"stat.craftItem.minecraft.furnace":4,"stat.craftItem.minecraft.bookshelf":6,"achievement.openInventory":76,"stat.craftItem.minecraft.planks":360,"stat.craftItem.minecraft.stone":4,"stat.pickup.minecraft.potion":2,"stat.craftItem.minecraft.dirt":260,"stat.craftItem.minecraft.wooden_button":2,"stat.craftItem.minecraft.spruce_fence":10,"stat.craftItem.minecraft.nether_brick":2,"stat.craftItem.minecraft.wooden_door":12,"stat.craftItem.minecraft.redstone_lamp":4,"stat.craftItem.minecraft.wooden_pressure_plate":4,"stat.craftItem.minecraft.fence":421,"stat.craftItem.minecraft.glowstone":33,"stat.flyOneCm":1173862,"stat.playOneMinute":120982,"stat.craftItem.minecraft.item_frame":4,"stat.pickup.minecraft.torch":1,"stat.craftItem.minecraft.wooden_slab":536,"stat.craftItem.minecraft.nether_brick_stairs":4,"stat.sneakTime":5671,"stat.craftItem.minecraft.spruce_stairs":160,"stat.timeSinceDeath":120982,"stat.craftItem.minecraft.oak_stairs":2,"stat.diveOneCm":3074}