{"stat.pickup.minecraft.redstone_torch":1,"stat.leaveGame":26,"stat.craftItem.minecraft.tnt_minecart":1,"stat.craftItem.minecraft.stone_brick_stairs":148,"stat.craftItem.minecraft.wool":258,"stat.useItem.minecraft.diamond_sword":3,"stat.craftItem.minecraft.iron_trapdoor":3,"stat.swimOneCm":7722,"stat.climbOneCm":353,"stat.pickup.minecraft.enchanted_book":1,"stat.pickup.minecraft.porkchop":3,"stat.pickup.minecraft.writable_book":2,"achievement.exploreAllBiomes":{"value":0,"progress":["Sunflower Plains","Cold Taiga","ForestHills","Flower Forest","Extreme Hills M","Plains","Taiga M","TaigaHills","Beach","FrozenRiver","Extreme Hills+","Ice Plains","Cold Beach","River","Forest","Ocean","Taiga","Extreme Hills","Ice Mountains","Deep Ocean"]},"stat.useItem.minecraft.water_bucket":8,"stat.craftItem.minecraft.furnace":139,"stat.pickup.minecraft.cobblestone":1,"stat.craftItem.minecraft.cobblestone_wall":83,"stat.flyOneCm":3426419,"stat.craftItem.minecraft.furnace_minecart":1,"stat.craftItem.minecraft.wooden_slab":60,"stat.craftItem.minecraft.stained_glass":2,"stat.craftItem.minecraft.dispenser":7,"stat.timeSinceDeath":619369,"stat.useItem.minecraft.spawn_egg":1,"stat.craftItem.minecraft.iron_door":10,"stat.craftItem.minecraft.bed":17,"stat.trappedChestTriggered":123,"stat.craftItem.minecraft.stonebrick":876,"stat.craftItem.minecraft.glass_pane":29,"stat.furnaceInteraction":1,"stat.talkedToVillager":3,"stat.pickup.minecraft.sponge":1,"stat.useItem.minecraft.milk_bucket":1,"stat.craftItem.minecraft.snow_layer":1,"stat.sprintOneCm":82773,"achievement.openInventory":362,"stat.craftItem.minecraft.stone":266,"stat.craftItem.minecraft.wooden_pressure_plate":36,"stat.craftItem.minecraft.redstone_lamp":2,"stat.pickup.minecraft.lever":1,"stat.playOneMinute":619369,"stat.craftItem.minecraft.item_frame":2,"stat.craftItem.minecraft.dye":70,"stat.killEntity.Guardian":1,"stat.craftItem.minecraft.repeater":25,"stat.mineBlock.minecraft.tallgrass":2,"stat.diveOneCm":22930,"stat.chestOpened":59,"stat.useItem.minecraft.splash_potion":11,"stat.craftItem.minecraft.ladder":10,"stat.craftItem.minecraft.sign":40,"stat.craftItem.minecraft.carpet":21,"stat.pickup.minecraft.gravel":3,"stat.pickup.minecraft.wooden_pressure_plate":1,"stat.pickup.minecraft.diamond_sword":1,"stat.jump":720,"stat.pickup.minecraft.fence":2,"stat.fallOneCm":335,"stat.craftItem.minecraft.lever":21,"stat.crouchOneCm":8575,"stat.craftItem.minecraft.chest":15,"stat.craftItem.minecraft.torch":29,"stat.craftItem.minecraft.rail":1,"stat.craftingTableInteraction":1,"stat.craftItem.minecraft.flint_and_steel":1,"stat.craftItem.minecraft.iron_bars":44,"stat.damageTaken":250,"stat.dispenserInspected":3,"stat.pickup.minecraft.prismarine_shard":2,"stat.craftItem.minecraft.nether_brick":6,"stat.craftItem.minecraft.glowstone":2,"stat.pickup.minecraft.prismarine_crystals":1,"stat.craftItem.minecraft.glass":16,"stat.damageDealt":408,"stat.sleepInBed":5,"stat.craftItem.minecraft.anvil":2,"stat.craftItem.minecraft.oak_stairs":269,"stat.killEntity.Pig":1,"stat.craftItem.minecraft.stone_slab":197,"stat.walkOneCm":366813,"stat.craftItem.minecraft.redstone_block":21,"stat.craftItem.minecraft.stone_stairs":222,"stat.craftItem.minecraft.crafting_table":10,"stat.craftItem.minecraft.stone_button":1,"stat.craftItem.minecraft.redstone":65,"stat.craftItem.minecraft.bookshelf":45,"stat.craftItem.minecraft.planks":609,"stat.craftItem.minecraft.dirt":534,"stat.craftItem.minecraft.tnt":2,"stat.mobKills":2,"stat.craftItem.minecraft.wooden_door":9,"stat.craftItem.minecraft.fence":278,"stat.useItem.minecraft.boat":1,"stat.useItem.minecraft.writable_book":7,"stat.sneakTime":15743,"stat.craftItem.minecraft.coal_block":21,"stat.craftItem.minecraft.spruce_stairs":315,"stat.craftItem.minecraft.spruce_fence_gate":1,"stat.craftItem.minecraft.trapped_chest":8}