{"stats":{"minecraft:killed":{"minecraft:shulker":3,"minecraft:skeleton":31,"minecraft:chicken":1,"minecraft:pig":3,"minecraft:sheep":4,"minecraft:zombie":72,"minecraft:villager":1,"minecraft:cow":1},"minecraft:dropped":{"minecraft:iron_sword":6,"minecraft:command_block":2,"minecraft:leather_helmet":1,"minecraft:wooden_sword":1,"minecraft:gold_nugget":7,"minecraft:paper":4,"minecraft:lever":27,"minecraft:oak_sign":1,"minecraft:stone":1,"minecraft:hopper":17,"minecraft:stone_pickaxe":1,"minecraft:chain_command_block":1,"minecraft:stone_brick_stairs":1},"minecraft:custom":{"minecraft:interact_with_anvil":2,"minecraft:mob_kills":116,"minecraft:inspect_hopper":30,"minecraft:interact_with_crafting_table":15,"minecraft:open_barrel":17,"minecraft:leave_game":60,"minecraft:time_since_death":4721555,"minecraft:climb_one_cm":15015,"minecraft:damage_resisted":6454,"minecraft:sprint_one_cm":644277,"minecraft:walk_one_cm":1994819,"minecraft:drop":70,"minecraft:play_time":4721555,"minecraft:sneak_time":134246,"minecraft:walk_under_water_one_cm":157940,"minecraft:jump":3637,"minecraft:walk_on_water_one_cm":69412,"minecraft:total_world_time":5688245,"minecraft:interact_with_furnace":2,"minecraft:time_since_rest":4721555,"minecraft:damage_taken":618,"minecraft:trigger_trapped_chest":63,"minecraft:damage_dealt":30114,"minecraft:fly_one_cm":19659216,"minecraft:open_chest":92,"minecraft:crouch_one_cm":58862,"minecraft:fall_one_cm":6075,"minecraft:use_cauldron":2},"minecraft:used":{"minecraft:oak_fence":152,"minecraft:moss_block":8,"minecraft:purpur_block":5,"minecraft:moss_carpet":4,"minecraft:iron_bars":240,"minecraft:rose_bush":13,"minecraft:enchanting_table":1,"minecraft:stone_sword":26,"minecraft:white_tulip":1,"minecraft:dead_bush":44,"minecraft:flint_and_steel":3,"minecraft:spruce_planks":4744,"minecraft:oak_sign":360,"minecraft:dispenser":4,"minecraft:armor_stand":40,"minecraft:dead_tube_coral_fan":6,"minecraft:spruce_slab":1628,"minecraft:redstone":1351,"minecraft:ladder":88,"minecraft:poppy":33,"minecraft:light_gray_carpet":39,"minecraft:polished_basalt":3,"minecraft:white_concrete_powder":246,"minecraft:green_banner":13,"minecraft:chest":82,"minecraft:tinted_glass":16,"minecraft:ender_chest":1,"minecraft:stone":7070,"minecraft:iron_sword":319,"minecraft:quartz_stairs":7,"minecraft:grass":523,"minecraft:player_head":273,"minecraft:netherrack":5,"minecraft:oak_door":28,"minecraft:spruce_leaves":10,"minecraft:debug_stick":304,"minecraft:torch":3,"minecraft:dirt":318,"minecraft:anvil":4,"minecraft:white_carpet":30,"minecraft:hopper":129,"minecraft:prismarine_bricks":5,"minecraft:spruce_stairs":1598,"minecraft:cobblestone_wall":587,"minecraft:allium":3,"minecraft:oak_wood":9,"minecraft:glow_lichen":537,"minecraft:spruce_fence":1839,"minecraft:tuff":29,"minecraft:granite":81,"minecraft:shroomlight":6,"minecraft:glass":7,"minecraft:stone_brick_slab":16,"minecraft:dark_oak_planks":162,"minecraft:lava_bucket":218,"minecraft:bricks":9,"minecraft:red_tulip":7,"minecraft:bookshelf":55,"minecraft:grass_block":1771,"minecraft:iron_block":7,"minecraft:red_wool":407,"minecraft:blue_orchid":3,"minecraft:lantern":336,"minecraft:light_weighted_pressure_plate":2,"minecraft:oak_stairs":202,"minecraft:birch_sapling":4,"minecraft:green_wool":2,"minecraft:gray_concrete_powder":49,"minecraft:smooth_quartz":248,"minecraft:raw_gold_block":3,"minecraft:stone_brick_stairs":45,"minecraft:barrel":6,"minecraft:stone_bricks":696,"minecraft:item_frame":33,"minecraft:smooth_basalt":315,"minecraft:light_gray_wool":10,"minecraft:basalt":315,"minecraft:golden_sword":29,"minecraft:glowstone":658,"minecraft:repeater":1859,"minecraft:magma_block":2,"minecraft:bow":14,"minecraft:emerald_block":8,"minecraft:iron_trapdoor":2,"minecraft:soul_soil":1,"minecraft:furnace":20,"minecraft:yellow_glazed_terracotta":33,"minecraft:oak_sapling":234,"minecraft:minecart":6,"minecraft:gold_block":31,"minecraft:trapped_chest":45,"minecraft:stone_pressure_plate":20,"minecraft:gray_banner":17,"minecraft:cobbled_deepslate":26,"minecraft:seagrass":41,"minecraft:hanging_roots":45,"minecraft:pointed_dripstone":11,"minecraft:dark_oak_sapling":8,"minecraft:calcite":8,"minecraft:wheat_seeds":137,"minecraft:cooked_mutton":1,"minecraft:dark_oak_stairs":776,"minecraft:water_bucket":72,"minecraft:mossy_stone_bricks":4,"minecraft:diorite":116,"minecraft:pink_tulip":2,"minecraft:cow_spawn_egg":1,"minecraft:amethyst_block":8,"minecraft:cobblestone_stairs":1973,"minecraft:spruce_door":49,"minecraft:lodestone":1,"minecraft:birch_leaves":46,"minecraft:powered_rail":9,"minecraft:polished_andesite":251,"minecraft:prismarine":7,"minecraft:lime_wool":4,"minecraft:oak_planks":128,"minecraft:blue_wool":14,"minecraft:orange_tulip":6,"minecraft:sandstone":32,"minecraft:redstone_block":92,"minecraft:spruce_sign":41,"minecraft:cauldron":4,"minecraft:clay":12,"minecraft:sugar_cane":62,"minecraft:blue_bed":1,"minecraft:spruce_fence_gate":443,"minecraft:green_bed":27,"minecraft:cobblestone_slab":3323,"minecraft:gold_ore":1,"minecraft:large_amethyst_bud":2,"minecraft:waxed_copper_block":1,"minecraft:cracked_stone_bricks":59,"minecraft:oak_leaves":1436,"minecraft:white_wool":14,"minecraft:mossy_cobblestone":53,"minecraft:respawn_anchor":2,"minecraft:dark_oak_trapdoor":1,"minecraft:diamond_block":60,"minecraft:rail":644,"minecraft:sand":210,"minecraft:comparator":51,"minecraft:vine":12,"minecraft:oak_slab":277,"minecraft:crafting_table":163,"minecraft:red_bed":9,"minecraft:black_banner":21,"minecraft:dark_oak_fence_gate":31,"minecraft:light_gray_concrete_powder":2,"minecraft:dripstone_block":33,"minecraft:painting":250,"minecraft:black_concrete_powder":5,"minecraft:spruce_log":6,"minecraft:dark_oak_door":12,"minecraft:sticky_piston":1,"minecraft:redstone_torch":44,"minecraft:oak_log":3110,"minecraft:amethyst_cluster":5,"minecraft:dead_fire_coral_fan":1,"minecraft:piston":1,"minecraft:dark_prismarine":7,"minecraft:lever":131,"minecraft:wooden_hoe":240,"minecraft:flower_pot":4,"minecraft:oxeye_daisy":2,"minecraft:black_wool":159,"minecraft:apple":1,"minecraft:daylight_detector":1,"minecraft:command_block":827,"minecraft:bread":7,"minecraft:barrier":864,"minecraft:oak_button":2,"minecraft:iron_pickaxe":13,"minecraft:stone_button":270,"minecraft:spruce_trapdoor":521,"minecraft:deepslate":91,"minecraft:oak_pressure_plate":2,"minecraft:prismarine_wall":1,"minecraft:iron_door":16,"minecraft:gravel":3130,"minecraft:budding_amethyst":9,"minecraft:yellow_wool":11,"minecraft:chiseled_stone_bricks":4,"minecraft:diamond_sword":51,"minecraft:wooden_sword":31,"minecraft:cobblestone":4938,"minecraft:potion":2,"minecraft:andesite":63,"minecraft:jungle_door":2,"minecraft:red_banner":11,"minecraft:glass_pane":235,"minecraft:dark_oak_fence":41,"minecraft:chain_command_block":326,"minecraft:birch_log":4,"minecraft:deepslate_coal_ore":18,"minecraft:chain":444,"minecraft:smooth_stone_slab":42,"minecraft:repeating_command_block":5,"minecraft:dandelion":10,"minecraft:white_concrete":17,"minecraft:kelp":33,"minecraft:coarse_dirt":466,"minecraft:gray_wool":18,"minecraft:candle":2,"minecraft:bone_meal":754,"minecraft:cobweb":320,"minecraft:gray_stained_glass":9},"minecraft:crafted":{"minecraft:leather_boots":1,"minecraft:leather_leggings":1,"minecraft:leather_helmet":1,"minecraft:leather_chestplate":1},"minecraft:picked_up":{"minecraft:wheat":8,"minecraft:leather_leggings":7,"minecraft:diamond_sword":2,"minecraft:stone_brick_stairs":1,"minecraft:wooden_sword":1,"minecraft:item_frame":1,"minecraft:oak_sign":2,"minecraft:diamond_leggings":2,"minecraft:gold_nugget":122,"minecraft:poppy":3,"minecraft:iron_pickaxe":4,"minecraft:birch_sapling":3,"minecraft:egg":1,"minecraft:stick":12,"minecraft:stone_button":7,"minecraft:pointed_dripstone":1,"minecraft:trident":2,"minecraft:redstone":2,"minecraft:command_block":2,"minecraft:peony":3,"minecraft:diamond_boots":1,"minecraft:leather_chestplate":7,"minecraft:basalt":136,"minecraft:magma_cream":64,"minecraft:paper":5,"minecraft:lantern":3,"minecraft:leather_boots":6,"minecraft:bone":26,"minecraft:apple":11,"minecraft:bow":1,"minecraft:wheat_seeds":33,"minecraft:stone_pickaxe":1,"minecraft:iron_sword":8,"minecraft:chain_command_block":1,"minecraft:dandelion":2,"minecraft:gravel":6,"minecraft:spruce_door":1,"minecraft:leather_helmet":7,"minecraft:diamond_shovel":1,"minecraft:lever":13,"minecraft:painting":3,"minecraft:diamond_axe":1,"minecraft:bread":60,"minecraft:oak_sapling":4,"minecraft:hopper":5},"minecraft:mined":{"minecraft:basalt":13,"minecraft:dead_bush":1,"minecraft:grass":102}},"DataVersion":2865}