{"stats":{"minecraft:killed":{"minecraft:skeleton":27,"minecraft:zombie":71,"minecraft:villager":1},"minecraft:dropped":{"minecraft:iron_sword":2,"minecraft:command_block":2,"minecraft:leather_helmet":1,"minecraft:wooden_sword":1,"minecraft:paper":4,"minecraft:lever":27,"minecraft:hopper":12,"minecraft:stone_pickaxe":1,"minecraft:chain_command_block":1},"minecraft:custom":{"minecraft:interact_with_anvil":2,"minecraft:mob_kills":99,"minecraft:inspect_hopper":23,"minecraft:interact_with_crafting_table":12,"minecraft:open_barrel":17,"minecraft:leave_game":46,"minecraft:time_since_death":3262085,"minecraft:damage_resisted":6444,"minecraft:climb_one_cm":7448,"minecraft:sprint_one_cm":336224,"minecraft:walk_one_cm":1431429,"minecraft:drop":51,"minecraft:play_time":3262085,"minecraft:sneak_time":79580,"minecraft:walk_under_water_one_cm":110744,"minecraft:jump":2401,"minecraft:walk_on_water_one_cm":51645,"minecraft:total_world_time":3917029,"minecraft:interact_with_furnace":1,"minecraft:time_since_rest":3262085,"minecraft:damage_taken":618,"minecraft:trigger_trapped_chest":58,"minecraft:damage_dealt":26794,"minecraft:fly_one_cm":10776389,"minecraft:open_chest":83,"minecraft:crouch_one_cm":42005,"minecraft:fall_one_cm":4763},"minecraft:used":{"minecraft:oak_fence":82,"minecraft:purpur_block":5,"minecraft:moss_carpet":4,"minecraft:iron_bars":103,"minecraft:rose_bush":4,"minecraft:enchanting_table":1,"minecraft:stone_sword":26,"minecraft:flint_and_steel":3,"minecraft:dead_bush":44,"minecraft:white_tulip":1,"minecraft:armor_stand":39,"minecraft:dispenser":4,"minecraft:dead_tube_coral_fan":6,"minecraft:spruce_slab":548,"minecraft:redstone":1159,"minecraft:poppy":5,"minecraft:ladder":44,"minecraft:oak_sign":291,"minecraft:light_gray_carpet":37,"minecraft:white_concrete_powder":246,"minecraft:spruce_planks":1875,"minecraft:chest":55,"minecraft:ender_chest":1,"minecraft:stone":3549,"minecraft:iron_sword":294,"minecraft:quartz_stairs":7,"minecraft:grass":380,"minecraft:player_head":261,"minecraft:debug_stick":96,"minecraft:oak_door":20,"minecraft:spruce_leaves":10,"minecraft:dirt":228,"minecraft:anvil":1,"minecraft:white_carpet":30,"minecraft:hopper":107,"minecraft:prismarine_bricks":5,"minecraft:spruce_stairs":998,"minecraft:cobblestone_wall":285,"minecraft:allium":1,"minecraft:oak_wood":9,"minecraft:tuff":29,"minecraft:glow_lichen":219,"minecraft:spruce_fence":659,"minecraft:granite":15,"minecraft:shroomlight":6,"minecraft:glass":7,"minecraft:stone_brick_slab":14,"minecraft:dark_oak_planks":115,"minecraft:lava_bucket":2,"minecraft:bricks":9,"minecraft:bookshelf":45,"minecraft:red_tulip":3,"minecraft:light_weighted_pressure_plate":2,"minecraft:grass_block":1060,"minecraft:red_wool":276,"minecraft:lantern":128,"minecraft:iron_block":7,"minecraft:oak_stairs":168,"minecraft:blue_orchid":2,"minecraft:green_wool":2,"minecraft:gray_concrete_powder":49,"minecraft:smooth_quartz":248,"minecraft:raw_gold_block":3,"minecraft:barrel":6,"minecraft:stone_brick_stairs":43,"minecraft:stone_bricks":450,"minecraft:item_frame":33,"minecraft:smooth_basalt":154,"minecraft:light_gray_wool":10,"minecraft:basalt":103,"minecraft:golden_sword":29,"minecraft:glowstone":544,"minecraft:repeater":1340,"minecraft:emerald_block":8,"minecraft:iron_trapdoor":2,"minecraft:soul_soil":1,"minecraft:oak_sapling":194,"minecraft:yellow_glazed_terracotta":33,"minecraft:furnace":14,"minecraft:gold_block":31,"minecraft:trapped_chest":36,"minecraft:stone_pressure_plate":20,"minecraft:cobbled_deepslate":9,"minecraft:seagrass":41,"minecraft:hanging_roots":45,"minecraft:pointed_dripstone":11,"minecraft:dark_oak_sapling":8,"minecraft:calcite":8,"minecraft:wheat_seeds":137,"minecraft:cooked_mutton":1,"minecraft:dark_oak_stairs":740,"minecraft:water_bucket":71,"minecraft:mossy_stone_bricks":4,"minecraft:diorite":49,"minecraft:amethyst_block":8,"minecraft:pink_tulip":2,"minecraft:cobblestone_stairs":861,"minecraft:spruce_door":19,"minecraft:lodestone":1,"minecraft:birch_leaves":38,"minecraft:polished_andesite":157,"minecraft:prismarine":7,"minecraft:lime_wool":4,"minecraft:oak_planks":122,"minecraft:blue_wool":14,"minecraft:orange_tulip":4,"minecraft:sandstone":24,"minecraft:redstone_block":86,"minecraft:spruce_sign":41,"minecraft:clay":9,"minecraft:sugar_cane":62,"minecraft:blue_bed":1,"minecraft:green_bed":25,"minecraft:cobblestone_slab":1014,"minecraft:spruce_fence_gate":160,"minecraft:gold_ore":1,"minecraft:large_amethyst_bud":2,"minecraft:waxed_copper_block":1,"minecraft:cracked_stone_bricks":39,"minecraft:oak_leaves":1252,"minecraft:white_wool":14,"minecraft:respawn_anchor":2,"minecraft:dark_oak_trapdoor":1,"minecraft:mossy_cobblestone":48,"minecraft:diamond_block":60,"minecraft:sand":141,"minecraft:rail":66,"minecraft:comparator":43,"minecraft:oak_slab":232,"minecraft:crafting_table":125,"minecraft:red_bed":6,"minecraft:black_banner":21,"minecraft:light_gray_concrete_powder":2,"minecraft:dark_oak_fence_gate":25,"minecraft:dripstone_block":33,"minecraft:painting":218,"minecraft:black_concrete_powder":5,"minecraft:spruce_log":6,"minecraft:dark_oak_door":10,"minecraft:redstone_torch":32,"minecraft:oak_log":1550,"minecraft:amethyst_cluster":5,"minecraft:sticky_piston":1,"minecraft:dead_fire_coral_fan":1,"minecraft:piston":1,"minecraft:wooden_hoe":240,"minecraft:dark_prismarine":7,"minecraft:lever":114,"minecraft:flower_pot":4,"minecraft:black_wool":159,"minecraft:apple":1,"minecraft:oxeye_daisy":2,"minecraft:daylight_detector":1,"minecraft:command_block":686,"minecraft:bread":7,"minecraft:oak_button":2,"minecraft:barrier":555,"minecraft:stone_button":127,"minecraft:spruce_trapdoor":182,"minecraft:deepslate":2,"minecraft:oak_pressure_plate":2,"minecraft:iron_door":15,"minecraft:prismarine_wall":1,"minecraft:budding_amethyst":9,"minecraft:gravel":1209,"minecraft:yellow_wool":11,"minecraft:chiseled_stone_bricks":4,"minecraft:diamond_sword":18,"minecraft:wooden_sword":31,"minecraft:cobblestone":2780,"minecraft:andesite":60,"minecraft:deepslate_coal_ore":18,"minecraft:jungle_door":2,"minecraft:dark_oak_fence":30,"minecraft:red_banner":11,"minecraft:birch_log":4,"minecraft:chain_command_block":226,"minecraft:chain":107,"minecraft:glass_pane":106,"minecraft:smooth_stone_slab":21,"minecraft:dandelion":6,"minecraft:white_concrete":17,"minecraft:kelp":33,"minecraft:coarse_dirt":396,"minecraft:gray_wool":18,"minecraft:bone_meal":680,"minecraft:candle":2,"minecraft:cobweb":166,"minecraft:gray_stained_glass":9},"minecraft:crafted":{"minecraft:leather_leggings":1,"minecraft:leather_boots":1,"minecraft:leather_helmet":1,"minecraft:leather_chestplate":1},"minecraft:picked_up":{"minecraft:wheat":8,"minecraft:leather_leggings":7,"minecraft:diamond_sword":2,"minecraft:wooden_sword":1,"minecraft:item_frame":1,"minecraft:oak_sign":2,"minecraft:diamond_leggings":2,"minecraft:gold_nugget":108,"minecraft:poppy":3,"minecraft:birch_sapling":3,"minecraft:stick":12,"minecraft:stone_button":7,"minecraft:pointed_dripstone":1,"minecraft:trident":2,"minecraft:redstone":2,"minecraft:command_block":2,"minecraft:peony":3,"minecraft:diamond_boots":1,"minecraft:leather_chestplate":7,"minecraft:magma_cream":64,"minecraft:paper":5,"minecraft:lantern":3,"minecraft:leather_boots":6,"minecraft:bone":26,"minecraft:apple":11,"minecraft:bow":1,"minecraft:wheat_seeds":33,"minecraft:stone_pickaxe":1,"minecraft:iron_sword":4,"minecraft:chain_command_block":1,"minecraft:dandelion":2,"minecraft:gravel":1,"minecraft:spruce_door":1,"minecraft:leather_helmet":7,"minecraft:diamond_shovel":1,"minecraft:lever":13,"minecraft:diamond_axe":1,"minecraft:painting":2,"minecraft:bread":30,"minecraft:oak_sapling":4,"minecraft:hopper":4},"minecraft:mined":{"minecraft:dead_bush":1,"minecraft:grass":102}},"DataVersion":2865}