{"stats":{"minecraft:dropped":{"minecraft:iron_sword":6,"minecraft:command_block":2,"minecraft:leather_helmet":1,"minecraft:wooden_sword":1,"minecraft:gold_nugget":7,"minecraft:paper":4,"minecraft:lever":27,"minecraft:oak_sign":1,"minecraft:stone":1,"minecraft:hopper":13,"minecraft:stone_pickaxe":1,"minecraft:chain_command_block":1,"minecraft:stone_brick_stairs":1},"minecraft:used":{"minecraft:oak_fence":152,"minecraft:moss_block":8,"minecraft:purpur_block":5,"minecraft:moss_carpet":4,"minecraft:iron_bars":240,"minecraft:rose_bush":13,"minecraft:enchanting_table":1,"minecraft:stone_sword":26,"minecraft:white_tulip":1,"minecraft:dead_bush":44,"minecraft:flint_and_steel":3,"minecraft:spruce_planks":4582,"minecraft:oak_sign":328,"minecraft:dispenser":4,"minecraft:armor_stand":40,"minecraft:dead_tube_coral_fan":6,"minecraft:spruce_slab":1424,"minecraft:redstone":1304,"minecraft:ladder":84,"minecraft:poppy":29,"minecraft:light_gray_carpet":39,"minecraft:polished_basalt":3,"minecraft:white_concrete_powder":246,"minecraft:green_banner":13,"minecraft:chest":72,"minecraft:tinted_glass":16,"minecraft:ender_chest":1,"minecraft:stone":6720,"minecraft:iron_sword":319,"minecraft:quartz_stairs":7,"minecraft:grass":523,"minecraft:player_head":272,"minecraft:netherrack":5,"minecraft:oak_door":28,"minecraft:spruce_leaves":10,"minecraft:debug_stick":304,"minecraft:torch":3,"minecraft:dirt":318,"minecraft:anvil":4,"minecraft:white_carpet":30,"minecraft:hopper":112,"minecraft:prismarine_bricks":5,"minecraft:spruce_stairs":1565,"minecraft:cobblestone_wall":502,"minecraft:allium":3,"minecraft:oak_wood":9,"minecraft:glow_lichen":479,"minecraft:spruce_fence":1776,"minecraft:tuff":29,"minecraft:granite":21,"minecraft:shroomlight":6,"minecraft:glass":7,"minecraft:stone_brick_slab":16,"minecraft:dark_oak_planks":162,"minecraft:lava_bucket":183,"minecraft:bricks":9,"minecraft:red_tulip":7,"minecraft:bookshelf":49,"minecraft:grass_block":1742,"minecraft:iron_block":7,"minecraft:red_wool":402,"minecraft:blue_orchid":3,"minecraft:lantern":319,"minecraft:light_weighted_pressure_plate":2,"minecraft:oak_stairs":197,"minecraft:birch_sapling":4,"minecraft:green_wool":2,"minecraft:gray_concrete_powder":49,"minecraft:smooth_quartz":248,"minecraft:raw_gold_block":3,"minecraft:stone_brick_stairs":45,"minecraft:barrel":6,"minecraft:stone_bricks":694,"minecraft:item_frame":33,"minecraft:smooth_basalt":250,"minecraft:light_gray_wool":10,"minecraft:basalt":245,"minecraft:golden_sword":29,"minecraft:glowstone":609,"minecraft:repeater":1686,"minecraft:magma_block":2,"minecraft:emerald_block":8,"minecraft:iron_trapdoor":2,"minecraft:soul_soil":1,"minecraft:yellow_glazed_terracotta":33,"minecraft:oak_sapling":234,"minecraft:furnace":19,"minecraft:gold_block":31,"minecraft:trapped_chest":43,"minecraft:stone_pressure_plate":20,"minecraft:gray_banner":17,"minecraft:cobbled_deepslate":17,"minecraft:seagrass":41,"minecraft:hanging_roots":45,"minecraft:pointed_dripstone":11,"minecraft:dark_oak_sapling":8,"minecraft:calcite":8,"minecraft:wheat_seeds":137,"minecraft:cooked_mutton":1,"minecraft:dark_oak_stairs":776,"minecraft:water_bucket":72,"minecraft:mossy_stone_bricks":4,"minecraft:diorite":92,"minecraft:pink_tulip":2,"minecraft:amethyst_block":8,"minecraft:cobblestone_stairs":1739,"minecraft:spruce_door":35,"minecraft:lodestone":1,"minecraft:birch_leaves":46,"minecraft:powered_rail":9,"minecraft:polished_andesite":240,"minecraft:prismarine":7,"minecraft:lime_wool":4,"minecraft:oak_planks":128,"minecraft:blue_wool":14,"minecraft:orange_tulip":6,"minecraft:sandstone":32,"minecraft:redstone_block":91,"minecraft:spruce_sign":41,"minecraft:cauldron":4,"minecraft:clay":12,"minecraft:sugar_cane":62,"minecraft:blue_bed":1,"minecraft:spruce_fence_gate":428,"minecraft:green_bed":27,"minecraft:cobblestone_slab":2976,"minecraft:gold_ore":1,"minecraft:large_amethyst_bud":2,"minecraft:waxed_copper_block":1,"minecraft:cracked_stone_bricks":59,"minecraft:oak_leaves":1414,"minecraft:white_wool":14,"minecraft:respawn_anchor":2,"minecraft:dark_oak_trapdoor":1,"minecraft:mossy_cobblestone":53,"minecraft:diamond_block":60,"minecraft:rail":637,"minecraft:sand":210,"minecraft:comparator":46,"minecraft:vine":10,"minecraft:oak_slab":263,"minecraft:crafting_table":152,"minecraft:red_bed":9,"minecraft:black_banner":21,"minecraft:dark_oak_fence_gate":31,"minecraft:light_gray_concrete_powder":2,"minecraft:dripstone_block":33,"minecraft:painting":250,"minecraft:black_concrete_powder":5,"minecraft:spruce_log":6,"minecraft:dark_oak_door":12,"minecraft:sticky_piston":1,"minecraft:redstone_torch":43,"minecraft:oak_log":2991,"minecraft:amethyst_cluster":5,"minecraft:dead_fire_coral_fan":1,"minecraft:piston":1,"minecraft:dark_prismarine":7,"minecraft:lever":127,"minecraft:wooden_hoe":240,"minecraft:flower_pot":4,"minecraft:oxeye_daisy":2,"minecraft:black_wool":159,"minecraft:apple":1,"minecraft:daylight_detector":1,"minecraft:command_block":780,"minecraft:bread":7,"minecraft:barrier":806,"minecraft:oak_button":2,"minecraft:stone_button":206,"minecraft:spruce_trapdoor":480,"minecraft:deepslate":33,"minecraft:oak_pressure_plate":2,"minecraft:prismarine_wall":1,"minecraft:iron_door":16,"minecraft:gravel":3061,"minecraft:budding_amethyst":9,"minecraft:yellow_wool":11,"minecraft:chiseled_stone_bricks":4,"minecraft:diamond_sword":37,"minecraft:wooden_sword":31,"minecraft:cobblestone":4630,"minecraft:potion":2,"minecraft:andesite":63,"minecraft:jungle_door":2,"minecraft:red_banner":11,"minecraft:dark_oak_fence":41,"minecraft:chain_command_block":276,"minecraft:birch_log":4,"minecraft:deepslate_coal_ore":18,"minecraft:chain":439,"minecraft:glass_pane":224,"minecraft:smooth_stone_slab":21,"minecraft:dandelion":10,"minecraft:white_concrete":17,"minecraft:kelp":33,"minecraft:coarse_dirt":466,"minecraft:gray_wool":18,"minecraft:candle":2,"minecraft:bone_meal":754,"minecraft:cobweb":245,"minecraft:gray_stained_glass":9},"minecraft:picked_up":{"minecraft:wheat":8,"minecraft:leather_leggings":7,"minecraft:diamond_sword":2,"minecraft:stone_brick_stairs":1,"minecraft:wooden_sword":1,"minecraft:item_frame":1,"minecraft:oak_sign":2,"minecraft:diamond_leggings":2,"minecraft:gold_nugget":120,"minecraft:poppy":3,"minecraft:birch_sapling":3,"minecraft:egg":1,"minecraft:stick":12,"minecraft:stone_button":7,"minecraft:pointed_dripstone":1,"minecraft:trident":2,"minecraft:redstone":2,"minecraft:command_block":2,"minecraft:peony":3,"minecraft:diamond_boots":1,"minecraft:leather_chestplate":7,"minecraft:magma_cream":64,"minecraft:paper":5,"minecraft:lantern":3,"minecraft:leather_boots":6,"minecraft:bone":26,"minecraft:apple":11,"minecraft:bow":1,"minecraft:wheat_seeds":33,"minecraft:stone_pickaxe":1,"minecraft:iron_sword":8,"minecraft:chain_command_block":1,"minecraft:dandelion":2,"minecraft:gravel":3,"minecraft:spruce_door":1,"minecraft:leather_helmet":7,"minecraft:diamond_shovel":1,"minecraft:lever":13,"minecraft:painting":2,"minecraft:diamond_axe":1,"minecraft:bread":30,"minecraft:oak_sapling":4,"minecraft:hopper":4},"minecraft:mined":{"minecraft:dead_bush":1,"minecraft:grass":102},"minecraft:killed":{"minecraft:skeleton":31,"minecraft:chicken":1,"minecraft:pig":3,"minecraft:sheep":4,"minecraft:zombie":72,"minecraft:villager":1},"minecraft:crafted":{"minecraft:leather_boots":1,"minecraft:leather_leggings":1,"minecraft:leather_helmet":1,"minecraft:leather_chestplate":1},"minecraft:custom":{"minecraft:interact_with_anvil":2,"minecraft:mob_kills":112,"minecraft:inspect_hopper":27,"minecraft:interact_with_crafting_table":14,"minecraft:open_barrel":17,"minecraft:leave_game":58,"minecraft:time_since_death":4505865,"minecraft:climb_one_cm":13662,"minecraft:damage_resisted":6444,"minecraft:sprint_one_cm":604940,"minecraft:walk_one_cm":1854761,"minecraft:drop":66,"minecraft:play_time":4505865,"minecraft:sneak_time":124831,"minecraft:walk_under_water_one_cm":157884,"minecraft:jump":3268,"minecraft:walk_on_water_one_cm":68198,"minecraft:total_world_time":5379240,"minecraft:interact_with_furnace":2,"minecraft:time_since_rest":4505865,"minecraft:damage_taken":618,"minecraft:trigger_trapped_chest":62,"minecraft:damage_dealt":29214,"minecraft:fly_one_cm":18120394,"minecraft:open_chest":83,"minecraft:crouch_one_cm":54801,"minecraft:fall_one_cm":4763,"minecraft:use_cauldron":2}},"DataVersion":2865}