{"stats":{"minecraft:killed":{"minecraft:shulker":3,"minecraft:skeleton":31,"minecraft:chicken":1,"minecraft:pig":4,"minecraft:sheep":4,"minecraft:zombie":92,"minecraft:villager":1,"minecraft:cow":1},"minecraft:dropped":{"minecraft:iron_sword":7,"minecraft:command_block":2,"minecraft:leather_helmet":1,"minecraft:wooden_sword":1,"minecraft:gold_nugget":7,"minecraft:paper":4,"minecraft:lever":27,"minecraft:oak_sign":1,"minecraft:stone":1,"minecraft:hopper":21,"minecraft:stone_pickaxe":1,"minecraft:chain_command_block":1,"minecraft:stone_brick_stairs":1},"minecraft:custom":{"minecraft:interact_with_anvil":2,"minecraft:mob_kills":137,"minecraft:inspect_hopper":42,"minecraft:interact_with_crafting_table":16,"minecraft:open_barrel":17,"minecraft:leave_game":74,"minecraft:time_since_death":5636900,"minecraft:climb_one_cm":20643,"minecraft:damage_resisted":6904,"minecraft:sprint_one_cm":733353,"minecraft:walk_one_cm":2226254,"minecraft:drop":75,"minecraft:play_time":5636900,"minecraft:sneak_time":177810,"minecraft:walk_under_water_one_cm":320292,"minecraft:jump":4211,"minecraft:walk_on_water_one_cm":129790,"minecraft:total_world_time":6948601,"minecraft:interact_with_furnace":2,"minecraft:time_since_rest":5636900,"minecraft:damage_taken":618,"minecraft:trigger_trapped_chest":84,"minecraft:damage_dealt":35574,"minecraft:fly_one_cm":28485201,"minecraft:open_chest":99,"minecraft:crouch_one_cm":66962,"minecraft:fall_one_cm":6075,"minecraft:use_cauldron":2},"minecraft:used":{"minecraft:oak_fence":159,"minecraft:moss_block":8,"minecraft:purpur_block":5,"minecraft:moss_carpet":4,"minecraft:netherite_sword":62,"minecraft:iron_bars":322,"minecraft:rose_bush":20,"minecraft:enchanting_table":1,"minecraft:stone_sword":26,"minecraft:white_tulip":1,"minecraft:dead_bush":44,"minecraft:flint_and_steel":3,"minecraft:spruce_planks":6767,"minecraft:oak_sign":404,"minecraft:dispenser":4,"minecraft:armor_stand":40,"minecraft:dead_tube_coral_fan":6,"minecraft:spruce_slab":2214,"minecraft:redstone":1621,"minecraft:ladder":161,"minecraft:poppy":36,"minecraft:light_gray_carpet":39,"minecraft:polished_basalt":3,"minecraft:white_concrete_powder":349,"minecraft:green_banner":13,"minecraft:chest":100,"minecraft:tinted_glass":16,"minecraft:ender_chest":1,"minecraft:stone":8560,"minecraft:iron_sword":319,"minecraft:quartz_stairs":7,"minecraft:grass":612,"minecraft:player_head":289,"minecraft:green_terracotta":1,"minecraft:netherrack":5,"minecraft:oak_door":28,"minecraft:spruce_leaves":10,"minecraft:debug_stick":438,"minecraft:torch":3,"minecraft:dirt":868,"minecraft:anvil":4,"minecraft:white_carpet":30,"minecraft:hopper":163,"minecraft:prismarine_bricks":5,"minecraft:spruce_stairs":2420,"minecraft:twisting_vines":129,"minecraft:cobblestone_wall":873,"minecraft:allium":3,"minecraft:oak_wood":9,"minecraft:glow_lichen":718,"minecraft:spruce_fence":2384,"minecraft:tuff":29,"minecraft:granite":82,"minecraft:shroomlight":6,"minecraft:dark_oak_planks":320,"minecraft:glass":7,"minecraft:stone_brick_slab":21,"minecraft:wooden_axe":1,"minecraft:lava_bucket":223,"minecraft:bricks":9,"minecraft:red_tulip":12,"minecraft:bookshelf":58,"minecraft:grass_block":2725,"minecraft:iron_block":7,"minecraft:red_wool":428,"minecraft:blue_orchid":3,"minecraft:lantern":380,"minecraft:light_weighted_pressure_plate":2,"minecraft:oak_stairs":210,"minecraft:birch_sapling":4,"minecraft:green_wool":2,"minecraft:warped_nylium":6,"minecraft:gray_concrete_powder":49,"minecraft:dark_oak_slab":41,"minecraft:smooth_quartz":248,"minecraft:raw_gold_block":3,"minecraft:stone_brick_stairs":63,"minecraft:barrel":6,"minecraft:stone_bricks":1241,"minecraft:item_frame":33,"minecraft:smooth_basalt":317,"minecraft:light_gray_wool":10,"minecraft:basalt":342,"minecraft:golden_sword":29,"minecraft:glowstone":783,"minecraft:repeater":2203,"minecraft:magma_block":2,"minecraft:bow":14,"minecraft:emerald_block":8,"minecraft:iron_trapdoor":2,"minecraft:soul_soil":1,"minecraft:furnace":20,"minecraft:yellow_glazed_terracotta":33,"minecraft:oak_sapling":482,"minecraft:podzol":10,"minecraft:minecart":6,"minecraft:gold_block":31,"minecraft:trapped_chest":69,"minecraft:stone_pressure_plate":20,"minecraft:gray_banner":17,"minecraft:cobbled_deepslate":32,"minecraft:seagrass":41,"minecraft:hanging_roots":57,"minecraft:pointed_dripstone":11,"minecraft:dark_oak_sapling":8,"minecraft:cobbled_deepslate_wall":5,"minecraft:calcite":8,"minecraft:wheat_seeds":137,"minecraft:cooked_mutton":1,"minecraft:dark_oak_stairs":1946,"minecraft:water_bucket":72,"minecraft:mossy_stone_bricks":4,"minecraft:diorite":146,"minecraft:pink_tulip":2,"minecraft:cow_spawn_egg":1,"minecraft:amethyst_block":8,"minecraft:cobblestone_stairs":2809,"minecraft:spruce_door":62,"minecraft:lodestone":1,"minecraft:birch_leaves":83,"minecraft:powered_rail":9,"minecraft:polished_andesite":256,"minecraft:prismarine":7,"minecraft:lime_wool":4,"minecraft:oak_planks":128,"minecraft:blue_wool":14,"minecraft:orange_tulip":8,"minecraft:sandstone":35,"minecraft:redstone_block":94,"minecraft:spruce_sign":49,"minecraft:cauldron":4,"minecraft:clay":12,"minecraft:sugar_cane":62,"minecraft:blue_bed":1,"minecraft:spruce_fence_gate":506,"minecraft:green_bed":32,"minecraft:cobblestone_slab":4618,"minecraft:gold_ore":1,"minecraft:warped_roots":2,"minecraft:large_amethyst_bud":2,"minecraft:waxed_copper_block":1,"minecraft:cracked_stone_bricks":71,"minecraft:oak_leaves":1571,"minecraft:white_wool":14,"minecraft:diamond_block":60,"minecraft:mossy_cobblestone":59,"minecraft:respawn_anchor":2,"minecraft:dark_oak_trapdoor":1,"minecraft:rail":687,"minecraft:sand":1087,"minecraft:lime_terracotta":1,"minecraft:comparator":63,"minecraft:vine":12,"minecraft:oak_slab":300,"minecraft:crafting_table":174,"minecraft:red_bed":9,"minecraft:black_banner":21,"minecraft:dark_oak_fence_gate":81,"minecraft:light_gray_concrete_powder":2,"minecraft:dripstone_block":33,"minecraft:painting":262,"minecraft:black_concrete_powder":5,"minecraft:spruce_log":6,"minecraft:dark_oak_door":12,"minecraft:sticky_piston":1,"minecraft:redstone_torch":47,"minecraft:oak_log":4953,"minecraft:amethyst_cluster":5,"minecraft:dead_fire_coral_fan":1,"minecraft:piston":1,"minecraft:dark_prismarine":7,"minecraft:lever":149,"minecraft:wooden_hoe":240,"minecraft:flower_pot":4,"minecraft:oxeye_daisy":2,"minecraft:black_wool":159,"minecraft:apple":1,"minecraft:daylight_detector":1,"minecraft:command_block":1015,"minecraft:iron_pickaxe":13,"minecraft:bread":7,"minecraft:nether_sprouts":1,"minecraft:barrier":1104,"minecraft:oak_button":2,"minecraft:pig_spawn_egg":4,"minecraft:stone_button":439,"minecraft:spruce_trapdoor":642,"minecraft:deepslate":154,"minecraft:oak_pressure_plate":2,"minecraft:prismarine_wall":1,"minecraft:iron_door":19,"minecraft:gravel":3644,"minecraft:budding_amethyst":9,"minecraft:yellow_wool":11,"minecraft:chiseled_stone_bricks":4,"minecraft:diamond_sword":70,"minecraft:wooden_sword":31,"minecraft:cobblestone":6777,"minecraft:potion":2,"minecraft:andesite":88,"minecraft:jungle_door":2,"minecraft:red_banner":11,"minecraft:glass_pane":317,"minecraft:dark_oak_fence":111,"minecraft:chain_command_block":412,"minecraft:birch_log":8,"minecraft:deepslate_coal_ore":18,"minecraft:chain":450,"minecraft:smooth_stone_slab":85,"minecraft:repeating_command_block":5,"minecraft:dandelion":12,"minecraft:white_concrete":17,"minecraft:kelp":33,"minecraft:coarse_dirt":546,"minecraft:gray_wool":18,"minecraft:candle":2,"minecraft:bone_meal":754,"minecraft:cobweb":378,"minecraft:gray_stained_glass":9},"minecraft:crafted":{"minecraft:leather_boots":1,"minecraft:leather_leggings":1,"minecraft:leather_helmet":1,"minecraft:leather_chestplate":1},"minecraft:picked_up":{"minecraft:wheat":8,"minecraft:leather_leggings":11,"minecraft:diamond_sword":2,"minecraft:stone_brick_stairs":1,"minecraft:wooden_sword":1,"minecraft:item_frame":1,"minecraft:oak_sign":2,"minecraft:diamond_leggings":2,"minecraft:gold_nugget":122,"minecraft:poppy":3,"minecraft:iron_pickaxe":4,"minecraft:birch_sapling":3,"minecraft:egg":1,"minecraft:stick":12,"minecraft:stone_button":7,"minecraft:pointed_dripstone":1,"minecraft:trident":2,"minecraft:redstone":2,"minecraft:command_block":2,"minecraft:peony":3,"minecraft:diamond_boots":1,"minecraft:leather_chestplate":13,"minecraft:basalt":137,"minecraft:magma_cream":64,"minecraft:paper":5,"minecraft:lantern":3,"minecraft:leather_boots":13,"minecraft:bone":26,"minecraft:apple":11,"minecraft:bow":1,"minecraft:wheat_seeds":33,"minecraft:stone_pickaxe":1,"minecraft:iron_sword":11,"minecraft:chain_command_block":1,"minecraft:dandelion":2,"minecraft:gravel":7,"minecraft:sand":143,"minecraft:spruce_door":1,"minecraft:leather_helmet":13,"minecraft:diamond_shovel":1,"minecraft:lever":13,"minecraft:painting":3,"minecraft:diamond_axe":1,"minecraft:bread":97,"minecraft:oak_sapling":4,"minecraft:hopper":13},"minecraft:mined":{"minecraft:basalt":13,"minecraft:dead_bush":1,"minecraft:grass":102}},"DataVersion":2865}