{"stats":{"minecraft:killed":{"minecraft:skeleton":12,"minecraft:zombie":3},"minecraft:used":{"minecraft:oak_fence":75,"minecraft:purpur_block":5,"minecraft:rose_bush":4,"minecraft:enchanting_table":1,"minecraft:iron_bars":52,"minecraft:white_tulip":1,"minecraft:flint_and_steel":2,"minecraft:dead_bush":42,"minecraft:spruce_slab":490,"minecraft:dispenser":4,"minecraft:redstone":29,"minecraft:ladder":32,"minecraft:poppy":5,"minecraft:light_gray_carpet":37,"minecraft:oak_sign":88,"minecraft:white_concrete_powder":236,"minecraft:chest":43,"minecraft:spruce_planks":1618,"minecraft:ender_chest":1,"minecraft:stone":1985,"minecraft:quartz_stairs":7,"minecraft:grass":219,"minecraft:player_head":204,"minecraft:spruce_leaves":10,"minecraft:oak_door":20,"minecraft:debug_stick":90,"minecraft:dirt":109,"minecraft:anvil":1,"minecraft:white_carpet":30,"minecraft:hopper":5,"minecraft:prismarine_bricks":4,"minecraft:spruce_stairs":975,"minecraft:cobblestone_wall":162,"minecraft:allium":1,"minecraft:oak_wood":9,"minecraft:granite":13,"minecraft:tuff":27,"minecraft:glow_lichen":178,"minecraft:spruce_fence":576,"minecraft:shroomlight":6,"minecraft:glass":1,"minecraft:stone_brick_slab":1,"minecraft:dark_oak_planks":97,"minecraft:bricks":9,"minecraft:red_tulip":2,"minecraft:bookshelf":42,"minecraft:light_weighted_pressure_plate":2,"minecraft:blue_orchid":1,"minecraft:red_wool":44,"minecraft:iron_block":4,"minecraft:lantern":99,"minecraft:grass_block":735,"minecraft:oak_stairs":158,"minecraft:green_wool":2,"minecraft:gray_concrete_powder":49,"minecraft:smooth_quartz":248,"minecraft:raw_gold_block":2,"minecraft:barrel":6,"minecraft:stone_brick_stairs":13,"minecraft:stone_bricks":195,"minecraft:item_frame":33,"minecraft:smooth_basalt":154,"minecraft:basalt":103,"minecraft:glowstone":130,"minecraft:repeater":5,"minecraft:emerald_block":8,"minecraft:iron_trapdoor":2,"minecraft:soul_soil":1,"minecraft:yellow_glazed_terracotta":33,"minecraft:furnace":14,"minecraft:oak_sapling":179,"minecraft:gold_block":28,"minecraft:trapped_chest":20,"minecraft:stone_pressure_plate":13,"minecraft:cobbled_deepslate":9,"minecraft:seagrass":41,"minecraft:hanging_roots":40,"minecraft:pointed_dripstone":11,"minecraft:calcite":8,"minecraft:dark_oak_stairs":677,"minecraft:water_bucket":63,"minecraft:diorite":43,"minecraft:amethyst_block":8,"minecraft:pink_tulip":2,"minecraft:cobblestone_stairs":614,"minecraft:spruce_door":17,"minecraft:lodestone":1,"minecraft:birch_leaves":19,"minecraft:polished_andesite":97,"minecraft:prismarine":6,"minecraft:oak_planks":18,"minecraft:orange_tulip":4,"minecraft:sandstone":5,"minecraft:redstone_block":11,"minecraft:spruce_fence_gate":156,"minecraft:blue_bed":1,"minecraft:green_bed":25,"minecraft:sugar_cane":62,"minecraft:clay":9,"minecraft:cobblestone_slab":645,"minecraft:gold_ore":1,"minecraft:large_amethyst_bud":2,"minecraft:cracked_stone_bricks":32,"minecraft:oak_leaves":657,"minecraft:white_wool":14,"minecraft:respawn_anchor":2,"minecraft:mossy_cobblestone":6,"minecraft:dark_oak_trapdoor":1,"minecraft:diamond_block":60,"minecraft:sand":90,"minecraft:rail":66,"minecraft:oak_slab":201,"minecraft:crafting_table":105,"minecraft:red_bed":6,"minecraft:black_banner":19,"minecraft:light_gray_concrete_powder":2,"minecraft:dark_oak_fence_gate":25,"minecraft:dripstone_block":24,"minecraft:painting":178,"minecraft:black_concrete_powder":5,"minecraft:dark_oak_door":10,"minecraft:redstone_torch":7,"minecraft:oak_log":1455,"minecraft:amethyst_cluster":5,"minecraft:dead_fire_coral_fan":1,"minecraft:dark_prismarine":4,"minecraft:lever":22,"minecraft:wooden_hoe":103,"minecraft:flower_pot":4,"minecraft:black_wool":109,"minecraft:apple":1,"minecraft:oxeye_daisy":2,"minecraft:command_block":58,"minecraft:barrier":47,"minecraft:oak_button":2,"minecraft:stone_button":120,"minecraft:spruce_trapdoor":180,"minecraft:budding_amethyst":9,"minecraft:oak_pressure_plate":2,"minecraft:prismarine_wall":1,"minecraft:iron_door":9,"minecraft:deepslate":2,"minecraft:gravel":1002,"minecraft:yellow_wool":1,"minecraft:diamond_sword":11,"minecraft:wooden_sword":19,"minecraft:cobblestone":1567,"minecraft:chain_command_block":9,"minecraft:dark_oak_fence":30,"minecraft:birch_log":3,"minecraft:red_banner":11,"minecraft:jungle_door":2,"minecraft:deepslate_coal_ore":18,"minecraft:andesite":26,"minecraft:chain":90,"minecraft:glass_pane":102,"minecraft:smooth_stone_slab":21,"minecraft:white_concrete":17,"minecraft:coarse_dirt":291,"minecraft:kelp":33,"minecraft:dandelion":6,"minecraft:bone_meal":612,"minecraft:cobweb":161,"minecraft:gray_stained_glass":9},"minecraft:dropped":{"minecraft:leather_helmet":1,"minecraft:wooden_sword":1,"minecraft:stone_pickaxe":1},"minecraft:crafted":{"minecraft:leather_leggings":1,"minecraft:leather_boots":1,"minecraft:leather_helmet":1,"minecraft:leather_chestplate":1},"minecraft:mined":{"minecraft:dead_bush":1,"minecraft:grass":102},"minecraft:custom":{"minecraft:mob_kills":15,"minecraft:interact_with_anvil":1,"minecraft:interact_with_crafting_table":9,"minecraft:open_barrel":17,"minecraft:leave_game":28,"minecraft:time_since_death":1600975,"minecraft:damage_resisted":1564,"minecraft:climb_one_cm":5711,"minecraft:sprint_one_cm":155901,"minecraft:walk_one_cm":795519,"minecraft:drop":3,"minecraft:play_time":1600975,"minecraft:sneak_time":41900,"minecraft:walk_under_water_one_cm":100786,"minecraft:jump":1064,"minecraft:walk_on_water_one_cm":33940,"minecraft:total_world_time":1870705,"minecraft:time_since_rest":1600975,"minecraft:trigger_trapped_chest":32,"minecraft:damage_dealt":4640,"minecraft:fly_one_cm":6354975,"minecraft:open_chest":64,"minecraft:crouch_one_cm":20316,"minecraft:fall_one_cm":1521},"minecraft:picked_up":{"minecraft:diamond_sword":2,"minecraft:wooden_sword":1,"minecraft:item_frame":1,"minecraft:oak_sign":2,"minecraft:diamond_leggings":2,"minecraft:gold_nugget":14,"minecraft:poppy":3,"minecraft:birch_sapling":3,"minecraft:stick":12,"minecraft:stone_button":7,"minecraft:pointed_dripstone":1,"minecraft:trident":2,"minecraft:redstone":2,"minecraft:peony":3,"minecraft:diamond_boots":1,"minecraft:magma_cream":64,"minecraft:lantern":3,"minecraft:apple":2,"minecraft:bow":1,"minecraft:wheat_seeds":33,"minecraft:stone_pickaxe":1,"minecraft:dandelion":2,"minecraft:spruce_door":1,"minecraft:leather_helmet":1,"minecraft:diamond_shovel":1,"minecraft:diamond_axe":1,"minecraft:painting":2,"minecraft:bread":1,"minecraft:oak_sapling":4}},"DataVersion":2865}