{"stats":{"minecraft:dropped":{"minecraft:leather_helmet":1,"minecraft:stone_pickaxe":1},"minecraft:mined":{"minecraft:dead_bush":1,"minecraft:grass":102},"minecraft:crafted":{"minecraft:leather_leggings":1,"minecraft:leather_boots":1,"minecraft:leather_helmet":1,"minecraft:leather_chestplate":1},"minecraft:used":{"minecraft:calcite":8,"minecraft:oak_fence":46,"minecraft:dark_oak_stairs":677,"minecraft:water_bucket":63,"minecraft:diorite":35,"minecraft:enchanting_table":1,"minecraft:iron_bars":52,"minecraft:cobblestone_stairs":609,"minecraft:spruce_door":17,"minecraft:flint_and_steel":2,"minecraft:dead_bush":42,"minecraft:birch_leaves":19,"minecraft:polished_andesite":96,"minecraft:dispenser":4,"minecraft:spruce_slab":490,"minecraft:redstone":29,"minecraft:oak_planks":14,"minecraft:poppy":2,"minecraft:ladder":26,"minecraft:oak_sign":88,"minecraft:light_gray_carpet":37,"minecraft:orange_tulip":2,"minecraft:white_concrete_powder":116,"minecraft:spruce_planks":1613,"minecraft:chest":31,"minecraft:ender_chest":1,"minecraft:sandstone":5,"minecraft:stone":1931,"minecraft:redstone_block":11,"minecraft:sugar_cane":62,"minecraft:green_bed":25,"minecraft:cobblestone_slab":634,"minecraft:blue_bed":1,"minecraft:quartz_stairs":7,"minecraft:grass":219,"minecraft:spruce_fence_gate":154,"minecraft:player_head":97,"minecraft:gold_ore":1,"minecraft:cracked_stone_bricks":32,"minecraft:oak_leaves":639,"minecraft:oak_door":19,"minecraft:debug_stick":90,"minecraft:anvil":1,"minecraft:dirt":107,"minecraft:mossy_cobblestone":3,"minecraft:diamond_block":60,"minecraft:sand":90,"minecraft:rail":66,"minecraft:crafting_table":102,"minecraft:oak_slab":198,"minecraft:hopper":4,"minecraft:red_bed":6,"minecraft:spruce_stairs":974,"minecraft:black_banner":19,"minecraft:cobblestone_wall":158,"minecraft:oak_wood":9,"minecraft:tuff":27,"minecraft:dark_oak_fence_gate":25,"minecraft:painting":83,"minecraft:dripstone_block":24,"minecraft:glow_lichen":178,"minecraft:spruce_fence":576,"minecraft:granite":13,"minecraft:dark_oak_door":10,"minecraft:redstone_torch":7,"minecraft:oak_log":1455,"minecraft:stone_brick_slab":1,"minecraft:glass":1,"minecraft:dark_oak_planks":97,"minecraft:flower_pot":4,"minecraft:lever":22,"minecraft:wooden_hoe":103,"minecraft:black_wool":109,"minecraft:apple":1,"minecraft:bookshelf":41,"minecraft:command_block":45,"minecraft:red_wool":44,"minecraft:grass_block":733,"minecraft:lantern":99,"minecraft:oak_stairs":153,"minecraft:oak_button":2,"minecraft:barrier":47,"minecraft:stone_button":120,"minecraft:green_wool":2,"minecraft:gray_concrete_powder":49,"minecraft:spruce_trapdoor":180,"minecraft:smooth_quartz":248,"minecraft:deepslate":2,"minecraft:iron_door":8,"minecraft:raw_gold_block":2,"minecraft:gravel":973,"minecraft:smooth_basalt":154,"minecraft:stone_brick_stairs":13,"minecraft:stone_bricks":194,"minecraft:yellow_wool":1,"minecraft:item_frame":33,"minecraft:basalt":103,"minecraft:repeater":5,"minecraft:diamond_sword":11,"minecraft:glowstone":93,"minecraft:wooden_sword":19,"minecraft:cobblestone":1544,"minecraft:iron_trapdoor":2,"minecraft:soul_soil":1,"minecraft:oak_sapling":179,"minecraft:furnace":10,"minecraft:andesite":26,"minecraft:dark_oak_fence":30,"minecraft:deepslate_coal_ore":18,"minecraft:red_banner":11,"minecraft:birch_log":3,"minecraft:chain_command_block":9,"minecraft:chain":90,"minecraft:glass_pane":102,"minecraft:gold_block":26,"minecraft:trapped_chest":8,"minecraft:stone_pressure_plate":13,"minecraft:kelp":33,"minecraft:coarse_dirt":283,"minecraft:dandelion":4,"minecraft:seagrass":32,"minecraft:bone_meal":612,"minecraft:hanging_roots":27,"minecraft:gray_stained_glass":9,"minecraft:cobweb":95,"minecraft:pointed_dripstone":11},"minecraft:picked_up":{"minecraft:lantern":3,"minecraft:item_frame":1,"minecraft:oak_sign":2,"minecraft:apple":2,"minecraft:gold_nugget":14,"minecraft:wheat_seeds":33,"minecraft:stone_pickaxe":1,"minecraft:poppy":3,"minecraft:birch_sapling":3,"minecraft:stick":12,"minecraft:dandelion":2,"minecraft:stone_button":7,"minecraft:pointed_dripstone":1,"minecraft:redstone":2,"minecraft:spruce_door":1,"minecraft:leather_helmet":1,"minecraft:peony":3,"minecraft:painting":2,"minecraft:bread":1,"minecraft:oak_sapling":4},"minecraft:killed":{"minecraft:skeleton":12,"minecraft:zombie":3},"minecraft:custom":{"minecraft:interact_with_anvil":1,"minecraft:mob_kills":15,"minecraft:interact_with_crafting_table":8,"minecraft:leave_game":16,"minecraft:time_since_death":979117,"minecraft:climb_one_cm":4531,"minecraft:damage_resisted":1564,"minecraft:time_since_rest":979117,"minecraft:sprint_one_cm":116691,"minecraft:walk_one_cm":681330,"minecraft:trigger_trapped_chest":23,"minecraft:drop":2,"minecraft:damage_dealt":4640,"minecraft:fly_one_cm":5358441,"minecraft:open_chest":37,"minecraft:crouch_one_cm":16447,"minecraft:play_time":979117,"minecraft:sneak_time":35632,"minecraft:walk_under_water_one_cm":99565,"minecraft:jump":942,"minecraft:walk_on_water_one_cm":28036,"minecraft:total_world_time":1106957,"minecraft:fall_one_cm":836}},"DataVersion":2865}