{"stats":{"minecraft:crafted":{"minecraft:leather_leggings":1,"minecraft:leather_boots":1,"minecraft:leather_helmet":1,"minecraft:leather_chestplate":1},"minecraft:killed":{"minecraft:skeleton":15,"minecraft:zombie":39},"minecraft:custom":{"minecraft:interact_with_anvil":1,"minecraft:mob_kills":54,"minecraft:inspect_hopper":9,"minecraft:interact_with_crafting_table":11,"minecraft:open_barrel":17,"minecraft:leave_game":36,"minecraft:time_since_death":2469022,"minecraft:damage_resisted":1754,"minecraft:climb_one_cm":6262,"minecraft:sprint_one_cm":217328,"minecraft:walk_one_cm":1150536,"minecraft:drop":40,"minecraft:play_time":2469022,"minecraft:sneak_time":58250,"minecraft:walk_under_water_one_cm":108450,"minecraft:jump":1684,"minecraft:walk_on_water_one_cm":46752,"minecraft:total_world_time":2865737,"minecraft:time_since_rest":2469022,"minecraft:trigger_trapped_chest":44,"minecraft:damage_dealt":13011,"minecraft:fly_one_cm":8178114,"minecraft:open_chest":77,"minecraft:crouch_one_cm":30473,"minecraft:fall_one_cm":2214},"minecraft:picked_up":{"minecraft:wheat":8,"minecraft:leather_leggings":6,"minecraft:diamond_sword":2,"minecraft:wooden_sword":1,"minecraft:item_frame":1,"minecraft:oak_sign":2,"minecraft:diamond_leggings":2,"minecraft:gold_nugget":14,"minecraft:poppy":3,"minecraft:birch_sapling":3,"minecraft:stick":12,"minecraft:stone_button":7,"minecraft:pointed_dripstone":1,"minecraft:trident":2,"minecraft:redstone":2,"minecraft:peony":3,"minecraft:diamond_boots":1,"minecraft:leather_chestplate":6,"minecraft:magma_cream":64,"minecraft:paper":5,"minecraft:lantern":3,"minecraft:leather_boots":5,"minecraft:apple":4,"minecraft:bow":1,"minecraft:wheat_seeds":33,"minecraft:stone_pickaxe":1,"minecraft:chain_command_block":1,"minecraft:dandelion":2,"minecraft:spruce_door":1,"minecraft:leather_helmet":6,"minecraft:diamond_shovel":1,"minecraft:lever":13,"minecraft:painting":2,"minecraft:diamond_axe":1,"minecraft:bread":20,"minecraft:oak_sapling":4,"minecraft:hopper":1},"minecraft:dropped":{"minecraft:leather_helmet":1,"minecraft:wooden_sword":1,"minecraft:paper":4,"minecraft:lever":27,"minecraft:hopper":5,"minecraft:stone_pickaxe":1,"minecraft:chain_command_block":1},"minecraft:mined":{"minecraft:dead_bush":1,"minecraft:grass":102},"minecraft:used":{"minecraft:oak_fence":75,"minecraft:purpur_block":5,"minecraft:iron_bars":103,"minecraft:rose_bush":4,"minecraft:enchanting_table":1,"minecraft:stone_sword":15,"minecraft:flint_and_steel":2,"minecraft:dead_bush":42,"minecraft:white_tulip":1,"minecraft:armor_stand":39,"minecraft:dead_tube_coral_fan":6,"minecraft:spruce_slab":524,"minecraft:dispenser":4,"minecraft:redstone":441,"minecraft:poppy":5,"minecraft:ladder":32,"minecraft:oak_sign":223,"minecraft:light_gray_carpet":37,"minecraft:white_concrete_powder":237,"minecraft:spruce_planks":1779,"minecraft:chest":44,"minecraft:ender_chest":1,"minecraft:stone":3073,"minecraft:iron_sword":74,"minecraft:quartz_stairs":7,"minecraft:grass":328,"minecraft:player_head":252,"minecraft:debug_stick":90,"minecraft:oak_door":20,"minecraft:spruce_leaves":10,"minecraft:dirt":171,"minecraft:anvil":1,"minecraft:white_carpet":30,"minecraft:hopper":29,"minecraft:prismarine_bricks":5,"minecraft:spruce_stairs":998,"minecraft:cobblestone_wall":254,"minecraft:allium":1,"minecraft:oak_wood":9,"minecraft:tuff":27,"minecraft:glow_lichen":214,"minecraft:spruce_fence":633,"minecraft:granite":13,"minecraft:shroomlight":6,"minecraft:glass":4,"minecraft:stone_brick_slab":8,"minecraft:dark_oak_planks":97,"minecraft:bricks":9,"minecraft:bookshelf":45,"minecraft:red_tulip":2,"minecraft:light_weighted_pressure_plate":2,"minecraft:oak_stairs":164,"minecraft:red_wool":92,"minecraft:lantern":124,"minecraft:iron_block":6,"minecraft:grass_block":948,"minecraft:blue_orchid":1,"minecraft:green_wool":2,"minecraft:gray_concrete_powder":49,"minecraft:smooth_quartz":248,"minecraft:raw_gold_block":3,"minecraft:barrel":6,"minecraft:stone_brick_stairs":28,"minecraft:stone_bricks":332,"minecraft:item_frame":33,"minecraft:smooth_basalt":154,"minecraft:light_gray_wool":10,"minecraft:basalt":103,"minecraft:golden_sword":29,"minecraft:glowstone":371,"minecraft:repeater":483,"minecraft:emerald_block":8,"minecraft:iron_trapdoor":2,"minecraft:soul_soil":1,"minecraft:oak_sapling":179,"minecraft:yellow_glazed_terracotta":33,"minecraft:furnace":14,"minecraft:gold_block":31,"minecraft:trapped_chest":30,"minecraft:stone_pressure_plate":19,"minecraft:cobbled_deepslate":9,"minecraft:seagrass":41,"minecraft:hanging_roots":40,"minecraft:pointed_dripstone":11,"minecraft:calcite":8,"minecraft:wheat_seeds":137,"minecraft:dark_oak_stairs":677,"minecraft:water_bucket":71,"minecraft:mossy_stone_bricks":4,"minecraft:diorite":44,"minecraft:amethyst_block":8,"minecraft:pink_tulip":2,"minecraft:cobblestone_stairs":797,"minecraft:spruce_door":17,"minecraft:lodestone":1,"minecraft:birch_leaves":35,"minecraft:polished_andesite":149,"minecraft:prismarine":7,"minecraft:oak_planks":18,"minecraft:orange_tulip":4,"minecraft:sandstone":24,"minecraft:redstone_block":37,"minecraft:spruce_sign":32,"minecraft:clay":9,"minecraft:sugar_cane":62,"minecraft:blue_bed":1,"minecraft:green_bed":25,"minecraft:cobblestone_slab":878,"minecraft:spruce_fence_gate":160,"minecraft:gold_ore":1,"minecraft:large_amethyst_bud":2,"minecraft:waxed_copper_block":1,"minecraft:cracked_stone_bricks":39,"minecraft:oak_leaves":833,"minecraft:white_wool":14,"minecraft:respawn_anchor":2,"minecraft:dark_oak_trapdoor":1,"minecraft:mossy_cobblestone":33,"minecraft:diamond_block":60,"minecraft:comparator":17,"minecraft:sand":141,"minecraft:rail":66,"minecraft:oak_slab":223,"minecraft:crafting_table":124,"minecraft:red_bed":6,"minecraft:black_banner":19,"minecraft:light_gray_concrete_powder":2,"minecraft:dark_oak_fence_gate":25,"minecraft:dripstone_block":24,"minecraft:painting":218,"minecraft:black_concrete_powder":5,"minecraft:spruce_log":6,"minecraft:dark_oak_door":10,"minecraft:redstone_torch":9,"minecraft:oak_log":1513,"minecraft:amethyst_cluster":5,"minecraft:sticky_piston":1,"minecraft:dead_fire_coral_fan":1,"minecraft:piston":1,"minecraft:dark_prismarine":7,"minecraft:lever":79,"minecraft:wooden_hoe":240,"minecraft:flower_pot":4,"minecraft:black_wool":159,"minecraft:apple":1,"minecraft:oxeye_daisy":2,"minecraft:daylight_detector":1,"minecraft:command_block":335,"minecraft:oak_button":2,"minecraft:barrier":443,"minecraft:stone_button":127,"minecraft:spruce_trapdoor":182,"minecraft:deepslate":2,"minecraft:oak_pressure_plate":2,"minecraft:iron_door":13,"minecraft:prismarine_wall":1,"minecraft:budding_amethyst":9,"minecraft:gravel":1121,"minecraft:yellow_wool":2,"minecraft:chiseled_stone_bricks":2,"minecraft:diamond_sword":13,"minecraft:wooden_sword":23,"minecraft:cobblestone":2318,"minecraft:andesite":56,"minecraft:deepslate_coal_ore":18,"minecraft:chain_command_block":91,"minecraft:dark_oak_fence":30,"minecraft:jungle_door":2,"minecraft:red_banner":11,"minecraft:birch_log":3,"minecraft:chain":107,"minecraft:glass_pane":106,"minecraft:smooth_stone_slab":21,"minecraft:dandelion":6,"minecraft:white_concrete":17,"minecraft:kelp":33,"minecraft:coarse_dirt":312,"minecraft:gray_wool":18,"minecraft:candle":2,"minecraft:bone_meal":612,"minecraft:cobweb":161,"minecraft:gray_stained_glass":9}},"DataVersion":2865}