{"stats":{"minecraft:custom":{"minecraft:jump":26,"minecraft:time_since_rest":34925,"minecraft:crouch_one_cm":7,"minecraft:play_one_minute":34925,"minecraft:leave_game":2,"minecraft:sprint_one_cm":3102,"minecraft:time_since_death":34925,"minecraft:walk_on_water_one_cm":5582,"minecraft:walk_one_cm":202,"minecraft:sneak_time":1809,"minecraft:walk_under_water_one_cm":178,"minecraft:fly_one_cm":2614359},"minecraft:used":{"minecraft:oak_planks":3,"minecraft:stone":9,"minecraft:command_block":1,"minecraft:player_head":2}},"DataVersion":2584}