{
  "minecraft:adventure/adventuring_time": {
    "criteria": {
      "minecraft:forest": "2020-12-01 13:24:45 +0100",
      "minecraft:mountains": "2020-12-01 13:29:47 +0100",
      "minecraft:taiga": "2020-12-01 13:29:11 +0100",
      "minecraft:jungle": "2020-12-01 13:27:24 +0100",
      "minecraft:jungle_hills": "2020-12-01 13:27:30 +0100",
      "minecraft:beach": "2020-12-01 13:25:05 +0100",
      "minecraft:river": "2020-12-01 13:26:41 +0100",
      "minecraft:wooded_hills": "2020-12-01 13:25:04 +0100",
      "minecraft:swamp": "2020-12-01 13:27:09 +0100",
      "minecraft:plains": "2020-12-01 13:27:20 +0100"
    },
    "done": false
  },
  "DataVersion": 2584
}