{"stats":{"minecraft:custom":{"minecraft:jump":25,"minecraft:open_chest":77,"minecraft:time_since_rest":27260,"minecraft:crouch_one_cm":728,"minecraft:leave_game":2,"minecraft:play_time":27260,"minecraft:sprint_one_cm":4020,"minecraft:time_since_death":27260,"minecraft:walk_one_cm":11356,"minecraft:sneak_time":221,"minecraft:total_world_time":28758,"minecraft:interact_with_anvil":3,"minecraft:fly_one_cm":30802},"minecraft:used":{"minecraft:oak_sign":4,"minecraft:chest":2,"minecraft:command_block":43,"minecraft:deepslate":1,"minecraft:deepslate_bricks":2,"minecraft:player_head":19,"minecraft:deepslate_tiles":3}},"DataVersion":2730}