{"stats":{"minecraft:used":{"minecraft:oak_log":1422,"minecraft:oak_leaves":4,"minecraft:diamond_sword":15,"minecraft:dirt":42,"minecraft:cobblestone":256,"minecraft:dirt_path":1,"minecraft:oak_stairs":3,"minecraft:oak_sapling":10,"minecraft:grass_block":63,"minecraft:spruce_stairs":9,"minecraft:spruce_planks":173,"minecraft:stone":262,"minecraft:gravel":27,"minecraft:stripped_spruce_log":1,"minecraft:cobblestone_slab":2},"minecraft:picked_up":{"minecraft:stick":3,"minecraft:bee_nest":1,"minecraft:feather":1,"minecraft:oak_door":2,"minecraft:ladder":1,"minecraft:apple":4,"minecraft:torch":1,"minecraft:wheat_seeds":3,"minecraft:dandelion":1,"minecraft:potato":2,"minecraft:bread":4,"minecraft:oak_sapling":5,"minecraft:birch_sapling":2},"minecraft:killed":{"minecraft:iron_golem":1},"minecraft:custom":{"minecraft:time_since_rest":57553,"minecraft:crouch_one_cm":110,"minecraft:play_time":57553,"minecraft:walk_one_cm":907,"minecraft:sneak_time":4830,"minecraft:mob_kills":1,"minecraft:jump":12,"minecraft:damage_dealt":1028,"minecraft:leave_game":2,"minecraft:walk_on_water_one_cm":794,"minecraft:time_since_death":57553,"minecraft:total_world_time":94595,"minecraft:fly_one_cm":1811065}},"DataVersion":2865}