{"stats":{"minecraft:picked_up":{"minecraft:cactus":24,"minecraft:torch":1,"minecraft:egg":1},"minecraft:used":{"minecraft:farmland":81,"minecraft:oak_log":15,"minecraft:sticky_piston":30,"minecraft:stone_brick_slab":16,"minecraft:water_bucket":5,"minecraft:dark_oak_planks":1,"minecraft:torch":32,"minecraft:cobblestone":52,"minecraft:cobblestone_stairs":1,"minecraft:bookshelf":31,"minecraft:command_block":9,"minecraft:oak_slab":5,"minecraft:melon":1,"minecraft:crafting_table":3,"minecraft:red_bed":3,"minecraft:furnace":1,"minecraft:red_concrete":70,"minecraft:oak_planks":73,"minecraft:oak_sign":11,"minecraft:chicken_spawn_egg":7,"minecraft:stone":194,"minecraft:spruce_sign":6,"minecraft:stone_brick_stairs":2,"minecraft:oak_door":3,"minecraft:lever":4,"minecraft:pumpkin_seeds":8,"minecraft:cobblestone_slab":15,"minecraft:oak_trapdoor":2,"minecraft:stone_bricks":255,"minecraft:melon_seeds":7},"minecraft:custom":{"minecraft:open_chest":1,"minecraft:time_since_rest":71534,"minecraft:play_one_minute":71534,"minecraft:crouch_one_cm":444,"minecraft:sprint_one_cm":38109,"minecraft:walk_one_cm":46903,"minecraft:sneak_time":1719,"minecraft:walk_under_water_one_cm":292,"minecraft:jump":45,"minecraft:damage_dealt":80,"minecraft:leave_game":2,"minecraft:time_since_death":71534,"minecraft:walk_on_water_one_cm":152,"minecraft:fly_one_cm":258113}},"DataVersion":2584}