{"stats":{"minecraft:picked_up":{"minecraft:oak_sign":4,"minecraft:redstone_torch":1,"minecraft:sugar_cane":3,"minecraft:oak_pressure_plate":1,"minecraft:torch":11,"minecraft:cactus":7,"minecraft:hopper":2},"minecraft:custom":{"minecraft:interact_with_furnace":2,"minecraft:interact_with_crafting_table":4,"minecraft:play_one_minute":606154,"minecraft:leave_game":8,"minecraft:time_since_death":606154,"minecraft:time_since_rest":606154,"minecraft:sprint_one_cm":156909,"minecraft:walk_one_cm":182549,"minecraft:drop":3,"minecraft:fly_one_cm":2747022,"minecraft:open_chest":6,"minecraft:crouch_one_cm":10991,"minecraft:sneak_time":20338,"minecraft:walk_under_water_one_cm":4411,"minecraft:jump":400,"minecraft:walk_on_water_one_cm":9506},"minecraft:dropped":{"minecraft:hopper":3},"minecraft:used":{"minecraft:wheat_seeds":100,"minecraft:oak_fence":43,"minecraft:dark_oak_stairs":1,"minecraft:water_bucket":41,"minecraft:cobblestone_stairs":178,"minecraft:melon":4,"minecraft:red_stained_glass":16,"minecraft:red_concrete":2002,"minecraft:spruce_slab":2,"minecraft:redstone":17,"minecraft:lime_wool":80,"minecraft:oak_planks":1560,"minecraft:oak_sign":97,"minecraft:cactus":85,"minecraft:chest":82,"minecraft:spruce_planks":1,"minecraft:stone":1375,"minecraft:nether_wart":16,"minecraft:redstone_block":1,"minecraft:cauldron":1,"minecraft:spruce_sign":17,"minecraft:grass":17,"minecraft:sugar_cane":10,"minecraft:cobblestone_slab":43,"minecraft:stone_hoe":194,"minecraft:farmland":5,"minecraft:cracked_stone_bricks":4,"minecraft:oak_door":20,"minecraft:white_wool":14,"minecraft:torch":476,"minecraft:red_nether_brick_slab":4,"minecraft:cocoa_beans":4,"minecraft:mossy_cobblestone":2,"minecraft:diamond_block":1,"minecraft:dirt":199,"minecraft:soul_sand":16,"minecraft:sand":80,"minecraft:anvil":1,"minecraft:comparator":3,"minecraft:hopper":11,"minecraft:oak_slab":13,"minecraft:crafting_table":29,"minecraft:red_bed":3,"minecraft:spruce_stairs":20,"minecraft:birch_sign":6,"minecraft:cobblestone_wall":29,"minecraft:carrot":38,"minecraft:note_block":1,"minecraft:stone_brick_wall":1,"minecraft:spruce_fence":2,"minecraft:blue_concrete":22,"minecraft:pumpkin_seeds":9,"minecraft:obsidian":3,"minecraft:redstone_torch":9,"minecraft:oak_log":2524,"minecraft:glass":10,"minecraft:stone_brick_slab":843,"minecraft:piston":5,"minecraft:lever":3,"minecraft:lava_bucket":4,"minecraft:bookshelf":5,"minecraft:command_block":22,"minecraft:red_wool":75,"minecraft:oak_stairs":2,"minecraft:jungle_log":1,"minecraft:quartz_block":11,"minecraft:dark_oak_slab":1,"minecraft:oak_pressure_plate":10,"minecraft:gravel":2,"minecraft:stone_brick_stairs":306,"minecraft:melon_seeds":9,"minecraft:stone_bricks":1769,"minecraft:item_frame":7,"minecraft:jungle_sign":4,"minecraft:repeater":5,"minecraft:cobblestone":1842,"minecraft:snow":2,"minecraft:emerald_block":1,"minecraft:furnace":11,"minecraft:lime_stained_glass":16,"minecraft:lapis_block":1,"minecraft:gold_block":1,"minecraft:smooth_stone_slab":1,"minecraft:potato":45,"minecraft:pumpkin":3,"minecraft:jukebox":1}},"DataVersion":2567}