{
  "minecraft:recipes/misc/iron_nugget_from_blasting": {
    "criteria": {
      "has_iron_sword": "2021-04-09 15:19:39 +0200"
    },
    "done": true
  },
  "minecraft:recipes/redstone/redstone_lamp": {
    "criteria": {
      "has_glowstone": "2021-04-09 15:20:51 +0200"
    },
    "done": true
  },
  "minecraft:recipes/decorations/red_banner": {
    "criteria": {
      "has_red_wool": "2021-04-09 15:20:51 +0200"
    },
    "done": true
  },
  "minecraft:recipes/decorations/painting": {
    "criteria": {
      "has_wool": "2021-04-09 15:20:51 +0200"
    },
    "done": true
  },
  "minecraft:recipes/misc/iron_nugget_from_smelting": {
    "criteria": {
      "has_iron_sword": "2021-04-09 15:19:39 +0200"
    },
    "done": true
  },
  "minecraft:recipes/decorations/red_carpet": {
    "criteria": {
      "has_red_wool": "2021-04-09 15:20:51 +0200"
    },
    "done": true
  },
  "minecraft:adventure/adventuring_time": {
    "criteria": {
      "minecraft:cold_ocean": "2021-04-09 15:15:41 +0200",
      "minecraft:forest": "2021-04-09 15:14:17 +0200",
      "minecraft:beach": "2021-04-09 15:15:36 +0200",
      "minecraft:dark_forest": "2021-04-09 15:15:29 +0200",
      "minecraft:river": "2021-04-09 15:14:26 +0200",
      "minecraft:plains": "2021-04-09 15:15:25 +0200"
    },
    "done": false
  },
  "minecraft:recipes/decorations/red_bed": {
    "criteria": {
      "has_red_wool": "2021-04-09 15:20:51 +0200"
    },
    "done": true
  },
  "DataVersion": 2584
}