{
	"pools":
	[
		{
			"rolls": 1,
			"entries":
			[
				{
					"type": "item",
					"name": "minecraft:potion",
					"functions":
					[
						{
							"function": "set_nbt",
							"tag": "{CustomModelData:3,ItemId:3002,CustomPotionEffects:[{Id:6b,Amplifier:2b,Duration:1}],HideFlags:63}"
						},{
							"function": "set_name",
							"name": { "translate":"item.3002.name", "color": "blue", "bold": true, "italic": false }
						},{
							"function": "set_lore",
							"lore":
							[
								{ "translate": "item.3002.lore1", "color": "gray", "italic": false },
								{ "translate": "item.3002.lore2", "color": "gray", "italic": false },
								{ "text": "" },
								{ "translate": "item.3002.effect1", "color": "dark_green", "italic": false }
							]
						}
					]
				}
			]
		}
	]
}