{
	"pools":
	[
		{
			"rolls": 1,
			"entries":
			[
				{
					"type": "item",
					"name": "minecraft:potion",
					"functions":
					[
						{
							"function": "set_nbt",
							"tag": "{CustomModelData:4,ItemId:3003,CustomPotionEffects:[{Id:1b,Amplifier:0b,Duration:900}],HideFlags:63}"
						},{
							"function": "set_name",
							"name": { "translate":"item.3003.name", "color": "blue", "bold": true, "italic": false }
						},{
							"function": "set_lore",
							"lore":
							[
								{ "translate": "item.3003.lore1", "color": "gray", "italic": false },
								{ "translate": "item.3003.lore2", "color": "gray", "italic": false },
								{ "text": "" },
								{ "translate": "item.3003.effect1", "color": "green", "italic": false }
							]
						}
					]
				}
			]
		}
	]
}