{
	"pools":
	[
		{
			"rolls": 1,
			"entries":
			[
				{
					"type": "item",
					"name": "minecraft:potion",
					"functions":
					[
						{
							"function": "set_nbt",
							"tag": "{CustomModelData:6,ItemId:3005,CustomPotionEffects:[{Id:11b,Amplifier:0b,Duration:1200},{Id:10b,Amplifier:0b,Duration:300}],HideFlags:63}"
						},{
							"function": "set_name",
							"name": { "translate":"item.3005.name", "color": "blue", "bold": true, "italic": false }
						},{
							"function": "set_lore",
							"lore":
							[
								{ "translate": "item.3005.lore1", "color": "gray", "italic": false },
								{ "translate": "item.3005.lore2", "color": "gray", "italic": false },
								{ "text": "" },
								{ "translate": "item.3005.effect1", "color": "green", "italic": false },
								{ "translate": "item.3005.effect2", "color": "green", "italic": false }
							]
						}
					]
				}
			]
		}
	]
}