{
	"pools":
	[
		{
			"rolls": 1,
			"entries":
			[
				{
					"type": "item",
					"name": "minecraft:______MINECRAFT_ID______",
					"functions":
					[
						{
							"function": "set_nbt",
							"tag": "{CustomModelData:______MODEL_DATA______,ItemId:______ITEM_ID______,CustomPotionEffects:[{Id:6b,Amplifier:0b,Duration:1}],HideFlags:63}"
						},{
							"function": "set_name",
							"name": { "translate":"item.______ITEM_ID______.name", "color": "blue", "bold": true, "italic": false }
						},{
							"function": "set_lore",
							"lore":
							[
								{ "translate": "item.______ITEM_ID______.lore1", "color": "gray", "italic": false },
								{ "translate": "item.______ITEM_ID______.lore2", "color": "gray", "italic": false },
								{ "translate": "item.______ITEM_ID______.lore3", "color": "gray", "italic": false },
								{ "translate": "item.______ITEM_ID______.lore4", "color": "gray", "italic": false },
								{ "text": "" },
								{ "translate": "item.______ITEM_ID______.effect1", "color": "dark_green", "italic": false }
							]
						}
					]
				}
			]
		}
	]
}