{"stats":{"minecraft:killed":{"minecraft:husk":2,"minecraft:chicken":3},"minecraft:dropped":{"minecraft:command_block":1},"minecraft:picked_up":{"minecraft:yellow_shulker_box":2,"minecraft:feather":2,"minecraft:chicken":3,"minecraft:magma_cream":64,"minecraft:ladder":1,"minecraft:diamond_sword":2,"minecraft:diamond_horse_armor":1,"minecraft:gunpowder":1,"minecraft:green_shulker_box":3,"minecraft:lantern":1,"minecraft:item_frame":1,"minecraft:bone":10,"minecraft:pink_shulker_box":1,"minecraft:bow":1,"minecraft:diamond_leggings":2,"minecraft:wheat_seeds":15,"minecraft:black_shulker_box":2,"minecraft:bucket":1,"minecraft:redstone_torch":1,"minecraft:blue_shulker_box":1,"minecraft:orange_shulker_box":1,"minecraft:torch":4,"minecraft:stone_button":1,"minecraft:trident":2,"minecraft:redstone":1,"minecraft:shulker_box":7,"minecraft:diamond_shovel":1,"minecraft:command_block":1,"minecraft:rotten_flesh":4,"minecraft:diamond_boots":1,"minecraft:diamond_axe":1,"minecraft:golden_apple":1,"minecraft:saddle":1,"minecraft:bread":2,"minecraft:oak_sapling":3,"minecraft:light_gray_carpet":4},"minecraft:custom":{"minecraft:interact_with_furnace":3,"minecraft:mob_kills":5,"minecraft:interact_with_crafting_table":22,"minecraft:play_one_minute":936670,"minecraft:open_shulker_box":16,"minecraft:leave_game":41,"minecraft:time_since_death":936294,"minecraft:climb_one_cm":8087,"minecraft:time_since_rest":936314,"minecraft:sprint_one_cm":140106,"minecraft:walk_one_cm":544789,"minecraft:drop":1,"minecraft:damage_dealt":518,"minecraft:fly_one_cm":4266614,"minecraft:open_chest":50,"minecraft:crouch_one_cm":12940,"minecraft:deaths":1,"minecraft:sneak_time":21058,"minecraft:walk_under_water_one_cm":11145,"minecraft:jump":765,"minecraft:walk_on_water_one_cm":49787},"minecraft:used":{"minecraft:oak_fence":55,"minecraft:water_bucket":21,"minecraft:dark_oak_stairs":452,"minecraft:mossy_stone_bricks":23,"minecraft:iron_bars":54,"minecraft:cobblestone_stairs":451,"minecraft:spruce_door":4,"minecraft:flint_and_steel":6,"minecraft:oak_planks":1,"minecraft:carved_pumpkin":4,"minecraft:polished_andesite":155,"minecraft:spruce_slab":255,"minecraft:yellow_shulker_box":2,"minecraft:carrot_on_a_stick":2,"minecraft:redstone":68,"minecraft:poppy":3,"minecraft:ladder":70,"minecraft:oak_sign":7,"minecraft:light_gray_carpet":211,"minecraft:orange_tulip":2,"minecraft:spruce_planks":326,"minecraft:chest":47,"minecraft:black_shulker_box":2,"minecraft:stone":933,"minecraft:green_bed":3,"minecraft:cauldron":16,"minecraft:cobblestone_slab":501,"minecraft:warped_sign":3,"minecraft:quartz_stairs":3,"minecraft:grass":68,"minecraft:spruce_fence_gate":68,"minecraft:player_head":290,"minecraft:soul_campfire":1,"minecraft:oak_door":11,"minecraft:oak_leaves":51,"minecraft:debug_stick":47,"minecraft:torch":283,"minecraft:mossy_cobblestone":5,"minecraft:dirt":315,"minecraft:sand":41,"minecraft:rail":2,"minecraft:crafting_table":166,"minecraft:oak_slab":195,"minecraft:hopper":2,"minecraft:red_bed":12,"minecraft:spruce_stairs":586,"minecraft:black_banner":7,"minecraft:cobblestone_wall":120,"minecraft:shulker_box":7,"minecraft:dark_oak_fence_gate":23,"minecraft:painting":59,"minecraft:spruce_fence":187,"minecraft:redstone_torch":47,"minecraft:oak_log":828,"minecraft:sticky_piston":4,"minecraft:dark_oak_planks":117,"minecraft:stone_brick_slab":31,"minecraft:lever":8,"minecraft:lava_bucket":5,"minecraft:bookshelf":30,"minecraft:red_tulip":4,"minecraft:command_block":231,"minecraft:red_wool":42,"minecraft:grass_block":795,"minecraft:lantern":35,"minecraft:oak_stairs":101,"minecraft:blue_orchid":3,"minecraft:oak_button":1,"minecraft:barrier":24,"minecraft:stone_button":33,"minecraft:orange_shulker_box":1,"minecraft:chicken_spawn_egg":3,"minecraft:spruce_trapdoor":131,"minecraft:dark_oak_leaves":4,"minecraft:dark_oak_slab":28,"minecraft:smooth_quartz":225,"minecraft:oak_pressure_plate":1,"minecraft:iron_door":1,"minecraft:gravel":483,"minecraft:stone_brick_stairs":74,"minecraft:stone_bricks":362,"minecraft:item_frame":46,"minecraft:chiseled_stone_bricks":10,"minecraft:repeater":12,"minecraft:green_shulker_box":3,"minecraft:wooden_sword":13,"minecraft:basalt":6,"minecraft:glowstone":4,"minecraft:cobblestone":1050,"minecraft:hay_block":10,"minecraft:written_book":1,"minecraft:oak_sapling":19,"minecraft:blue_shulker_box":1,"minecraft:furnace":20,"minecraft:dark_oak_fence":21,"minecraft:podzol":6,"minecraft:pink_shulker_box":1,"minecraft:andesite":15,"minecraft:gold_block":1,"minecraft:chain":20,"minecraft:glass_pane":61,"minecraft:dandelion":1,"minecraft:husk_spawn_egg":2,"minecraft:coarse_dirt":179,"minecraft:pumpkin":6,"minecraft:bone_meal":14,"minecraft:stripped_spruce_wood":73,"minecraft:cobweb":70}},"DataVersion":2584}