{
    "ItemGiverChained": [
    ],
    "TransportData": [
    ],
    "NpcsTimers": [
    ],
    "FactionData": [
        {
            "Points": 1000,
            "Faction": 1
        },
        {
            "Points": 0,
            "Faction": 2
        },
        {
            "Points": 1,
            "Faction": 3
        }
    ],
    "BankData": [
        {
            "BankInv": [
                {
                    "BankItems": {
                        "NpcMiscInv": [
                            {
                                "Slot": 0b,
                                "id": "minecraft:iron_sword",
                                "Count": 1b,
                                "tag": {
                                    "ench": [
                                        {
                                            "lvl": 1s,
                                            "id": 17s
                                        }
                                    ],
                                    "Unbreakable": 1,
                                    "HideFlags": 63,
                                    "display": {
                                        "Lore": [
                                            "§8Nasycony energia Maltorna.",
                                            "§8Mozna wyczuc aure, która z",
                                            "§8niego emanuje.",
                                            "",
                                            "§7> §6Obrazenia: §e§l5-7",
                                            "§7> §6Szybkosc: §c§l|§8§l||",
                                            "§a§l> §2§l+§2§l4 §aObrazen przeciw nieumarlym."
                                        ],
                                        "Name": "§7§lZaklety miecz"
                                    },
                                    "AttributeModifiers": [
                                        {
                                            "UUIDMost": 285733,
                                            "UUIDLeast": 216639,
                                            "Amount": 6,
                                            "Slot": "mainhand",
                                            "AttributeName": "generic.attackDamage",
                                            "Operation": 0,
                                            "Name": "generic.attackDamage"
                                        },
                                        {
                                            "UUIDMost": 83733,
                                            "UUIDLeast": 254660,
                                            "Amount": -3,
                                            "Slot": "mainhand",
                                            "AttributeName": "generic.attackSpeed",
                                            "Operation": 0,
                                            "Name": "generic.attackSpeed"
                                        }
                                    ]
                                },
                                "Damage": 0s
                            }
                        ]
                    },
                    "Slot": 0
                },
                {
                    "BankItems": {
                        "NpcMiscInv": [
                        ]
                    },
                    "Slot": 1
                },
                {
                    "BankItems": {
                        "NpcMiscInv": [
                        ]
                    },
                    "Slot": 2
                },
                {
                    "BankItems": {
                        "NpcMiscInv": [
                        ]
                    },
                    "Slot": 3
                },
                {
                    "BankItems": {
                        "NpcMiscInv": [
                        ]
                    },
                    "Slot": 4
                },
                {
                    "BankItems": {
                        "NpcMiscInv": [
                        ]
                    },
                    "Slot": 5
                }
            ],
            "UpdatedSlots": [
                {
                    "Slot": 0,
                    "Boolean": 0b
                },
                {
                    "Slot": 1,
                    "Boolean": 0b
                },
                {
                    "Slot": 2,
                    "Boolean": 0b
                },
                {
                    "Slot": 3,
                    "Boolean": 0b
                },
                {
                    "Slot": 4,
                    "Boolean": 0b
                },
                {
                    "Slot": 5,
                    "Boolean": 0b
                }
            ],
            "DataBankId": 1,
            "UnlockedSlots": 1
        }
    ],
    "ItemGiversList": [
    ],
    "MailData": [
    ],
    "PlayerName": "Katniss",
    "QuestData": {
        "CompletedQuests": [
        ],
        "ActiveQuests": [
        ]
    },
    "UUID": "80928530-050f-3800-be00-e6bce328beee",
    "PlayerCompanionId": 0,
    "DialogData": [
        {
            "Dialog": 19
        },
        {
            "Dialog": 4
        },
        {
            "Dialog": 20
        },
        {
            "Dialog": 5
        },
        {
            "Dialog": 21
        },
        {
            "Dialog": 7
        },
        {
            "Dialog": 25
        },
        {
            "Dialog": 10
        }
    ]
}
