{"stats":{"minecraft:used":{"minecraft:calcite":42,"minecraft:oak_fence":3,"minecraft:water_bucket":46,"minecraft:diorite":3,"minecraft:rose_bush":41,"minecraft:iron_bars":20,"minecraft:iron_ore":21,"minecraft:cobblestone_stairs":2424,"minecraft:spruce_door":20,"minecraft:polished_andesite":505,"minecraft:spruce_slab":72,"minecraft:redstone":203,"minecraft:oak_planks":1,"minecraft:poppy":21,"minecraft:ladder":56,"minecraft:oak_sign":46,"minecraft:chest":28,"minecraft:spruce_planks":513,"minecraft:stone":4810,"minecraft:cobblestone_slab":1269,"minecraft:blue_bed":7,"minecraft:grass":371,"minecraft:green_bed":17,"minecraft:spruce_fence_gate":21,"minecraft:player_head":17,"minecraft:gold_ore":2,"minecraft:netherrack":22,"minecraft:cracked_stone_bricks":5,"minecraft:oak_leaves":202,"minecraft:oak_door":1,"minecraft:debug_stick":6,"minecraft:torch":30,"minecraft:mossy_cobblestone":8,"minecraft:dirt":471,"minecraft:anvil":1,"minecraft:comparator":1,"minecraft:hopper":8,"minecraft:oak_slab":59,"minecraft:crafting_table":84,"minecraft:red_bed":4,"minecraft:spruce_stairs":371,"minecraft:cobblestone_wall":835,"minecraft:dripstone_block":24,"minecraft:painting":2,"minecraft:tuff":22,"minecraft:glow_lichen":342,"minecraft:spruce_fence":335,"minecraft:dark_oak_door":1,"minecraft:polished_diorite":16,"minecraft:redstone_torch":31,"minecraft:oak_log":179,"minecraft:sticky_piston":5,"minecraft:stone_brick_slab":171,"minecraft:lever":25,"minecraft:cyan_terracotta":167,"minecraft:lava_bucket":2,"minecraft:bookshelf":12,"minecraft:command_block":3,"minecraft:red_wool":13,"minecraft:lantern":88,"minecraft:grass_block":638,"minecraft:oak_stairs":38,"minecraft:barrier":166,"minecraft:stone_button":2,"minecraft:spawner":6,"minecraft:polished_granite":14,"minecraft:spruce_trapdoor":3,"minecraft:iron_door":3,"minecraft:deepslate":14,"minecraft:gravel":408,"minecraft:stone_brick_stairs":258,"minecraft:stone_bricks":2810,"minecraft:smooth_basalt":2,"minecraft:bedrock":6,"minecraft:chiseled_stone_bricks":3,"minecraft:basalt":3,"minecraft:fishing_rod":3,"minecraft:glowstone":40,"minecraft:repeater":23,"minecraft:cobblestone":1951,"minecraft:furnace":4,"minecraft:red_concrete_powder":3,"minecraft:oak_sapling":8,"minecraft:andesite":45,"minecraft:chain_command_block":1,"minecraft:chain":21,"minecraft:glass_pane":11,"minecraft:acacia_wood":1,"minecraft:coarse_dirt":69,"minecraft:cobbled_deepslate":3,"minecraft:bone_meal":10,"minecraft:cobweb":18},"minecraft:picked_up":{"minecraft:lantern":2,"minecraft:wheat_seeds":18,"minecraft:stick":3,"minecraft:dandelion":1,"minecraft:redstone":3,"minecraft:oak_sapling":1},"minecraft:custom":{"minecraft:interact_with_anvil":1,"minecraft:interact_with_crafting_table":6,"minecraft:leave_game":10,"minecraft:time_since_death":1003875,"minecraft:sleep_in_bed":2,"minecraft:climb_one_cm":453,"minecraft:time_since_rest":918822,"minecraft:sprint_one_cm":80123,"minecraft:walk_one_cm":477808,"minecraft:fly_one_cm":5524385,"minecraft:open_chest":1,"minecraft:crouch_one_cm":15726,"minecraft:play_time":1003875,"minecraft:sneak_time":38410,"minecraft:walk_under_water_one_cm":8051,"minecraft:jump":827,"minecraft:walk_on_water_one_cm":35456,"minecraft:total_world_time":1171004}},"DataVersion":2865}