{"stats":{"minecraft:used":{"minecraft:calcite":31,"minecraft:oak_fence":2,"minecraft:water_bucket":42,"minecraft:rose_bush":41,"minecraft:iron_bars":20,"minecraft:iron_ore":21,"minecraft:cobblestone_stairs":1508,"minecraft:spruce_door":16,"minecraft:polished_andesite":326,"minecraft:spruce_slab":72,"minecraft:redstone":39,"minecraft:poppy":21,"minecraft:ladder":34,"minecraft:oak_planks":1,"minecraft:oak_sign":43,"minecraft:spruce_planks":513,"minecraft:chest":23,"minecraft:stone":3580,"minecraft:cobblestone_slab":927,"minecraft:blue_bed":7,"minecraft:grass":340,"minecraft:green_bed":17,"minecraft:spruce_fence_gate":21,"minecraft:player_head":17,"minecraft:gold_ore":2,"minecraft:netherrack":22,"minecraft:cracked_stone_bricks":5,"minecraft:oak_leaves":171,"minecraft:oak_door":1,"minecraft:debug_stick":6,"minecraft:torch":8,"minecraft:mossy_cobblestone":7,"minecraft:dirt":279,"minecraft:comparator":1,"minecraft:hopper":8,"minecraft:oak_slab":56,"minecraft:crafting_table":82,"minecraft:red_bed":4,"minecraft:spruce_stairs":371,"minecraft:cobblestone_wall":597,"minecraft:dripstone_block":17,"minecraft:tuff":22,"minecraft:painting":1,"minecraft:glow_lichen":213,"minecraft:spruce_fence":331,"minecraft:dark_oak_door":1,"minecraft:redstone_torch":6,"minecraft:oak_log":179,"minecraft:stone_brick_slab":132,"minecraft:lever":15,"minecraft:cyan_terracotta":167,"minecraft:lava_bucket":2,"minecraft:bookshelf":12,"minecraft:command_block":1,"minecraft:red_wool":12,"minecraft:lantern":64,"minecraft:grass_block":616,"minecraft:oak_stairs":38,"minecraft:barrier":161,"minecraft:spruce_trapdoor":3,"minecraft:iron_door":3,"minecraft:deepslate":14,"minecraft:gravel":378,"minecraft:stone_brick_stairs":68,"minecraft:stone_bricks":1641,"minecraft:smooth_basalt":2,"minecraft:basalt":3,"minecraft:chiseled_stone_bricks":3,"minecraft:glowstone":40,"minecraft:repeater":2,"minecraft:cobblestone":832,"minecraft:oak_sapling":8,"minecraft:red_concrete_powder":3,"minecraft:furnace":4,"minecraft:andesite":45,"minecraft:chain":14,"minecraft:glass_pane":11,"minecraft:acacia_wood":1,"minecraft:coarse_dirt":69,"minecraft:bone_meal":10,"minecraft:cobweb":18},"minecraft:picked_up":{"minecraft:lantern":2,"minecraft:wheat_seeds":18,"minecraft:stick":3,"minecraft:dandelion":1,"minecraft:oak_sapling":1},"minecraft:custom":{"minecraft:interact_with_crafting_table":5,"minecraft:leave_game":5,"minecraft:time_since_death":488919,"minecraft:sleep_in_bed":2,"minecraft:climb_one_cm":452,"minecraft:time_since_rest":403866,"minecraft:sprint_one_cm":41164,"minecraft:walk_one_cm":343795,"minecraft:fly_one_cm":4251410,"minecraft:crouch_one_cm":8673,"minecraft:play_time":488919,"minecraft:sneak_time":25143,"minecraft:walk_under_water_one_cm":6941,"minecraft:jump":476,"minecraft:walk_on_water_one_cm":34011,"minecraft:total_world_time":508472}},"DataVersion":2865}