{"stats":{"minecraft:picked_up":{"minecraft:lantern":2,"minecraft:wheat_seeds":18,"minecraft:stick":3,"minecraft:dandelion":1,"minecraft:gravel":3,"minecraft:redstone":3,"minecraft:oak_sapling":1},"minecraft:custom":{"minecraft:interact_with_anvil":2,"minecraft:interact_with_crafting_table":8,"minecraft:leave_game":18,"minecraft:time_since_death":1380604,"minecraft:sleep_in_bed":2,"minecraft:climb_one_cm":453,"minecraft:time_since_rest":1295551,"minecraft:sprint_one_cm":124731,"minecraft:walk_one_cm":747577,"minecraft:fly_one_cm":6674043,"minecraft:open_chest":35,"minecraft:crouch_one_cm":22739,"minecraft:play_time":1380604,"minecraft:sneak_time":48427,"minecraft:walk_under_water_one_cm":8051,"minecraft:jump":1128,"minecraft:walk_on_water_one_cm":35869,"minecraft:total_world_time":1680083},"minecraft:used":{"minecraft:calcite":56,"minecraft:oak_fence":3,"minecraft:dark_oak_stairs":1,"minecraft:water_bucket":47,"minecraft:mossy_stone_bricks":161,"minecraft:diorite":3,"minecraft:rose_bush":41,"minecraft:writable_book":5,"minecraft:iron_bars":70,"minecraft:iron_ore":21,"minecraft:cobblestone_stairs":2517,"minecraft:polished_deepslate":5,"minecraft:spruce_door":23,"minecraft:lime_wool":26,"minecraft:redstone":273,"minecraft:spruce_slab":72,"minecraft:polished_andesite":552,"minecraft:oak_planks":1,"minecraft:poppy":21,"minecraft:ladder":56,"minecraft:oak_sign":85,"minecraft:spruce_planks":541,"minecraft:chest":62,"minecraft:stone":5438,"minecraft:redstone_block":32,"minecraft:green_bed":36,"minecraft:blue_bed":7,"minecraft:cobblestone_slab":1454,"minecraft:grass":397,"minecraft:spruce_fence_gate":21,"minecraft:player_head":22,"minecraft:gold_ore":2,"minecraft:netherrack":22,"minecraft:cracked_stone_bricks":189,"minecraft:oak_leaves":251,"minecraft:oak_door":10,"minecraft:debug_stick":18,"minecraft:torch":30,"minecraft:mossy_cobblestone":131,"minecraft:dirt":478,"minecraft:anvil":3,"minecraft:comparator":3,"minecraft:vine":13,"minecraft:hopper":8,"minecraft:oak_slab":118,"minecraft:crafting_table":124,"minecraft:red_bed":20,"minecraft:spruce_stairs":384,"minecraft:cobblestone_wall":999,"minecraft:dripstone_block":35,"minecraft:tuff":22,"minecraft:painting":2,"minecraft:glow_lichen":383,"minecraft:beehive":14,"minecraft:spruce_fence":367,"minecraft:dark_oak_door":1,"minecraft:polished_diorite":17,"minecraft:redstone_torch":38,"minecraft:oak_log":210,"minecraft:glass":29,"minecraft:sticky_piston":5,"minecraft:stone_brick_slab":234,"minecraft:dark_oak_planks":2,"minecraft:lever":43,"minecraft:cyan_terracotta":167,"minecraft:lava_bucket":2,"minecraft:bookshelf":33,"minecraft:warped_hyphae":1,"minecraft:command_block":70,"minecraft:red_wool":19,"minecraft:oak_stairs":56,"minecraft:lantern":91,"minecraft:grass_block":816,"minecraft:barrier":166,"minecraft:oak_button":2,"minecraft:stone_button":14,"minecraft:smooth_sandstone":1,"minecraft:spawner":6,"minecraft:green_wool":6,"minecraft:polished_granite":14,"minecraft:spruce_trapdoor":3,"minecraft:iron_door":3,"minecraft:deepslate":18,"minecraft:gravel":637,"minecraft:stone_brick_stairs":532,"minecraft:stone_bricks":3403,"minecraft:smooth_basalt":2,"minecraft:bedrock":6,"minecraft:chiseled_stone_bricks":3,"minecraft:basalt":3,"minecraft:fishing_rod":3,"minecraft:glowstone":106,"minecraft:repeater":130,"minecraft:cobblestone":2157,"minecraft:furnace":5,"minecraft:red_concrete_powder":3,"minecraft:oak_sapling":8,"minecraft:andesite":48,"minecraft:chain_command_block":22,"minecraft:chain":21,"minecraft:glass_pane":11,"minecraft:acacia_wood":1,"minecraft:trapped_chest":2,"minecraft:cobbled_deepslate":3,"minecraft:coarse_dirt":69,"minecraft:bone_meal":10,"minecraft:cobweb":137}},"DataVersion":2865}