{"stats":{"minecraft:used":{"minecraft:calcite":42,"minecraft:oak_fence":3,"minecraft:dark_oak_stairs":1,"minecraft:water_bucket":46,"minecraft:mossy_stone_bricks":139,"minecraft:diorite":3,"minecraft:rose_bush":41,"minecraft:writable_book":2,"minecraft:iron_bars":70,"minecraft:iron_ore":21,"minecraft:cobblestone_stairs":2492,"minecraft:spruce_door":22,"minecraft:redstone":230,"minecraft:spruce_slab":72,"minecraft:polished_andesite":550,"minecraft:oak_planks":1,"minecraft:poppy":21,"minecraft:ladder":56,"minecraft:oak_sign":72,"minecraft:spruce_planks":541,"minecraft:chest":58,"minecraft:stone":5145,"minecraft:green_bed":36,"minecraft:blue_bed":7,"minecraft:cobblestone_slab":1316,"minecraft:grass":371,"minecraft:spruce_fence_gate":21,"minecraft:player_head":22,"minecraft:gold_ore":2,"minecraft:netherrack":22,"minecraft:cracked_stone_bricks":141,"minecraft:oak_leaves":251,"minecraft:oak_door":10,"minecraft:debug_stick":18,"minecraft:torch":30,"minecraft:mossy_cobblestone":108,"minecraft:dirt":471,"minecraft:anvil":2,"minecraft:comparator":1,"minecraft:vine":13,"minecraft:hopper":8,"minecraft:oak_slab":118,"minecraft:crafting_table":123,"minecraft:red_bed":20,"minecraft:spruce_stairs":384,"minecraft:cobblestone_wall":961,"minecraft:dripstone_block":32,"minecraft:tuff":22,"minecraft:painting":2,"minecraft:glow_lichen":363,"minecraft:beehive":14,"minecraft:spruce_fence":357,"minecraft:dark_oak_door":1,"minecraft:polished_diorite":17,"minecraft:redstone_torch":32,"minecraft:oak_log":189,"minecraft:sticky_piston":5,"minecraft:stone_brick_slab":219,"minecraft:dark_oak_planks":2,"minecraft:lever":28,"minecraft:cyan_terracotta":167,"minecraft:lava_bucket":2,"minecraft:bookshelf":33,"minecraft:warped_hyphae":1,"minecraft:command_block":4,"minecraft:red_wool":18,"minecraft:oak_stairs":56,"minecraft:lantern":91,"minecraft:grass_block":638,"minecraft:barrier":166,"minecraft:oak_button":2,"minecraft:stone_button":14,"minecraft:smooth_sandstone":1,"minecraft:spawner":6,"minecraft:green_wool":6,"minecraft:polished_granite":14,"minecraft:spruce_trapdoor":3,"minecraft:iron_door":3,"minecraft:deepslate":14,"minecraft:gravel":511,"minecraft:stone_brick_stairs":428,"minecraft:stone_bricks":3318,"minecraft:smooth_basalt":2,"minecraft:bedrock":6,"minecraft:chiseled_stone_bricks":3,"minecraft:basalt":3,"minecraft:fishing_rod":3,"minecraft:glowstone":50,"minecraft:repeater":26,"minecraft:cobblestone":2052,"minecraft:furnace":5,"minecraft:red_concrete_powder":3,"minecraft:oak_sapling":8,"minecraft:andesite":48,"minecraft:chain_command_block":1,"minecraft:chain":21,"minecraft:glass_pane":11,"minecraft:acacia_wood":1,"minecraft:trapped_chest":1,"minecraft:cobbled_deepslate":3,"minecraft:coarse_dirt":69,"minecraft:bone_meal":10,"minecraft:cobweb":124},"minecraft:picked_up":{"minecraft:lantern":2,"minecraft:wheat_seeds":18,"minecraft:stick":3,"minecraft:dandelion":1,"minecraft:gravel":3,"minecraft:redstone":3,"minecraft:oak_sapling":1},"minecraft:custom":{"minecraft:interact_with_anvil":1,"minecraft:interact_with_crafting_table":7,"minecraft:leave_game":15,"minecraft:time_since_death":1143079,"minecraft:sleep_in_bed":2,"minecraft:climb_one_cm":453,"minecraft:time_since_rest":1058026,"minecraft:sprint_one_cm":102949,"minecraft:walk_one_cm":662945,"minecraft:fly_one_cm":6085465,"minecraft:open_chest":25,"minecraft:crouch_one_cm":20869,"minecraft:play_time":1143079,"minecraft:sneak_time":44150,"minecraft:walk_under_water_one_cm":8051,"minecraft:jump":1011,"minecraft:walk_on_water_one_cm":35456,"minecraft:total_world_time":1344662}},"DataVersion":2865}