{"stats":{"minecraft:custom":{"minecraft:interact_with_anvil":1,"minecraft:interact_with_crafting_table":7,"minecraft:leave_game":12,"minecraft:time_since_death":1098436,"minecraft:sleep_in_bed":2,"minecraft:climb_one_cm":453,"minecraft:time_since_rest":1013383,"minecraft:sprint_one_cm":89449,"minecraft:walk_one_cm":595026,"minecraft:fly_one_cm":5869369,"minecraft:open_chest":1,"minecraft:crouch_one_cm":18193,"minecraft:play_time":1098436,"minecraft:sneak_time":41703,"minecraft:walk_under_water_one_cm":8051,"minecraft:jump":919,"minecraft:walk_on_water_one_cm":35456,"minecraft:total_world_time":1297954},"minecraft:picked_up":{"minecraft:lantern":2,"minecraft:wheat_seeds":18,"minecraft:stick":3,"minecraft:dandelion":1,"minecraft:gravel":3,"minecraft:redstone":3,"minecraft:oak_sapling":1},"minecraft:used":{"minecraft:calcite":42,"minecraft:oak_fence":3,"minecraft:dark_oak_stairs":1,"minecraft:water_bucket":46,"minecraft:mossy_stone_bricks":125,"minecraft:diorite":3,"minecraft:rose_bush":41,"minecraft:writable_book":2,"minecraft:iron_bars":70,"minecraft:iron_ore":21,"minecraft:cobblestone_stairs":2456,"minecraft:spruce_door":22,"minecraft:redstone":230,"minecraft:spruce_slab":72,"minecraft:polished_andesite":530,"minecraft:oak_planks":1,"minecraft:poppy":21,"minecraft:ladder":56,"minecraft:oak_sign":62,"minecraft:spruce_planks":540,"minecraft:chest":32,"minecraft:stone":4900,"minecraft:green_bed":29,"minecraft:blue_bed":7,"minecraft:cobblestone_slab":1288,"minecraft:grass":371,"minecraft:spruce_fence_gate":21,"minecraft:player_head":22,"minecraft:gold_ore":2,"minecraft:netherrack":22,"minecraft:cracked_stone_bricks":140,"minecraft:oak_leaves":236,"minecraft:oak_door":9,"minecraft:debug_stick":18,"minecraft:torch":30,"minecraft:mossy_cobblestone":86,"minecraft:dirt":471,"minecraft:anvil":2,"minecraft:comparator":1,"minecraft:vine":13,"minecraft:hopper":8,"minecraft:oak_slab":97,"minecraft:crafting_table":103,"minecraft:red_bed":20,"minecraft:spruce_stairs":384,"minecraft:cobblestone_wall":889,"minecraft:dripstone_block":32,"minecraft:tuff":22,"minecraft:painting":2,"minecraft:glow_lichen":357,"minecraft:beehive":14,"minecraft:spruce_fence":357,"minecraft:dark_oak_door":1,"minecraft:polished_diorite":17,"minecraft:redstone_torch":32,"minecraft:oak_log":189,"minecraft:sticky_piston":5,"minecraft:stone_brick_slab":196,"minecraft:dark_oak_planks":2,"minecraft:lever":28,"minecraft:cyan_terracotta":167,"minecraft:lava_bucket":2,"minecraft:bookshelf":23,"minecraft:warped_hyphae":1,"minecraft:command_block":4,"minecraft:red_wool":13,"minecraft:oak_stairs":43,"minecraft:lantern":90,"minecraft:grass_block":638,"minecraft:barrier":166,"minecraft:oak_button":2,"minecraft:smooth_sandstone":1,"minecraft:stone_button":14,"minecraft:spawner":6,"minecraft:polished_granite":14,"minecraft:spruce_trapdoor":3,"minecraft:iron_door":3,"minecraft:deepslate":14,"minecraft:gravel":494,"minecraft:stone_brick_stairs":375,"minecraft:stone_bricks":3027,"minecraft:smooth_basalt":2,"minecraft:bedrock":6,"minecraft:chiseled_stone_bricks":3,"minecraft:basalt":3,"minecraft:fishing_rod":3,"minecraft:glowstone":44,"minecraft:repeater":26,"minecraft:cobblestone":2006,"minecraft:furnace":5,"minecraft:red_concrete_powder":3,"minecraft:oak_sapling":8,"minecraft:andesite":48,"minecraft:chain_command_block":1,"minecraft:chain":21,"minecraft:glass_pane":11,"minecraft:acacia_wood":1,"minecraft:trapped_chest":1,"minecraft:cobbled_deepslate":3,"minecraft:coarse_dirt":69,"minecraft:bone_meal":10,"minecraft:cobweb":123}},"DataVersion":2865}