{"stats":{"minecraft:custom":{"minecraft:time_since_rest":95338,"minecraft:sprint_one_cm":20417,"minecraft:walk_one_cm":30875,"minecraft:fly_one_cm":1425903,"minecraft:interact_with_crafting_table":2,"minecraft:open_chest":22,"minecraft:play_one_minute":96006,"minecraft:crouch_one_cm":865,"minecraft:deaths":1,"minecraft:sneak_time":3788,"minecraft:walk_under_water_one_cm":11064,"minecraft:jump":126,"minecraft:leave_game":7,"minecraft:time_since_death":95314,"minecraft:walk_on_water_one_cm":3520},"minecraft:used":{"minecraft:oak_log":474,"minecraft:oak_fence":5,"minecraft:dark_oak_planks":14,"minecraft:dark_oak_stairs":169,"minecraft:cobblestone_stairs":6,"minecraft:bookshelf":1,"minecraft:red_wool":83,"minecraft:lantern":19,"minecraft:grass_block":62,"minecraft:oak_stairs":5,"minecraft:spruce_slab":48,"minecraft:barrier":8,"minecraft:ladder":10,"minecraft:poppy":8,"minecraft:oak_sign":12,"minecraft:chest":13,"minecraft:spruce_planks":284,"minecraft:dark_oak_slab":108,"minecraft:smooth_quartz":30,"minecraft:spruce_fence_gate":29,"minecraft:gravel":196,"minecraft:grass":5,"minecraft:sugar_cane":74,"minecraft:cobblestone_slab":8,"minecraft:player_head":3,"minecraft:oak_door":1,"minecraft:item_frame":2,"minecraft:oak_leaves":24,"minecraft:white_wool":31,"minecraft:torch":5,"minecraft:mossy_cobblestone":2,"minecraft:glowstone":6,"minecraft:sand":16,"minecraft:cobblestone":23,"minecraft:oak_slab":10,"minecraft:crafting_table":23,"minecraft:furnace":1,"minecraft:dark_oak_fence":1,"minecraft:spruce_stairs":33,"minecraft:cobblestone_wall":8,"minecraft:andesite":11,"minecraft:chain":1,"minecraft:glass_pane":5,"minecraft:egg":1,"minecraft:coarse_dirt":63,"minecraft:spruce_fence":155,"minecraft:cobweb":1},"minecraft:picked_up":{"minecraft:ladder":2,"minecraft:torch":2,"minecraft:lantern":1,"minecraft:oak_sign":1,"minecraft:wheat_seeds":2,"minecraft:oak_sapling":1,"minecraft:sugar_cane":1,"minecraft:egg":1}},"DataVersion":2584}