{
	"pools":
	[
		{
			"rolls": 1,
			"entries":
			[
				{
					"type": "item",
					"name": "minecraft:apple",
					"functions":
					[
						{
							"function": "set_name",
							"name": { "italic": false, "text": "Apple", "color": "gray", "bold": true }
						},
						{
							"function": "set_lore",
							"lore":
							[
								{ "italic": false, "text": "A juicy red apple.", "color": "white" },
								{ "italic": false, "text": "" },
								["",{ "italic": false, "text": "Food", "color": "gray", "bold": true },{ "italic": false, "text": ": ", "color": "gray" },{ "italic": false, "text": "4", "color": "yellow", "bold": true }],
								{ "italic": false, "text": "" }]
						},
						{
							"function": "set_nbt",
							"tag": "{HideFlags:2147483647,Unbreakable:1}"
						},
						{
							"function": "set_nbt",
							"tag": "{ItemId:3001,CustomModelData:3001}"
						}
					]
				}
			]
		}
	]
}