{
	"pools":
	[
		{
			"rolls": 1,
			"entries":
			[
				{
					"type": "item",
					"name": "minecraft:gold_ingot",
					"functions":
					[
						{
							"function": "set_name",
							"name": { "italic": false, "text": "Gold", "color": "gold", "bold": true }
						},
						{
							"function": "set_lore",
							"lore":
							[
								{ "italic": false, "text": "A shiny ingot of pure gold.", "color": "yellow" },
								{ "italic": false, "text": "" }
							]
						},
						{
							"function": "set_nbt",
							"tag": "{HideFlags:2147483647,Unbreakable:1}"
						},
						{
							"function": "set_nbt",
							"tag": "{ItemId:0,CustomModelData:0,IsCoin:true,CoinType:1}"
						}
					]
				}
			]
		}
	]
}