{
	"pools": [
		{
			"rolls": 1,
			"entries": [
				{
					"type": "item",
					"name": "minecraft:carrot_on_a_stick",
					"functions": [
						{
							"function": "set_name",
							"name": { "italic": false, "text": "Drake's Sniper Rifle", "color": "dark_red", "bold": true }
						},
						{
							"function": "set_lore",
							"lore":
							[
								{ "italic": false, "text": "Drake used it to snipe his opponents.", "color": "red" },
								{ "italic": false, "text": "" },
								["",{ "italic": false, "text": "Damage", "color": "gray", "bold": true },{ "italic": false, "text": ": ", "color": "gray" },{ "italic": false, "text": "20", "color": "yellow", "bold": true },{ "italic": false, "text": " (", "color": "gray" },{ "italic": false, "text": "20", "color": "yellow", "bold": true },{ "italic": false, "text": ")", "color": "gray" }],
								{ "italic": false, "text": "" }]
						},
						{
							"function": "set_nbt",
							"tag": "{Unbreakable:1,HideFlags:2147483647}"
						},
						{
							"function": "set_nbt",
							"tag": "{ItemId:69420,CustomModelData:69420,Harquebus:true,stats:{ReloadTime:100,Amplified:true}}"
						}
					]
				}
			]
		}
	]
}