{
    "DialogShowWheel": 0b,
    "AvailabilityQuestId": 1,
    "Options": [
        {
            "OptionSlot": 0,
            "Option": {
                "DialogCommand": "",
                "Dialog": 5,
                "Title": "No dobra, pomogę. Ale... Nie mam czym walczyć.",
                "DialogColor": 5635925,
                "OptionType": 1
            }
        },
        {
            "OptionSlot": 1,
            "Option": {
                "DialogCommand": "",
                "Dialog": -1,
                "Title": "Nie... Nie teraz.",
                "DialogColor": 16733525,
                "OptionType": 0
            }
        }
    ],
    "DialogHideNPC": 0b,
    "AvailabilityFactionStance": 0,
    "DialogId": 4,
    "AvailabilityQuest": 2,
    "AvailabilityDialog4": 0,
    "AvailabilityDialog3": 0,
    "AvailabilityQuest2": 0,
    "AvailabilityQuest3": 0,
    "AvailabilityQuest4": 0,
    "ModRev": 18,
    "DecreaseFaction1Points": 0b,
    "DialogQuest": -1,
    "AvailabilityDialog2": 0,
    "OptionFactions1": -1,
    "AvailabilityDayTime": 0,
    "OptionFactions2": -1,
    "AvailabilityFaction2Id": -1,
    "OptionFaction1Points": 100,
    "DialogDisableEsc": 0b,
    "AvailabilityFaction": 0,
    "DialogTitle": "start",
    "AvailabilityDialog": 0,
    "AvailabilityFaction2": 0,
    "AvailabilityFactionId": -1,
    "AvailabilityFaction2Stance": 0,
    "DialogCommand": "",
    "AvailabilityDialogId": -1,
    "OptionFaction2Points": 100,
    "DialogText": "Już jesteś, dobrze, trzeba coś zrobić z tymi zombie... Już 2 raz tu przyszły, teraz jest ich wiecej. Sam sobie nie poradzę. Mogę na Ciebie liczyć?",
    "AvailabilityQuest4Id": -1,
    "AvailabilityQuest3Id": -1,
    "AvailabilityQuest2Id": -1,
    "AvailabilityDialog2Id": -1,
    "AvailabilityDialog3Id": -1,
    "AvailabilityDialog4Id": -1,
    "AvailabilityMinPlayerLevel": 0,
    "DecreaseFaction2Points": 0b,
    "DialogMail": {
        "Sender": "",
        "BeenRead": 0b,
        "Message": {
        },
        "MailItems": [
        ],
        "MailQuest": -1,
        "TimePast": 1514396535007L,
        "Time": 0L,
        "Subject": ""
    }
}
