{"stats":{"minecraft:custom":{"minecraft:mob_kills":2,"minecraft:interact_with_cartography_table":1,"minecraft:fill_cauldron":2,"minecraft:play_one_minute":473806,"minecraft:damage_dealt_resisted":20,"minecraft:leave_game":11,"minecraft:time_since_death":473806,"minecraft:time_since_rest":473806,"minecraft:sprint_one_cm":44248,"minecraft:walk_one_cm":197806,"minecraft:drop":83,"minecraft:damage_dealt":378,"minecraft:swim_one_cm":970,"minecraft:talked_to_villager":8,"minecraft:fly_one_cm":7173369,"minecraft:open_chest":15,"minecraft:crouch_one_cm":4229,"minecraft:sneak_time":30257,"minecraft:walk_under_water_one_cm":699,"minecraft:jump":302,"minecraft:interact_with_blast_furnace":3,"minecraft:walk_on_water_one_cm":934},"minecraft:killed":{"minecraft:horse":1},"minecraft:dropped":{"minecraft:wheat_seeds":131},"minecraft:used":{"minecraft:oak_fence":25,"minecraft:wheat_seeds":114,"minecraft:dark_oak_stairs":628,"minecraft:water_bucket":25,"minecraft:cow_spawn_egg":7,"minecraft:iron_ore":11,"minecraft:cobblestone_stairs":680,"minecraft:light_gray_carpet":1,"minecraft:oak_planks":85,"minecraft:spruce_slab":118,"minecraft:cartography_table":2,"minecraft:dark_oak_sign":16,"minecraft:ladder":10,"minecraft:lime_wool":13,"minecraft:poppy":5,"minecraft:oak_sign":17,"minecraft:orange_tulip":1,"minecraft:cauldron":2,"minecraft:chest":14,"minecraft:spruce_planks":1212,"minecraft:spruce_sign":28,"minecraft:stone":56,"minecraft:zombie_spawn_egg":10,"minecraft:composter":10,"minecraft:fletching_table":5,"minecraft:spruce_fence_gate":148,"minecraft:cobblestone_slab":29,"minecraft:grass":152,"minecraft:player_head":3,"minecraft:farmland":30,"minecraft:oak_door":35,"minecraft:dried_kelp_block":1,"minecraft:netherrack":1,"minecraft:oak_leaves":27,"minecraft:debug_stick":40,"minecraft:torch":31,"minecraft:mossy_cobblestone":99,"minecraft:dirt":45,"minecraft:anvil":1,"minecraft:oak_slab":40,"minecraft:crafting_table":19,"minecraft:red_bed":18,"minecraft:spruce_stairs":341,"minecraft:blast_furnace":1,"minecraft:cobblestone_wall":265,"minecraft:dark_oak_fence_gate":36,"minecraft:spruce_fence":528,"minecraft:azure_bluet":1,"minecraft:oak_log":2285,"minecraft:gray_terracotta":717,"minecraft:dark_oak_planks":161,"minecraft:black_wool":141,"minecraft:oxeye_daisy":6,"minecraft:stripped_dark_oak_wood":2,"minecraft:coal_ore":12,"minecraft:bookshelf":31,"minecraft:dark_oak_log":3,"minecraft:villager_spawn_egg":47,"minecraft:red_wool":20,"minecraft:command_block":1,"minecraft:iron_block":4,"minecraft:oak_stairs":108,"minecraft:lantern":50,"minecraft:grass_block":1085,"minecraft:blue_orchid":3,"minecraft:slime_block":10,"minecraft:barrier":6,"minecraft:pig_spawn_egg":1,"minecraft:lectern":4,"minecraft:dark_oak_slab":36,"minecraft:spruce_trapdoor":60,"minecraft:gravel":1291,"minecraft:item_frame":12,"minecraft:diamond_sword":4,"minecraft:cobblestone":1351,"minecraft:hay_block":223,"minecraft:wolf_spawn_egg":14,"minecraft:furnace":1,"minecraft:oak_sapling":33,"minecraft:dark_oak_fence":46,"minecraft:smithing_table":6,"minecraft:gray_bed":5,"minecraft:andesite":284,"minecraft:grass_path":9,"minecraft:glass_pane":46,"minecraft:repeating_command_block":1,"minecraft:coarse_dirt":264,"minecraft:dandelion":6,"minecraft:bone_meal":6,"minecraft:cobweb":25},"minecraft:picked_up":{"minecraft:coarse_dirt":3,"minecraft:wheat":7,"minecraft:azure_bluet":3,"minecraft:golden_carrot":4,"minecraft:leather":2,"minecraft:potato":21,"minecraft:flint":4,"minecraft:golden_sword":1,"minecraft:yellow_bed":1,"minecraft:gunpowder":3,"minecraft:lantern":1,"minecraft:cornflower":3,"minecraft:string":2,"minecraft:dirt":15,"minecraft:red_bed":6,"minecraft:flint_and_steel":1,"minecraft:leather_boots":1,"minecraft:item_frame":3,"minecraft:bone":6,"minecraft:oak_sign":5,"minecraft:apple":5,"minecraft:wheat_seeds":123,"minecraft:bell":1,"minecraft:light_weighted_pressure_plate":1,"minecraft:iron_nugget":9,"minecraft:poppy":8,"minecraft:gray_bed":1,"minecraft:birch_sapling":3,"minecraft:golden_helmet":1,"minecraft:stick":4,"minecraft:oak_door":9,"minecraft:composter":1,"minecraft:torch":25,"minecraft:white_dye":3,"minecraft:carrot":8,"minecraft:rotten_flesh":15,"minecraft:bread":5,"minecraft:oak_sapling":8,"minecraft:oxeye_daisy":2}},"DataVersion":2580}