{"stats":{"minecraft:used":{"minecraft:calcite":56,"minecraft:oak_fence":3,"minecraft:moss_carpet":2,"minecraft:water_bucket":47,"minecraft:dark_oak_stairs":1,"minecraft:mossy_stone_bricks":161,"minecraft:stone_sword":5,"minecraft:diorite":3,"minecraft:rose_bush":41,"minecraft:writable_book":5,"minecraft:iron_bars":70,"minecraft:iron_ore":21,"minecraft:cobblestone_stairs":2568,"minecraft:spruce_door":24,"minecraft:polished_deepslate":5,"minecraft:dropper":7,"minecraft:oak_planks":1,"minecraft:polished_andesite":553,"minecraft:poppy":21,"minecraft:spruce_slab":72,"minecraft:redstone":368,"minecraft:lime_wool":71,"minecraft:ladder":56,"minecraft:oak_sign":91,"minecraft:spruce_planks":547,"minecraft:chest":62,"minecraft:stone":5570,"minecraft:iron_sword":8,"minecraft:redstone_block":33,"minecraft:green_bed":36,"minecraft:blue_bed":7,"minecraft:cobblestone_slab":1495,"minecraft:grass":397,"minecraft:spruce_fence_gate":21,"minecraft:player_head":35,"minecraft:gold_ore":2,"minecraft:netherrack":22,"minecraft:cracked_stone_bricks":189,"minecraft:oak_leaves":251,"minecraft:oak_door":10,"minecraft:debug_stick":18,"minecraft:torch":30,"minecraft:mossy_cobblestone":131,"minecraft:dirt":540,"minecraft:anvil":3,"minecraft:comparator":9,"minecraft:vine":13,"minecraft:hopper":8,"minecraft:oak_slab":118,"minecraft:crafting_table":124,"minecraft:red_bed":20,"minecraft:spruce_stairs":386,"minecraft:cobblestone_wall":1007,"minecraft:beehive":14,"minecraft:dark_oak_fence_gate":1,"minecraft:dripstone_block":37,"minecraft:tuff":22,"minecraft:painting":2,"minecraft:glow_lichen":384,"minecraft:spruce_fence":367,"minecraft:granite":1,"minecraft:dark_oak_door":1,"minecraft:polished_diorite":17,"minecraft:redstone_torch":55,"minecraft:oak_log":210,"minecraft:glass":35,"minecraft:sticky_piston":5,"minecraft:dark_oak_planks":2,"minecraft:stone_brick_slab":234,"minecraft:lever":51,"minecraft:cyan_terracotta":167,"minecraft:lava_bucket":2,"minecraft:bookshelf":33,"minecraft:warped_hyphae":1,"minecraft:command_block":132,"minecraft:grass_block":959,"minecraft:red_wool":20,"minecraft:oak_stairs":56,"minecraft:lantern":91,"minecraft:stone_button":22,"minecraft:oak_button":2,"minecraft:barrier":166,"minecraft:smooth_sandstone":2,"minecraft:spawner":6,"minecraft:green_wool":6,"minecraft:polished_granite":14,"minecraft:spruce_trapdoor":3,"minecraft:iron_door":3,"minecraft:deepslate":18,"minecraft:gravel":640,"minecraft:yellow_wool":1,"minecraft:stone_brick_stairs":532,"minecraft:stone_bricks":3403,"minecraft:smooth_basalt":2,"minecraft:bedrock":6,"minecraft:chiseled_stone_bricks":5,"minecraft:basalt":3,"minecraft:diamond_sword":35,"minecraft:fishing_rod":3,"minecraft:glowstone":185,"minecraft:repeater":224,"minecraft:cobblestone":2162,"minecraft:oak_sapling":8,"minecraft:red_concrete_powder":3,"minecraft:furnace":5,"minecraft:andesite":51,"minecraft:chain_command_block":44,"minecraft:chain":21,"minecraft:glass_pane":11,"minecraft:acacia_wood":1,"minecraft:repeating_command_block":4,"minecraft:trapped_chest":5,"minecraft:cobbled_deepslate":3,"minecraft:coarse_dirt":69,"minecraft:bone_meal":10,"minecraft:cobweb":137},"minecraft:picked_up":{"minecraft:lantern":2,"minecraft:wheat_seeds":18,"minecraft:stick":3,"minecraft:stone":2,"minecraft:dandelion":1,"minecraft:gravel":3,"minecraft:redstone":3,"minecraft:oak_sapling":1},"minecraft:killed":{"minecraft:husk":13,"minecraft:skeleton":4,"minecraft:zombie":19},"minecraft:custom":{"minecraft:inspect_dropper":24,"minecraft:mob_kills":36,"minecraft:interact_with_anvil":2,"minecraft:inspect_hopper":14,"minecraft:interact_with_crafting_table":8,"minecraft:leave_game":25,"minecraft:time_since_death":1653050,"minecraft:sleep_in_bed":2,"minecraft:climb_one_cm":453,"minecraft:time_since_rest":1567997,"minecraft:sprint_one_cm":127795,"minecraft:walk_one_cm":797538,"minecraft:trigger_trapped_chest":11,"minecraft:damage_dealt":10081,"minecraft:fly_one_cm":7560122,"minecraft:open_chest":73,"minecraft:crouch_one_cm":24970,"minecraft:play_time":1653050,"minecraft:sneak_time":54941,"minecraft:walk_under_water_one_cm":8439,"minecraft:jump":1222,"minecraft:walk_on_water_one_cm":38216,"minecraft:total_world_time":1972666}},"DataVersion":2865}