{
    "variants": {
        "facing=up": [
			{ "model": "bottles/bottle5" },
			{ "model": "bottles/bottle6" },
			{ "model": "bottles/bottle7" },
			{ "model": "bottles/bottle8" }
					],
        "facing=down": { "model": "end_rod", "x": 180 },
        "facing=east": { "model": "end_rod", "y": 90, "x": 90 },
        "facing=south": { "model": "end_rod", "y": 180, "x": 90 },
        "facing=west": { "model": "end_rod", "y": 270, "x": 90 },
        "facing=north": { "model": "end_rod", "y": 0, "x": 90 }
    }
}
