{
  "internal:qs_undead_problem/_root": {
    "criteria": {
      "x": "2023-09-16 14:22:52 +0200"
    },
    "done": true
  },
  "internal:qs_undead_problem/2": {
    "criteria": {
      "x": "2023-09-16 14:22:52 +0200"
    },
    "done": true
  },
  "internal:qm_the_city_of_shadows/_root": {
    "criteria": {
      "x": "2023-09-16 17:46:19 +0200"
    },
    "done": true
  },
  "internal:qm_the_city_of_shadows/2": {
    "criteria": {
      "x": "2023-09-16 17:46:19 +0200"
    },
    "done": true
  },
  "DataVersion": 2865
}