{
  "internal:qs_undead_problem/_root": {
    "criteria": {
      "x": "2023-09-16 10:24:53 +0200"
    },
    "done": true
  },
  "internal:qs_undead_problem/3": {
    "criteria": {
      "x": "2023-09-16 10:24:55 +0200"
    },
    "done": true
  },
  "internal:qm_besieged/3": {
    "criteria": {
      "x": "2023-09-16 10:26:00 +0200"
    },
    "done": true
  },
  "internal:qm_against_the_tide/_root": {
    "criteria": {
      "x": "2023-09-02 14:35:15 +0200"
    },
    "done": true
  },
  "internal:qm_the_city_of_shadows/_root": {
    "criteria": {
      "x": "2023-09-11 17:11:42 +0200"
    },
    "done": true
  },
  "internal:qm_the_city_of_shadows/2": {
    "criteria": {
      "x": "2023-09-11 17:11:42 +0200"
    },
    "done": true
  },
  "DataVersion": 2865
}