{"stat.leaveGame":6,"stat.mineBlock.minecraft.cobblestone":4,"stat.swimOneCm":2923,"stat.climbOneCm":5690,"achievement.buildWorkBench":1,"stat.breakItem.minecraft.iron_pickaxe":1,"achievement.exploreAllBiomes":{"value":0,"progress":["ForestHills","River","Forest"]},"stat.pickup.minecraft.rotten_flesh":6,"stat.craftItem.minecraft.furnace":10,"stat.craftItem.minecraft.stone_axe":2,"stat.craftItem.minecraft.stone_pickaxe":3,"stat.pickup.minecraft.cobblestone":730,"stat.craftItem.minecraft.stone_sword":1,"stat.flyOneCm":4835,"achievement.buildPickaxe":6,"achievement.buildBetterPickaxe":5,"stat.mineBlock.minecraft.iron_ore":28,"stat.timeSinceDeath":65672,"stat.drop.minecraft.log":8,"stat.useItem.minecraft.iron_pickaxe":368,"stat.craftItem.minecraft.wooden_pickaxe":1,"stat.pickup.minecraft.mutton":7,"stat.craftItem.minecraft.bed":4,"stat.furnaceInteraction":16,"stat.mineBlock.minecraft.coal_ore":134,"stat.killEntity.Creeper":1,"stat.mineBlock.minecraft.ladder":6,"stat.useItem.minecraft.cooked_mutton":3,"stat.pickup.minecraft.furnace":4,"achievement.buildSword":2,"achievement.mineWood":131,"stat.sprintOneCm":9091,"stat.craftItem.minecraft.stick":76,"achievement.openInventory":43,"stat.craftItem.minecraft.stone":8,"stat.mineBlock.minecraft.fence":1,"stat.mineBlock.minecraft.crafting_table":5,"achievement.killEnemy":2,"achievement.buildFurnace":5,"stat.mineBlock.minecraft.planks":3,"stat.drop":8,"stat.playOneMinute":65672,"stat.killEntity.Sheep":4,"stat.craftItem.minecraft.iron_pickaxe":2,"stat.killEntity.Zombie":1,"stat.mineBlock.minecraft.tallgrass":1,"stat.craftItem.minecraft.cooked_mutton":7,"stat.chestOpened":21,"stat.craftItem.minecraft.ladder":18,"stat.jump":415,"stat.pickup.minecraft.fence":1,"stat.pickup.minecraft.coal":198,"stat.fallOneCm":3644,"stat.pickup.minecraft.iron_ingot":23,"stat.useItem.minecraft.stone_axe":200,"stat.crouchOneCm":21281,"stat.mineBlock.minecraft.chest":1,"stat.craftItem.minecraft.torch":143,"stat.craftItem.minecraft.chest":5,"stat.craftItem.minecraft.iron_ingot":28,"stat.pickup.minecraft.dirt":23,"stat.craftingTableInteraction":31,"stat.pickup.minecraft.iron_ore":28,"stat.mineBlock.minecraft.torch":12,"stat.mineBlock.minecraft.furnace":4,"stat.useItem.minecraft.wooden_pickaxe":60,"stat.pickup.minecraft.planks":3,"stat.pickup.minecraft.reeds":40,"stat.pickup.minecraft.bed":2,"stat.pickup.minecraft.oak_stairs":4,"stat.useItem.minecraft.stone_pickaxe":397,"stat.breakItem.minecraft.stone_axe":1,"stat.useItem.minecraft.stone_sword":20,"stat.damageDealt":801,"stat.sleepInBed":4,"stat.craftItem.minecraft.oak_stairs":12,"stat.mineBlock.minecraft.dirt":23,"stat.craftItem.minecraft.iron_sword":1,"stat.walkOneCm":446970,"stat.pickup.minecraft.crafting_table":5,"stat.craftItem.minecraft.crafting_table":7,"stat.breakItem.minecraft.stone_pickaxe":3,"stat.pickup.minecraft.log":209,"stat.pickup.minecraft.stone":142,"stat.pickup.minecraft.sapling":40,"stat.pickup.minecraft.wooden_door":4,"stat.pickup.minecraft.apple":12,"stat.pickup.minecraft.ladder":6,"stat.craftItem.minecraft.planks":293,"stat.useItem.minecraft.iron_sword":1,"stat.craftItem.minecraft.dirt":4,"stat.pickup.minecraft.stone_sword":1,"stat.mobKills":7,"stat.mineBlock.minecraft.log":162,"stat.craftItem.minecraft.wooden_door":8,"stat.craftItem.minecraft.fence":6,"achievement.acquireIron":1,"stat.mineBlock.minecraft.leaves":65,"stat.pickup.minecraft.torch":23,"stat.sneakTime":5007,"stat.pickup.minecraft.wool":5,"stat.mineBlock.minecraft.stone":641,"stat.breakItem.minecraft.wooden_pickaxe":1,"stat.pickup.minecraft.chest":1}