{"stat.useItem.7":6,"stat.useItem.19":2,"stat.fallOneCm":11919,"achievement.openInventory":124,"stat.jump":1501,"achievement.exploreAllBiomes":{"value":0,"progress":["Extreme Hills","Sky"]},"stat.killEntity.Skeleton":3,"stat.useItem.1":65,"stat.useItem.3":102,"stat.damageTaken":1620,"stat.useItem.5":76,"stat.useItem.293":42,"stat.climbOneCm":4403,"stat.useItem.12":45,"stat.damageDealt":1630,"stat.useItem.101":2,"stat.mineBlock.1":1,"stat.drop":30,"stat.killEntity.Bat":1,"stat.leaveGame":23,"stat.mineBlock.18":3,"stat.useItem.331":3,"stat.useItem.49":186,"stat.swimOneCm":6902,"stat.walkOneCm":430294,"stat.useItem.276":7,"stat.useItem.381":24,"stat.useItem.46":34,"stat.diveOneCm":82017,"stat.useItem.44":109,"stat.mineBlock.12":2,"stat.useItem.41":7,"stat.useItem.321":116,"stat.useItem.35":251,"stat.useItem.324":10,"stat.useItem.38":2,"stat.mineBlock.76":1,"stat.useItem.85":94,"stat.useItem.323":2,"stat.mobKills":9,"stat.deaths":1,"stat.useItem.76":118,"stat.useItem.128":260,"stat.useItem.272":13,"stat.mineBlock.38":2,"stat.useItem.171":3,"stat.useItem.120":30,"stat.useItem.121":23,"stat.useItem.295":42,"stat.useItem.27":6,"stat.useItem.24":658,"stat.flyOneCm":5421683,"stat.useItem.155":2,"stat.useItem.98":204,"stat.useItem.356":4,"stat.mineBlock.20":1,"stat.useItem.69":2,"stat.useItem.257":1,"stat.useItem.351":1711,"stat.useItem.397":103,"stat.useItem.65":4,"stat.useItem.112":4,"stat.playOneMinute":479753,"stat.useItem.23":2,"stat.useItem.20":35}