{"stat.useItem.6":32,"stat.useItem.143":25,"stat.useItem.7":528,"stat.useItem.148":2,"stat.useItem.147":10,"achievement.openInventory":2076,"stat.jump":11302,"achievement.exploreAllBiomes":{"value":0,"progress":["Forest","Extreme Hills+","Deep Ocean","Taiga","Ocean","Extreme Hills","Plains","Beach","Ice Mountains","Stone Beach","Sky","ForestHills"]},"stat.useItem.342":2,"stat.killEntity.Skeleton":23,"stat.useItem.1":1204,"stat.useItem.57":152,"stat.useItem.3":404,"stat.useItem.58":47,"stat.useItem.4":236,"stat.killEntity.Witch":3,"stat.useItem.5":1241,"stat.useItem.54":110,"stat.useItem.53":73,"stat.climbOneCm":28968,"stat.useItem.50":208,"stat.useItem.52":33,"stat.killEntity.Villager":14,"stat.entityKilledBy.Skeleton":5,"stat.killEntity.Enderman":2,"stat.useItem.133":41,"stat.useItem.134":1,"stat.killEntity.Bat":12,"stat.mineBlock.3":5,"stat.useItem.137":1261,"stat.useItem.330":21,"stat.useItem.139":592,"stat.useItem.138":17,"stat.useItem.331":7502,"stat.useItem.49":3130,"stat.useItem.46":244,"stat.useItem.276":1202,"stat.diveOneCm":939819,"stat.useItem.47":28,"stat.useItem.44":1706,"stat.useItem.283":4,"stat.useItem.41":326,"stat.useItem.404":135,"stat.craftItem.272":1,"stat.mineBlock.31":2,"stat.deaths":17,"stat.useItem.72":4,"stat.useItem.271":135,"stat.useItem.76":1251,"stat.useItem.77":67,"stat.useItem.171":177,"stat.killEntity.Zombie":71,"stat.useItem.70":68,"stat.useItem.157":135,"stat.useItem.156":468,"stat.useItem.259":1419,"stat.useItem.159":2,"stat.useItem.158":1,"stat.useItem.153":1,"stat.useItem.152":25,"stat.useItem.155":797,"stat.useItem.154":210,"stat.useItem.356":4098,"stat.useItem.355":4,"stat.useItem.69":28,"stat.useItem.351":262,"stat.useItem.61":28,"stat.useItem.67":1,"stat.killEntity.Creeper":4,"stat.useItem.66":106,"stat.useItem.65":74,"stat.killEntity.PigZombie":8,"stat.useItem.17":32,"stat.useItem.19":376,"stat.fallOneCm":19871,"stat.useItem.13":582,"stat.useItem.16":1,"stat.damageTaken":27615,"stat.useItem.383":20,"stat.useItem.109":809,"stat.killEntity.Blaze":4,"stat.useItem.12":77,"stat.damageDealt":119675,"stat.useItem.101":457,"stat.useItem.102":8,"stat.drop":89,"stat.leaveGame":178,"stat.useItem.380":6,"stat.boatOneCm":279,"stat.walkOneCm":4150963,"stat.swimOneCm":164521,"stat.entityKilledBy.Zombie":3,"stat.killEntity.EntityHorse":22,"stat.horseOneCm":26018,"stat.useItem.379":3,"stat.craftItem.364":2,"stat.useItem.321":30,"stat.useItem.35":440,"stat.useItem.324":22,"stat.useItem.323":204,"stat.mineBlock.76":15,"stat.useItem.85":427,"stat.killEntity.CaveSpider":4,"stat.useItem.86":8,"stat.useItem.87":720,"stat.useItem.88":101,"stat.useItem.89":204,"stat.mobKills":193,"stat.useItem.328":1,"stat.killEntity.Chicken":2,"stat.useItem.128":42,"stat.useItem.123":40,"stat.useItem.30":207,"stat.useItem.126":391,"stat.killEntity.Spider":1,"stat.useItem.121":485,"stat.useItem.33":9,"stat.useItem.27":197,"stat.useItem.96":34,"stat.useItem.24":154,"stat.flyOneCm":23265632,"stat.useItem.29":129,"stat.useItem.28":12,"stat.useItem.98":4062,"stat.killEntity.Pig":3,"stat.useItem.116":2,"stat.useItem.397":45,"stat.useItem.114":960,"stat.useItem.112":3185,"stat.useItem.113":694,"stat.playOneMinute":5450159,"stat.useItem.23":55,"stat.useItem.20":80}