{"stat.drop":1,"stat.killEntity.PigZombie":4,"stat.useItem.143":6,"stat.useItem.85":1,"stat.flyOneCm":318932,"stat.leaveGame":3,"achievement.openInventory":118,"stat.jump":352,"achievement.exploreAllBiomes":{"value":0,"progress":["Forest","Extreme Hills+","Ocean","Extreme Hills","Beach","Plains","Stone Beach"]},"stat.useItem.1":2,"stat.mobKills":46,"stat.killEntity.Skeleton":9,"stat.useItem.3":2,"stat.diveOneCm":205,"stat.killEntity.Witch":1,"stat.swimOneCm":401,"stat.useItem.276":204,"stat.walkOneCm":117840,"stat.deaths":1,"stat.climbOneCm":536,"stat.useItem.383":1,"stat.useItem.76":42,"stat.killEntity.Blaze":3,"stat.killEntity.Villager":3,"stat.playOneMinute":152134,"stat.damageDealt":21130,"stat.killEntity.Zombie":20,"stat.killEntity.Enderman":2}