{"stat.chestOpened":18,"stat.useItem.minecraft.chain_command_block":4,"stat.useItem.minecraft.sticky_piston":10,"stat.useItem.minecraft.quartz_block":4,"stat.useItem.minecraft.stone":69,"stat.useItem.minecraft.repeater":21,"stat.leaveGame":6,"stat.useItem.minecraft.repeating_command_block":1,"stat.useItem.minecraft.carpet":10,"stat.jump":329,"stat.swimOneCm":5295,"stat.crouchOneCm":3397,"stat.useItem.minecraft.dirt":58,"achievement.exploreAllBiomes":{"value":0,"progress":["Jungle"]},"stat.dropperInspected":3,"stat.useItem.minecraft.stone_brick_stairs":1,"stat.dispenserInspected":10,"stat.pickup.minecraft.planks":1,"stat.useItem.minecraft.anvil":4,"stat.flyOneCm":497369,"stat.pickup.minecraft.quartz_block":1,"stat.useItem.minecraft.wool":8,"stat.timeSinceDeath":25815,"stat.useItem.minecraft.sign":6,"stat.useItem.minecraft.iron_door":2,"stat.useItem.minecraft.command_block":20,"stat.walkOneCm":124760,"stat.trappedChestTriggered":5,"stat.useItem.minecraft.lever":5,"stat.useItem.minecraft.log":4,"stat.useItem.minecraft.comparator":7,"stat.useItem.minecraft.tnt":2,"stat.useItem.minecraft.redstone_block":33,"stat.useItem.minecraft.item_frame":4,"stat.useItem.minecraft.redstone":32,"stat.useItem.minecraft.sea_lantern":8,"stat.useItem.minecraft.written_book":6,"stat.useItem.minecraft.stained_hardened_clay":1,"stat.useItem.minecraft.leaves":43,"stat.useItem.minecraft.stained_glass":108,"stat.sprintOneCm":45795,"stat.useItem.minecraft.stone_slab":6,"achievement.openInventory":111,"stat.useItem.minecraft.barrier":86,"stat.useItem.minecraft.stonebrick":53,"stat.deaths":5,"stat.drop":1,"stat.useItem.minecraft.writable_book":2,"stat.playOneMinute":76744,"stat.sneakTime":2917,"stat.drop.minecraft.quartz_block":1,"stat.diveOneCm":2658}