{"stats":{"minecraft:custom":{"minecraft:interact_with_furnace":20,"minecraft:mob_kills":27,"minecraft:interact_with_crafting_table":6,"minecraft:leave_game":3,"minecraft:time_since_death":117512,"minecraft:sleep_in_bed":2,"minecraft:climb_one_cm":568,"minecraft:time_since_rest":66002,"minecraft:damage_taken":418,"minecraft:sprint_one_cm":223231,"minecraft:walk_one_cm":336939,"minecraft:drop":1,"minecraft:damage_dealt":2215,"minecraft:fly_one_cm":1201113,"minecraft:open_chest":133,"minecraft:crouch_one_cm":6563,"minecraft:play_time":117512,"minecraft:sneak_time":5773,"minecraft:jump":582,"minecraft:interact_with_blast_furnace":37,"minecraft:walk_on_water_one_cm":2438,"minecraft:enchant_item":3,"minecraft:interact_with_smoker":20,"minecraft:total_world_time":118257,"minecraft:fall_one_cm":6189},"minecraft:dropped":{"minecraft:andesite":1},"minecraft:used":{"minecraft:oak_trapdoor":2,"minecraft:wheat_seeds":31,"minecraft:water_bucket":2,"minecraft:iron_bars":3,"minecraft:cobblestone_stairs":7,"minecraft:birch_planks":1,"minecraft:spruce_slab":25,"minecraft:polished_andesite":19,"minecraft:ladder":8,"minecraft:oak_planks":1,"minecraft:oak_sign":1,"minecraft:polished_basalt":67,"minecraft:chest":49,"minecraft:spruce_planks":17,"minecraft:stone":65,"minecraft:iron_sword":20,"minecraft:spruce_fence_gate":8,"minecraft:green_bed":2,"minecraft:cobblestone_slab":75,"minecraft:player_head":4,"minecraft:oak_leaves":27,"minecraft:torch":104,"minecraft:diamond_block":2,"minecraft:dirt":6,"minecraft:sand":11,"minecraft:stripped_dark_oak_log":83,"minecraft:crafting_table":1,"minecraft:spruce_stairs":24,"minecraft:cobblestone_wall":2,"minecraft:granite":9,"minecraft:spruce_fence":13,"minecraft:spruce_log":1,"minecraft:oak_log":1,"minecraft:dark_oak_planks":17,"minecraft:glass":32,"minecraft:stone_brick_slab":13,"minecraft:wooden_hoe":35,"minecraft:diamond_pickaxe":34,"minecraft:iron_axe":1,"minecraft:lime_carpet":9,"minecraft:lantern":15,"minecraft:grass_block":65,"minecraft:iron_pickaxe":1030,"minecraft:spruce_trapdoor":6,"minecraft:gravel":84,"minecraft:stone_bricks":9,"minecraft:green_carpet":36,"minecraft:diamond_sword":11,"minecraft:cobblestone":263,"minecraft:bow":35,"minecraft:andesite":13,"minecraft:netherite_pickaxe":5,"minecraft:birch_log":1,"minecraft:glass_pane":1,"minecraft:gold_block":4,"minecraft:cooked_beef":8,"minecraft:bone_meal":110},"minecraft:picked_up":{"minecraft:crafting_table":1,"minecraft:feather":372,"minecraft:chicken":149,"minecraft:andesite":20,"minecraft:leather":379,"minecraft:enchanted_book":1,"minecraft:gunpowder":230,"minecraft:string":1,"minecraft:lapis_lazuli":115,"minecraft:dirt":10,"minecraft:bone":205,"minecraft:bow":1,"minecraft:wheat_seeds":2,"minecraft:raw_gold":6,"minecraft:beef":369,"minecraft:iron_ingot":4,"minecraft:enchanted_golden_apple":1,"minecraft:raw_iron":164,"minecraft:stone":6,"minecraft:torch":2,"minecraft:dandelion":7,"minecraft:gravel":9,"minecraft:porkchop":168,"minecraft:ink_sac":180,"minecraft:diorite":11,"minecraft:redstone":77,"minecraft:dark_oak_planks":3,"minecraft:coal_ore":28,"minecraft:arrow":203,"minecraft:rotten_flesh":3,"minecraft:granite":20,"minecraft:bread":2,"minecraft:oak_sapling":1,"minecraft:coal":461,"minecraft:cobblestone":268,"minecraft:ender_pearl":206},"minecraft:killed":{"minecraft:pig":1,"minecraft:spider":1,"minecraft:creeper":7,"minecraft:squid":1,"minecraft:skeleton":6,"minecraft:zombie":4,"minecraft:chicken":2,"minecraft:enderman":2,"minecraft:cow":3},"minecraft:mined":{"minecraft:dark_oak_planks":3,"minecraft:crafting_table":1,"minecraft:granite":20,"minecraft:grass_block":4,"minecraft:cobblestone":2,"minecraft:lapis_ore":16,"minecraft:diorite":11,"minecraft:redstone_ore":17,"minecraft:iron_ore":164,"minecraft:andesite":30,"minecraft:coal_ore":498,"minecraft:gravel":9,"minecraft:dirt":5,"minecraft:stone":290,"minecraft:gold_ore":6,"minecraft:oak_leaves":2},"minecraft:broken":{"minecraft:iron_pickaxe":4},"minecraft:crafted":{"minecraft:cooked_beef":177,"minecraft:oak_planks":4,"minecraft:cooked_porkchop":64,"minecraft:leather_leggings":1,"minecraft:leather_boots":1,"minecraft:crafting_table":1,"minecraft:spruce_planks":8,"minecraft:iron_sword":1,"minecraft:furnace":1,"minecraft:leather_helmet":1,"minecraft:air":0,"minecraft:iron_axe":1,"minecraft:stick":28,"minecraft:leather_chestplate":1,"minecraft:iron_ingot":56,"minecraft:iron_pickaxe":3,"minecraft:gold_ingot":6,"minecraft:dark_oak_planks":64,"minecraft:torch":76}},"DataVersion":2730}