{"stats":{"minecraft:custom":{"minecraft:jump":78,"minecraft:open_chest":26,"minecraft:time_since_rest":26062,"minecraft:interact_with_smithing_table":1,"minecraft:crouch_one_cm":652,"minecraft:play_one_minute":26062,"minecraft:leave_game":3,"minecraft:sprint_one_cm":25128,"minecraft:time_since_death":26062,"minecraft:walk_one_cm":18940,"minecraft:sneak_time":1345,"minecraft:climb_one_cm":912,"minecraft:fly_one_cm":801226},"minecraft:used":{"minecraft:torch":35,"minecraft:polished_basalt":1,"minecraft:chest":5,"minecraft:dirt":5,"minecraft:stone":12,"minecraft:cobblestone":3,"minecraft:skeleton_spawn_egg":1,"minecraft:gravel":45}},"DataVersion":2584}