{"stats":{"minecraft:custom":{"minecraft:time_since_rest":90696,"minecraft:open_chest":218,"minecraft:play_one_minute":90696,"minecraft:crouch_one_cm":267,"minecraft:sprint_one_cm":397,"minecraft:walk_one_cm":8171,"minecraft:sneak_time":206,"minecraft:jump":20,"minecraft:damage_dealt":18,"minecraft:leave_game":1,"minecraft:time_since_death":90696,"minecraft:walk_on_water_one_cm":687,"minecraft:fly_one_cm":84311},"minecraft:picked_up":{"minecraft:wheat_seeds":1,"minecraft:player_head":68},"minecraft:used":{"minecraft:torch":16,"minecraft:iron_ore":8,"minecraft:cobblestone":6,"minecraft:grass_block":1,"minecraft:spruce_slab":4,"minecraft:oak_sign":20,"minecraft:chest":187,"minecraft:stone":76,"minecraft:granite":1,"minecraft:player_head":38}},"DataVersion":2584}