{
	"parent": "internal:main_quests/qptrailblazers_beginning/2",
    "display": {
        "title": {
            "text": "                                                                                "
        },
        "description": [
			"",
            {"text": "Go to the village's armory and arm yourself.", "color": "yellow"}
        ],
        "icon": {
            "item": "minecraft:iron_helmet"
        },
        "frame": "task",
        "show_toast": false,
        "announce_to_chat": false,
        "hidden": true,
        "background": "minecraft:textures/gui/advancements/backgrounds/stone.png"
    },
    "criteria": {
        "x": {
            "trigger": "minecraft:impossible"
        }
    }
}