{
	"pools":
	[
		{
			"rolls": 1,
			"entries":
			[
				{
					"type": "item",
					"name": "minecraft:arrow",
					"functions":
					[
						{
							"function": "set_name",
							"name": { "italic": false, "text": "Arrow", "color": "gray", "bold": true }
						},
						{
							"function": "set_lore",
							"lore":
							[
								{ "italic": false, "text": "- A long wooden arrow with an iron head.", "color": "white" },
								{ "italic": false, "text": "- Suitable for most bows.", "color": "white" },
								{ "italic": false, "text": "" }
							]
						},
						{
							"function": "set_nbt",
							"tag": "{HideFlags:2147483647,Unbreakable:1}"
						},
						{
							"function": "set_nbt",
							"tag": "{ItemId:35,CustomModelData:35}"
						}
					]
				}
			]
		}
	]
}