{
	"pools":
	[
		{
			"rolls": 1,
			"entries":
			[
				{
					"type": "item",
					"name": "minecraft:bow",
					"functions":
					[
						{
							"function": "set_name",
							"name": { "italic": false, "text": "Reinforced Bandit Bow", "color": "dark_aqua", "bold": true }
						},
						{
							"function": "set_lore",
							"lore":
							[
								{ "italic": false, "text": "- This bandit bow has been reinforced with horn,", "color": "aqua" },
								{ "italic": false, "text": "  allowing it to be more powerful.", "color": "aqua" },
								{ "italic": false, "text": "" },
								["",{ "italic": false, "text": "Damage", "color": "gray", "bold": true },{ "italic": false, "text": ": ", "color": "gray" },{ "italic": false, "text": "3..13*", "color": "yellow", "bold": true },{ "italic": false, "text": " (", "color": "gray" },{ "italic": false, "text": "13*", "color": "yellow", "bold": true },{ "italic": false, "text": ")", "color": "gray" }],
								{ "italic": false, "text": "" }
							]
						},
						{
							"function": "set_nbt",
							"tag": "{Enchantments:[{id:\"minecraft:power\",lvl:1s}]}"
						},
						{
							"function": "set_nbt",
							"tag": "{HideFlags:2147483647,Unbreakable:1}"
						},
						{
							"function": "set_nbt",
							"tag": "{ItemId:31,CustomModelData:31}"
						}
					]
				}
			]
		}
	]
}