{
	"pools":
	[
		{
			"rolls": 1,
			"entries":
			[
				{
					"type": "item",
					"name": "minecraft:bow",
					"functions":
					[
						{
							"function": "set_name",
							"name": { "italic": false, "text": "Bandit Bow", "color": "dark_blue", "bold": true }
						},
						{
							"function": "set_lore",
							"lore":
							[
								{ "italic": false, "text": "- A simple shortbow made from yew.", "color": "blue" },
								{ "italic": false, "text": "- This one was used by a bandit archer.", "color": "blue" },
								{ "italic": false, "text": "" },
								["",{ "italic": false, "text": "Damage", "color": "gray", "bold": true },{ "italic": false, "text": ": ", "color": "gray" },{ "italic": false, "text": "2..10*", "color": "yellow", "bold": true },{ "italic": false, "text": " (", "color": "gray" },{ "italic": false, "text": "10*", "color": "yellow", "bold": true },{ "italic": false, "text": ")", "color": "gray" }],
								{ "italic": false, "text": "" }
							]
						},
						{
							"function": "set_nbt",
							"tag": "{Enchantments:[{id:\"minecraft:power\",lvl:0s}]}"
						},
						{
							"function": "set_nbt",
							"tag": "{HideFlags:2147483647,Unbreakable:1}"
						},
						{
							"function": "set_nbt",
							"tag": "{ItemId:30,CustomModelData:30}"
						}
					]
				}
			]
		}
	]
}