{
	"pools":
	[
		{
			"rolls": 1,
			"entries":
			[
				{
					"type": "item",
					"name": "minecraft:iron_pickaxe",
					"functions":
					[
						{
							"function": "set_name",
							"name": { "italic": false, "text": "Basalt Breaker", "color": "dark_aqua", "bold": true }
						},
						{
							"function": "set_lore",
							"lore":
							[
								{ "italic": false, "text": "<> Can be used to mine Basalt.", "color": "dark_aqua" },
								{ "italic": false, "text": "- A hardened steel pickaxe.", "color": "aqua" },
								{ "italic": false, "text": "" },
								["",{ "italic": false, "text": "Damage", "color": "gray", "bold": true },{ "italic": false, "text": ": ", "color": "gray" },{ "italic": false, "text": "3", "color": "yellow", "bold": true },{ "italic": false, "text": " (", "color": "gray" },{ "italic": false, "text": "3", "color": "yellow", "bold": true },{ "italic": false, "text": ")", "color": "gray" }],
								["",{ "italic": false, "text": "Speed", "color": "gray", "bold": true },{ "italic": false, "text": ": ", "color": "gray" },{ "italic": false, "text": "-3", "color": "yellow", "bold": true },{ "italic": false, "text": " (", "color": "gray" },{ "italic": false, "text": "-3", "color": "yellow", "bold": true },{ "italic": false, "text": ")", "color": "gray" }],
								{ "italic": false, "text": "" }
							]
						},
						{
							"function": "set_attributes",
							"modifiers":
							[
								{
									"amount": 3,
									"slot": "mainhand",
									"name": "generic.attack_damage",
									"attribute": "generic.attack_damage",
									"operation": "addition"
								},
								{
									"amount": -3.0,
									"slot": "mainhand",
									"name": "generic.attack_speed",
									"attribute": "generic.attack_speed",
									"operation": "addition"
								}
							]
						},
						{
							"function": "set_nbt",
							"tag": "{Damage:240,CanDestroy:[\"minecraft:basalt\"]}"
						},
						{
							"function": "set_nbt",
							"tag": "{HideFlags:2147483647}"
						},
						{
							"function": "set_nbt",
							"tag": "{ItemId:50,CustomModelData:50}"
						}
					]
				}
			]
		}
	]
}