{
	"pools":
	[
		{
			"rolls": 1,
			"entries":
			[
				{
					"type": "item",
					"name": "minecraft:basalt",
					"functions":
					[
						{
							"function": "set_name",
							"name": { "italic": false, "text": "Basalt", "color": "gray", "bold": true }
						},
						{
							"function": "set_lore",
							"lore":
							[
								{ "italic": false, "text": "<> Can be placed on Basalt.", "color": "gray" },
								{ "italic": false, "text": "<> Can be placed on Smooth Basalt.", "color": "gray" },
								{ "italic": false, "text": "- A hard and resistant volcanic rock, often used to", "color": "white" },
								{ "italic": false, "text": "  build barricades.", "color": "white" },
								{ "italic": false, "text": "" }
							]
						},
						{
							"function": "set_nbt",
							"tag": "{CanPlaceOn:[\"minecraft:basalt\",\"minecraft:smooth_basalt\"]}"
						},
						{
							"function": "set_nbt",
							"tag": "{HideFlags:2147483647}"
						},
						{
							"function": "set_nbt",
							"tag": "{ItemId:51,CustomModelData:51}"
						}
					]
				}
			]
		}
	]
}