{
	"pools":
	[
		{
			"rolls": 1,
			"entries":
			[
				{
					"type": "item",
					"name": "minecraft:bone",
					"functions":
					[
						{
							"function": "set_name",
							"name": { "italic": false, "text": "Bones", "color": "gray", "bold": true }
						},
						{
							"function": "set_lore",
							"lore":
							[
								{ "italic": false, "text": "- An assortment of bones from an unknown creature.", "color": "white" },
								{ "italic": false, "text": "" }
							]
						},
						{
							"function": "set_nbt",
							"tag": "{HideFlags:2147483647,Unbreakable:1}"
						},
						{
							"function": "set_nbt",
							"tag": "{ItemId:25,CustomModelData:25}"
						}
					]
				}
			]
		}
	]
}