{
	"pools":
	[
		{
			"rolls": 1,
			"entries":
			[
				{
					"type": "item",
					"name": "minecraft:emerald",
					"functions":
					[
						{
							"function": "set_name",
							"name": { "italic": false, "text": "Heavy-Duty Key", "color": "dark_purple", "bold": true }
						},
						{
							"function": "set_lore",
							"lore":
							[
								{ "italic": false, "text": "<> #0-0-1", "color": "dark_purple" },
								{ "italic": false, "text": "- A key to the cellar door.", "color": "light_purple" },
								{ "italic": false, "text": "" }
							]
						},
						{
							"function": "set_nbt",
							"tag": "{HideFlags:2147483647,Unbreakable:1}"
						},
						{
							"function": "set_nbt",
							"tag": "{ItemId:20,CustomModelData:20}"
						}
					]
				}
			]
		}
	]
}