{
	"pools":
	[
		{
			"rolls": 1,
			"entries":
			[
				{
					"type": "item",
					"name": "minecraft:emerald",
					"functions":
					[
						{
							"function": "set_name",
							"name": { "italic": false, "text": "Key to the Storage Shed", "color": "dark_purple", "bold": true }
						},
						{
							"function": "set_lore",
							"lore":
							[
								{ "italic": false, "text": "<> #0-1-1", "color": "dark_purple" },
								{ "italic": false, "text": "- This key opens the door to the storage shed", "color": "light_purple" },
								{ "italic": false, "text": "  north of Hallmund's house.", "color": "light_purple" },
								{ "italic": false, "text": "" }
							]
						},
						{
							"function": "set_nbt",
							"tag": "{HideFlags:2147483647,Unbreakable:1}"
						},
						{
							"function": "set_nbt",
							"tag": "{ItemId:20,CustomModelData:20}"
						}
					]
				}
			]
		}
	]
}