{
	"pools":
	[
		{
			"rolls": 1,
			"entries":
			[
				{
					"type": "item",
					"name": "minecraft:paper",
					"functions":
					[
						{
							"function": "set_name",
							"name": { "italic": false, "text": "Letter from Max Aero", "color": "dark_purple", "bold": true }
						},
						{
							"function": "set_lore",
							"lore":
							[
								{ "italic": false, "text": "- Dear Hallmund.", "color": "light_purple" },
								{ "italic": false, "text": "- I hope this letter finds you in good health and", "color": "light_purple" },
								{ "italic": false, "text": "  high spirits.", "color": "light_purple" },
								{ "italic": false, "text": "- I find myself in a dire situation that I cannot", "color": "light_purple" },
								{ "italic": false, "text": "  ignore any longer. The bandits I mentioned last", "color": "light_purple" },
								{ "italic": false, "text": "  week have attacked again, this time in even", "color": "light_purple" },
								{ "italic": false, "text": "  greater numbers.", "color": "light_purple" },
								{ "italic": false, "text": "- I write to you as a neighbor, and more", "color": "light_purple" },
								{ "italic": false, "text": "  importantly, as a friend, to urgently request your", "color": "light_purple" },
								{ "italic": false, "text": "  assistance.", "color": "light_purple" },
								{ "italic": false, "text": "- Me and my brother stand as the last line of", "color": "light_purple" },
								{ "italic": false, "text": "  defence between these marauders and your", "color": "light_purple" },
								{ "italic": false, "text": "  home. My resources are dwindling, and I fear", "color": "light_purple" },
								{ "italic": false, "text": "  that I won't be able to hold them off for much", "color": "light_purple" },
								{ "italic": false, "text": "  longer.", "color": "light_purple" },
								{ "italic": false, "text": "- I plead to you, my dear friend, to gather any help", "color": "light_purple" },
								{ "italic": false, "text": "  you can and come to my aid. The safety of our", "color": "light_purple" },
								{ "italic": false, "text": "  homes depends on it.", "color": "light_purple" },
								{ "italic": false, "text": "" }
							]
						},
						{
							"function": "set_nbt",
							"tag": "{HideFlags:2147483647,Unbreakable:1}"
						},
						{
							"function": "set_nbt",
							"tag": "{ItemId:23,CustomModelData:23}"
						}
					]
				}
			]
		}
	]
}