{
	"pools":
	[
		{
			"rolls": 1,
			"entries":
			[
				{
					"type": "item",
					"name": "minecraft:porkchop",
					"functions":
					[
						{
							"function": "set_name",
							"name": { "italic": false, "text": "Salted Pork", "color": "dark_gray", "bold": true }
						},
						{
							"function": "set_lore",
							"lore":
							[
								{ "italic": false, "text": "- Meat preserved with a lot of salt.", "color": "gray" },
								{ "italic": false, "text": "- Boil twice to rejuvenate.", "color": "gray" },
								{ "italic": false, "text": "" },
								["",{ "italic": false, "text": "Food", "color": "gray", "bold": true },{ "italic": false, "text": ": ", "color": "gray" },{ "italic": false, "text": "3", "color": "yellow", "bold": true }],
								{ "italic": false, "text": "" }
							]
						},
						{
							"function": "set_nbt",
							"tag": "{HideFlags:2147483647,Unbreakable:1}"
						},
						{
							"function": "set_nbt",
							"tag": "{ItemId:52,CustomModelData:52}"
						}
					]
				}
			]
		}
	]
}