{
	"pools":
	[
		{
			"rolls": 1,
			"entries":
			[
				{
					"type": "item",
					"name": "minecraft:wooden_sword",
					"functions":
					[
						{
							"function": "set_name",
							"name": { "italic": false, "text": "Sharpened Stick", "color": "dark_gray", "bold": true }
						},
						{
							"function": "set_lore",
							"lore":
							[
								{ "italic": false, "text": "- A long sharpened stick can make for a makeshift", "color": "gray" },
								{ "italic": false, "text": "  weapon, if nothing else is available.", "color": "gray" },
								{ "italic": false, "text": "" },
								["",{ "italic": false, "text": "Damage", "color": "gray", "bold": true },{ "italic": false, "text": ": ", "color": "gray" },{ "italic": false, "text": "2", "color": "yellow", "bold": true },{ "italic": false, "text": " (", "color": "gray" },{ "italic": false, "text": "2", "color": "yellow", "bold": true },{ "italic": false, "text": ")", "color": "gray" }],
								["",{ "italic": false, "text": "Speed", "color": "gray", "bold": true },{ "italic": false, "text": ": ", "color": "gray" },{ "italic": false, "text": "-2", "color": "yellow", "bold": true },{ "italic": false, "text": " (", "color": "gray" },{ "italic": false, "text": "-2", "color": "yellow", "bold": true },{ "italic": false, "text": ")", "color": "gray" }],
								{ "italic": false, "text": "" }
							]
						},
						{
							"function": "set_attributes",
							"modifiers":
							[
								{
									"amount": 2,
									"slot": "mainhand",
									"name": "generic.attack_damage",
									"attribute": "generic.attack_damage",
									"operation": "addition"
								},
								{
									"amount": -2.0,
									"slot": "mainhand",
									"name": "generic.attack_speed",
									"attribute": "generic.attack_speed",
									"operation": "addition"
								}
							]
						},
						{
							"function": "set_nbt",
							"tag": "{HideFlags:2147483647,Unbreakable:1}"
						},
						{
							"function": "set_nbt",
							"tag": "{ItemId:43,CustomModelData:43}"
						}
					]
				}
			]
		}
	]
}