{
	"pools":
	[
		{
			"rolls": 1,
			"entries":
			[
				{
					"type": "item",
					"name": "minecraft:paper",
					"functions":
					[
						{
							"function": "set_name",
							"name": { "italic": false, "text": "Unknown Note", "color": "gray", "bold": true }
						},
						{
							"function": "set_lore",
							"lore":
							[
								{ "italic": false, "text": "- I copied the key to the bandit camp, and hid it in the back.", "color": "white" },
								{ "italic": false, "text": "- Watch out where you stand.", "color": "white" },
							]
						},
						{
							"function": "set_nbt",
							"tag": "{HideFlags:2147483647,Unbreakable:1}"
						},
						{
							"function": "set_nbt",
							"tag": "{ItemId:22,CustomModelData:22}"
						}
					]
				}
			]
		}
	]
}