{
	"pools":
	[
		{
			"rolls": 1,
			"entries":
			[
				{
					"type": "item",
					"name": "minecraft:wooden_sword",
					"functions":
					[
						{
							"function": "set_name",
							"name": { "italic": false, "text": "Warped Wooden Sword", "color": "gray", "bold": true }
						},
						{
							"function": "set_lore",
							"lore":
							[
								{ "italic": false, "text": "- A significant twist is visible in the blade of this", "color": "white" },
								{ "italic": false, "text": "  wooden sword.", "color": "white" },
								{ "italic": false, "text": "" },
								["",{ "italic": false, "text": "Damage", "color": "gray", "bold": true },{ "italic": false, "text": ": ", "color": "gray" },{ "italic": false, "text": "4", "color": "yellow", "bold": true },{ "italic": false, "text": " (", "color": "gray" },{ "italic": false, "text": "3", "color": "red", "bold": true },{ "italic": false, "text": ")", "color": "gray" }],
								["",{ "italic": false, "text": " Damaged: ", "color": "gray" },{ "italic": false, "text": "-1", "color": "red" }],
								["",{ "italic": false, "text": "Speed", "color": "gray", "bold": true },{ "italic": false, "text": ": ", "color": "gray" },{ "italic": false, "text": "-2", "color": "yellow", "bold": true },{ "italic": false, "text": " (", "color": "gray" },{ "italic": false, "text": "-2", "color": "yellow", "bold": true },{ "italic": false, "text": ")", "color": "gray" }],
								{ "italic": false, "text": "" }
							]
						},
						{
							"function": "set_attributes",
							"modifiers":
							[
								{
									"amount": 4,
									"slot": "mainhand",
									"name": "generic.attack_damage",
									"attribute": "generic.attack_damage",
									"operation": "addition"
								},
								{
									"amount": -2.0,
									"slot": "mainhand",
									"name": "generic.attack_speed",
									"attribute": "generic.attack_speed",
									"operation": "addition"
								}
							]
						},
						{
							"function": "set_attributes",
							"modifiers":
							[
								{
									"amount": -1,
									"slot": "mainhand",
									"name": "generic.attack_damage",
									"attribute": "generic.attack_damage",
									"operation": "addition"
								}
							]
						},
						{
							"function": "set_nbt",
							"tag": "{HideFlags:2147483647,Unbreakable:1}"
						},
						{
							"function": "set_nbt",
							"tag": "{ItemId:26,CustomModelData:26}"
						}
					]
				}
			]
		}
	]
}