{
	"pools":
	[
		{
			"rolls": 1,
			"entries":
			[
				{
					"type": "item",
					"name": "minecraft:leather_leggings",
					"functions":
					[
						{
							"function": "set_name",
							"name": { "italic": false, "text": "Worn Pants", "color": "dark_gray", "bold": true }
						},
						{
							"function": "set_lore",
							"lore":
							[
								{ "italic": false, "text": "- Lightly worn pants. They're a pretty typical piece", "color": "gray" },
								{ "italic": false, "text": "  of clothing in Hemoor.", "color": "gray" },
								{ "italic": false, "text": "" },
								["",{ "italic": false, "text": "Defence", "color": "gray", "bold": true },{ "italic": false, "text": ": ", "color": "gray" },{ "italic": false, "text": "1", "color": "yellow", "bold": true },{ "italic": false, "text": " (", "color": "gray" },{ "italic": false, "text": "0", "color": "red", "bold": true },{ "italic": false, "text": ")", "color": "gray" }],
								["",{ "italic": false, "text": " Used: ", "color": "gray" },{ "italic": false, "text": "-1", "color": "red" }],
								{ "italic": false, "text": "" }
							]
						},
						{
							"function": "set_attributes",
							"modifiers":
							[
								{
									"amount": 0,
									"slot": "legs",
									"name": "generic.armor",
									"attribute": "generic.armor",
									"operation": "addition"
								}
							]
						},
						{
							"function": "set_nbt",
							"tag": "{display:{color:10329495}}"
						},
						{
							"function": "set_nbt",
							"tag": "{HideFlags:2147483647,Unbreakable:1}"
						},
						{
							"function": "set_nbt",
							"tag": "{ItemId:2,CustomModelData:2}"
						}
					]
				}
			]
		}
	]
}