{"stats":{"minecraft:custom":{"minecraft:time_since_rest":23923,"minecraft:open_chest":54,"minecraft:crouch_one_cm":465,"minecraft:sprint_one_cm":5616,"minecraft:play_time":23923,"minecraft:walk_one_cm":10680,"minecraft:sneak_time":335,"minecraft:jump":20,"minecraft:leave_game":16,"minecraft:time_since_death":23923,"minecraft:walk_on_water_one_cm":60,"minecraft:total_world_time":33397,"minecraft:fly_one_cm":60521},"minecraft:picked_up":{"minecraft:wheat_seeds":1},"minecraft:used":{"minecraft:stone_brick_slab":5,"minecraft:cobblestone_stairs":5,"minecraft:cobblestone":3,"minecraft:tall_grass":2,"minecraft:oak_slab":6,"minecraft:command_block":1,"minecraft:grass_block":22,"minecraft:oak_planks":9,"minecraft:oak_sign":3,"minecraft:chest":10,"minecraft:stone":94,"minecraft:coarse_dirt":5,"minecraft:grass":2,"minecraft:cobblestone_slab":13,"minecraft:player_head":13}},"DataVersion":2865}