{"stats":{"minecraft:custom":{"minecraft:time_since_rest":48369,"minecraft:open_chest":108,"minecraft:crouch_one_cm":958,"minecraft:sprint_one_cm":7027,"minecraft:play_time":48369,"minecraft:walk_one_cm":22568,"minecraft:sneak_time":674,"minecraft:jump":35,"minecraft:leave_game":17,"minecraft:walk_on_water_one_cm":283,"minecraft:time_since_death":48369,"minecraft:total_world_time":59312,"minecraft:fly_one_cm":100847},"minecraft:picked_up":{"minecraft:wheat_seeds":1,"minecraft:player_head":16},"minecraft:used":{"minecraft:stone_brick_slab":5,"minecraft:cobblestone":3,"minecraft:cobblestone_stairs":5,"minecraft:hay_block":4,"minecraft:crafting_table":1,"minecraft:tall_grass":2,"minecraft:oak_slab":6,"minecraft:command_block":4,"minecraft:lantern":1,"minecraft:furnace":1,"minecraft:grass_block":22,"minecraft:cobblestone_wall":6,"minecraft:oak_planks":9,"minecraft:oak_sign":3,"minecraft:chest":12,"minecraft:stone":94,"minecraft:coarse_dirt":5,"minecraft:grass":2,"minecraft:cobblestone_slab":13,"minecraft:player_head":23}},"DataVersion":2865}