{"stats":{"minecraft:dropped":{"minecraft:bone":1},"minecraft:used":{"minecraft:stone_brick_slab":5,"minecraft:lever":1,"minecraft:dirt":3,"minecraft:cobblestone_stairs":9,"minecraft:cobblestone":29,"minecraft:command_block":9,"minecraft:hay_block":4,"minecraft:tall_grass":2,"minecraft:oak_slab":6,"minecraft:crafting_table":1,"minecraft:furnace":1,"minecraft:lantern":1,"minecraft:grass_block":27,"minecraft:cobblestone_wall":6,"minecraft:oak_planks":9,"minecraft:oak_sign":3,"minecraft:white_concrete_powder":51,"minecraft:chest":14,"minecraft:stone":95,"minecraft:coarse_dirt":5,"minecraft:grass":9,"minecraft:cobblestone_slab":14,"minecraft:player_head":65},"minecraft:picked_up":{"minecraft:bone":1,"minecraft:wheat_seeds":1,"minecraft:player_head":16},"minecraft:custom":{"minecraft:time_since_rest":97827,"minecraft:open_chest":146,"minecraft:crouch_one_cm":1730,"minecraft:sprint_one_cm":11725,"minecraft:play_time":97827,"minecraft:walk_one_cm":37510,"minecraft:sneak_time":1141,"minecraft:drop":1,"minecraft:jump":63,"minecraft:walk_on_water_one_cm":1070,"minecraft:leave_game":21,"minecraft:time_since_death":97827,"minecraft:total_world_time":116564,"minecraft:fly_one_cm":124648}},"DataVersion":2865}