{"stats":{"minecraft:used":{"minecraft:stone_brick_slab":5,"minecraft:dirt":2,"minecraft:cobblestone":29,"minecraft:cobblestone_stairs":9,"minecraft:command_block":4,"minecraft:hay_block":4,"minecraft:tall_grass":2,"minecraft:oak_slab":6,"minecraft:crafting_table":1,"minecraft:furnace":1,"minecraft:lantern":1,"minecraft:grass_block":27,"minecraft:cobblestone_wall":6,"minecraft:oak_planks":9,"minecraft:oak_sign":3,"minecraft:white_concrete_powder":51,"minecraft:chest":14,"minecraft:stone":94,"minecraft:coarse_dirt":5,"minecraft:grass":9,"minecraft:cobblestone_slab":14,"minecraft:player_head":33},"minecraft:picked_up":{"minecraft:wheat_seeds":1,"minecraft:player_head":16},"minecraft:custom":{"minecraft:time_since_rest":52209,"minecraft:open_chest":110,"minecraft:crouch_one_cm":1071,"minecraft:sprint_one_cm":7027,"minecraft:play_time":52209,"minecraft:walk_one_cm":23820,"minecraft:sneak_time":807,"minecraft:jump":40,"minecraft:leave_game":18,"minecraft:walk_on_water_one_cm":283,"minecraft:time_since_death":52209,"minecraft:total_world_time":63209,"minecraft:fly_one_cm":106500}},"DataVersion":2865}