{
	"parent": "internal:qm_the_bandits_lair/_root",
    "display": {
        "title": {
            "text": "                                                                                "
        },
        "description": [
			"",
            {"text": "Ask Alvid Falstad how to get inside the bandit camp.", "color": "yellow"}
        ],
        "icon": {
            "item": "minecraft:observer"
        },
        "frame": "task",
        "show_toast": false,
        "announce_to_chat": false,
        "hidden": true,
        "background": "minecraft:textures/gui/advancements/backgrounds/qm.png"
    },
    "criteria": {
        "x": {
            "trigger": "minecraft:impossible"
        }
    }
}