{
	"parent": "internal:qm_the_bandits_lair/2",
    "display": {
        "title": {
            "text": "                                                                                "
        },
        "description": [
			"",
            {"text": "Find the key to the Bandit camp.", "color": "yellow"},
            {"text": "\n\nAlvid Falstad said he saw a bandit hide something in a large oak tree far east of Max's house.", "color": "gold"}
        ],
        "icon": {
            "item": "minecraft:spyglass"
        },
        "frame": "task",
        "show_toast": false,
        "announce_to_chat": false,
        "hidden": true,
        "background": "minecraft:textures/gui/advancements/backgrounds/qm.png"
    },
    "criteria": {
        "x": {
            "trigger": "minecraft:impossible"
        }
    }
}