{
	"pools":
	[
		{
			"rolls": 1,
			"entries":
			[
				{
					"type": "item",
					"name": "minecraft:leather_chestplate",
					"functions":
					[
						{
							"function": "set_attributes",
							"modifiers":
							[
								{
									"amount": 3,
									"slot": "chest",
									"name": "generic.armor",
									"attribute": "generic.armor",
									"operation": "addition"
								}
							]
						},
						{
							"function": "set_name",
							"name": { "italic": false, "text": "Leather Tunic", "color": "gray", "bold": true }
						},
						{
							"function": "set_lore",
							"lore":
							[
								{ "italic": false, "text": "A trusty wooden sword. Good for training.", "color": "white" },
								{ "italic": false, "text": "" },
								["",{ "italic": false, "text": "Armor", "color": "gray", "bold": true },{ "italic": false, "text": ": ", "color": "gray" },{ "italic": false, "text": "3", "color": "yellow", "bold": true },{ "italic": false, "text": " (", "color": "gray" },{ "italic": false, "text": "3", "color": "yellow", "bold": true },{ "italic": false, "text": ")", "color": "gray" }],
								{ "italic": false, "text": "" }]
						},
						{
							"function": "set_nbt",
							"tag": "{HideFlags:2147483647,Unbreakable:1}"
						},
						{
							"function": "set_nbt",
							"tag": "{ItemId:2001,CustomModelData:2001}"
						}
					]
				}
			]
		}
	]
}