{
	"pools": [
		{
			"rolls": 1,
			"entries": [
				{
					"type": "item",
					"name": "minecraft:leather_boots",
					"functions": [
						{
							"function": "set_attributes",
							"modifiers": [
								{
									"amount": 2,
									"slot": "feet",
									"name": "Armor",
									"attribute": "generic.armor",
									"operation": "addition"
								}
							]
						},
						{
							"function": "set_nbt",
							"tag": "{display:{Name:\"\\\"§f§lWzm. skórzane buty\\\"\",Lore:[\"\",\"§6Ochrona: §e§l2\"],color:9718579},Unbreakable:1,HideFlags:63}"
						}
					]
				}
			]
		}
	]
}