{
	"pools": 
	[
		{
			"rolls": 1,
			"entries": 
			[
				{
					"type": "loot_table",
					"weight": 1,
					"name": "internal:items/letter_from_max_aero_1"
				}
			]
		},
		{
			"rolls": 1,
			"entries": 
			[
				{
					"type": "loot_table",
					"weight": 1,
					"name": "internal:items/sharpened_stick"
				}
			]
		},
		{
			"rolls":
			{
				"min": 1, "max": 2
			},
			"entries": 
			[
				{
					"type": "loot_table",
					"weight": 1,
					"name": "internal:items/bread"
				}
			]
		}
	]
}