{
	"pools": 
	[
		{
			"rolls":
			{
				"min": 1, "max": 2
			},
			"entries": 
			[
				{
					"type": "loot_table",
					"weight": 1,
					"name": "internal:items/bread"
				}
			]
		},
		{
			"rolls": 1,
			"entries": 
			[
				{
					"type": "loot_table",
					"weight": 1,
					"name": "internal:items/leather_tunic"
				}
			]
		},
		{
			"rolls": 1,
			"entries": 
			[
				{
					"type": "loot_table",
					"weight": 1,
					"name": "internal:items/leather_pants"
				}
			]
		},
		{
			"rolls": 1,
			"entries": 
			[
				{
					"type": "loot_table",
					"weight": 1,
					"name": "internal:items/key_1_1_1"
				}
			]
		}
	]
}