{
	"pools": 
	[
		{
			"rolls":
			{
				"min": 1, "max": 5
			},
			"entries": 
			[
				{
					"type": "loot_table",
					"weight": 1,
					"name": "internal:items/wheat"
				}
			]
		},
		{
			"rolls":
			{
				"min": 1, "max": 3
			},
			"entries": 
			[
				{
					"type": "loot_table",
					"weight": 1,
					"name": "internal:items/bread"
				}
			]
		},
		{
			"rolls": 1,
			"entries": 
			[
				{
					"type": "loot_table",
					"weight": 1,
					"name": "internal:items/apple"
				}
			]
		}
	]
}