{
	"pools": 
	[
		{
			"rolls":
			{
				"min": 2, "max": 4
			},
			"entries": 
			[
				{
					"type": "loot_table",
					"weight": 1,
					"name": "internal:items/bread"
				}
			]
		},
		{
			"rolls": 1,
			"entries": 
			[
				{
					"type": "loot_table",
					"weight": 1,
					"name": "internal:items/worn_hat"
				},
				{
					"type": "loot_table",
					"weight": 1,
					"name": "internal:items/worn_tunic"
				}
			]
		},
		{
			"rolls": 1,
			"entries": 
			[
				{
					"type": "loot_table",
					"weight": 1,
					"name": "internal:items/worn_pants"
				},
				{
					"type": "loot_table",
					"weight": 1,
					"name": "internal:items/worn_shoes"
				}
			]
		}
	]
}